offset_dec,offset_hex,byte_dec,byte_hex,ascii
0,000000,170,AA,
1,000001,245,F5,
2,000002,3,03,
3,000003,22,16,
4,000004,52,34,4
5,000005,110,6E,n
6,000006,52,34,4
7,000007,96,60,`
8,000008,0,00,
9,000009,0,00,
10,00000A,10,0A,
11,00000B,76,4C,L
12,00000C,52,34,4
13,00000D,110,6E,n
14,00000E,53,35,5
15,00000F,160,A0,
16,000010,0,00,
17,000011,0,00,
18,000012,10,0A,
19,000013,78,4E,N
20,000014,52,34,4
21,000015,110,6E,n
22,000016,54,36,6
23,000017,224,E0,
24,000018,0,00,
25,000019,0,00,
26,00001A,10,0A,
27,00001B,80,50,P
28,00001C,52,34,4
29,00001D,110,6E,n
30,00001E,56,38,8
31,00001F,160,A0,
32,000020,0,00,
33,000021,0,00,
34,000022,10,0A,
35,000023,82,52,R
36,000024,52,34,4
37,000025,110,6E,n
38,000026,57,39,9
39,000027,224,E0,
40,000028,0,00,
41,000029,0,00,
42,00002A,10,0A,
43,00002B,85,55,U
44,00002C,52,34,4
45,00002D,110,6E,n
46,00002E,59,3B,;
47,00002F,32,20, 
48,000030,0,00,
49,000031,0,00,
50,000032,10,0A,
51,000033,87,57,W
52,000034,52,34,4
53,000035,110,6E,n
54,000036,60,3C,<
55,000037,96,60,`
56,000038,0,00,
57,000039,0,00,
58,00003A,10,0A,
59,00003B,89,59,Y
60,00003C,52,34,4
61,00003D,110,6E,n
62,00003E,61,3D,=
63,00003F,160,A0,
64,000040,0,00,
65,000041,0,00,
66,000042,10,0A,
67,000043,91,5B,[
68,000044,52,34,4
69,000045,110,6E,n
70,000046,62,3E,>
71,000047,224,E0,
72,000048,0,00,
73,000049,0,00,
74,00004A,10,0A,
75,00004B,93,5D,]
76,00004C,52,34,4
77,00004D,110,6E,n
78,00004E,64,40,@
79,00004F,160,A0,
80,000050,0,00,
81,000051,0,00,
82,000052,10,0A,
83,000053,95,5F,_
84,000054,52,34,4
85,000055,110,6E,n
86,000056,65,41,A
87,000057,224,E0,
88,000058,0,00,
89,000059,0,00,
90,00005A,10,0A,
91,00005B,97,61,a
92,00005C,52,34,4
93,00005D,110,6E,n
94,00005E,67,43,C
95,00005F,32,20, 
96,000060,0,00,
97,000061,0,00,
98,000062,10,0A,
99,000063,100,64,d
100,000064,52,34,4
101,000065,110,6E,n
102,000066,68,44,D
103,000067,96,60,`
104,000068,0,00,
105,000069,0,00,
106,00006A,10,0A,
107,00006B,102,66,f
108,00006C,52,34,4
109,00006D,110,6E,n
110,00006E,69,45,E
111,00006F,160,A0,
112,000070,0,00,
113,000071,0,00,
114,000072,10,0A,
115,000073,104,68,h
116,000074,52,34,4
117,000075,110,6E,n
118,000076,70,46,F
119,000077,224,E0,
120,000078,0,00,
121,000079,0,00,
122,00007A,10,0A,
123,00007B,106,6A,j
124,00007C,52,34,4
125,00007D,110,6E,n
126,00007E,72,48,H
127,00007F,160,A0,
128,000080,0,00,
129,000081,0,00,
130,000082,10,0A,
131,000083,108,6C,l
132,000084,52,34,4
133,000085,110,6E,n
134,000086,73,49,I
135,000087,224,E0,
136,000088,0,00,
137,000089,0,00,
138,00008A,10,0A,
139,00008B,110,6E,n
140,00008C,52,34,4
141,00008D,110,6E,n
142,00008E,75,4B,K
143,00008F,32,20, 
144,000090,0,00,
145,000091,0,00,
146,000092,10,0A,
147,000093,112,70,p
148,000094,52,34,4
149,000095,110,6E,n
150,000096,76,4C,L
151,000097,96,60,`
152,000098,0,00,
153,000099,0,00,
154,00009A,10,0A,
155,00009B,114,72,r
156,00009C,52,34,4
157,00009D,110,6E,n
158,00009E,77,4D,M
159,00009F,160,A0,
160,0000A0,0,00,
161,0000A1,0,00,
162,0000A2,10,0A,
163,0000A3,117,75,u
164,0000A4,52,34,4
165,0000A5,110,6E,n
166,0000A6,78,4E,N
167,0000A7,224,E0,
168,0000A8,0,00,
169,0000A9,0,00,
170,0000AA,10,0A,
171,0000AB,118,76,v
172,0000AC,52,34,4
173,0000AD,110,6E,n
174,0000AE,80,50,P
175,0000AF,160,A0,
176,0000B0,0,00,
177,0000B1,0,00,
178,0000B2,10,0A,
179,0000B3,121,79,y
180,0000B4,52,34,4
181,0000B5,110,6E,n
182,0000B6,81,51,Q
183,0000B7,224,E0,
184,0000B8,0,00,
185,0000B9,0,00,
186,0000BA,10,0A,
187,0000BB,123,7B,{
188,0000BC,52,34,4
189,0000BD,110,6E,n
190,0000BE,83,53,S
191,0000BF,32,20, 
192,0000C0,0,00,
193,0000C1,0,00,
194,0000C2,10,0A,
195,0000C3,125,7D,}
196,0000C4,52,34,4
197,0000C5,110,6E,n
198,0000C6,84,54,T
199,0000C7,96,60,`
200,0000C8,0,00,
201,0000C9,0,00,
202,0000CA,10,0A,
203,0000CB,128,80,
204,0000CC,52,34,4
205,0000CD,110,6E,n
206,0000CE,85,55,U
207,0000CF,160,A0,
208,0000D0,0,00,
209,0000D1,0,00,
210,0000D2,10,0A,
211,0000D3,130,82,
212,0000D4,52,34,4
213,0000D5,110,6E,n
214,0000D6,86,56,V
215,0000D7,224,E0,
216,0000D8,0,00,
217,0000D9,0,00,
218,0000DA,10,0A,
219,0000DB,132,84,
220,0000DC,52,34,4
221,0000DD,110,6E,n
222,0000DE,88,58,X
223,0000DF,160,A0,
224,0000E0,0,00,
225,0000E1,0,00,
226,0000E2,10,0A,
227,0000E3,134,86,
228,0000E4,52,34,4
229,0000E5,110,6E,n
230,0000E6,89,59,Y
231,0000E7,224,E0,
232,0000E8,0,00,
233,0000E9,0,00,
234,0000EA,10,0A,
235,0000EB,136,88,
236,0000EC,52,34,4
237,0000ED,110,6E,n
238,0000EE,91,5B,[
239,0000EF,32,20, 
240,0000F0,0,00,
241,0000F1,0,00,
242,0000F2,10,0A,
243,0000F3,138,8A,
244,0000F4,66,42,B
245,0000F5,85,55,U
246,0000F6,170,AA,
247,0000F7,245,F5,
248,0000F8,3,03,
249,0000F9,23,17,
250,0000FA,52,34,4
251,0000FB,110,6E,n
252,0000FC,92,5C,\
253,0000FD,128,80,
254,0000FE,0,00,
255,0000FF,0,00,
256,000100,10,0A,
257,000101,141,8D,
258,000102,52,34,4
259,000103,110,6E,n
260,000104,93,5D,]
261,000105,192,C0,
262,000106,0,00,
263,000107,0,00,
264,000108,10,0A,
265,000109,143,8F,
266,00010A,52,34,4
267,00010B,110,6E,n
268,00010C,95,5F,_
269,00010D,0,00,
270,00010E,0,00,
271,00010F,0,00,
272,000110,10,0A,
273,000111,145,91,
274,000112,52,34,4
275,000113,110,6E,n
276,000114,96,60,`
277,000115,192,C0,
278,000116,0,00,
279,000117,0,00,
280,000118,10,0A,
281,000119,147,93,
282,00011A,52,34,4
283,00011B,110,6E,n
284,00011C,98,62,b
285,00011D,0,00,
286,00011E,0,00,
287,00011F,0,00,
288,000120,10,0A,
289,000121,149,95,
290,000122,52,34,4
291,000123,110,6E,n
292,000124,99,63,c
293,000125,64,40,@
294,000126,0,00,
295,000127,0,00,
296,000128,10,0A,
297,000129,151,97,
298,00012A,52,34,4
299,00012B,110,6E,n
300,00012C,100,64,d
301,00012D,128,80,
302,00012E,0,00,
303,00012F,0,00,
304,000130,10,0A,
305,000131,153,99,
306,000132,52,34,4
307,000133,110,6E,n
308,000134,101,65,e
309,000135,192,C0,
310,000136,0,00,
311,000137,0,00,
312,000138,10,0A,
313,000139,155,9B,
314,00013A,52,34,4
315,00013B,110,6E,n
316,00013C,103,67,g
317,00013D,0,00,
318,00013E,0,00,
319,00013F,0,00,
320,000140,10,0A,
321,000141,157,9D,
322,000142,52,34,4
323,000143,110,6E,n
324,000144,104,68,h
325,000145,192,C0,
326,000146,0,00,
327,000147,0,00,
328,000148,10,0A,
329,000149,159,9F,
330,00014A,52,34,4
331,00014B,110,6E,n
332,00014C,106,6A,j
333,00014D,0,00,
334,00014E,0,00,
335,00014F,0,00,
336,000150,10,0A,
337,000151,161,A1,
338,000152,52,34,4
339,000153,110,6E,n
340,000154,107,6B,k
341,000155,64,40,@
342,000156,0,00,
343,000157,0,00,
344,000158,10,0A,
345,000159,163,A3,
346,00015A,52,34,4
347,00015B,110,6E,n
348,00015C,108,6C,l
349,00015D,128,80,
350,00015E,0,00,
351,00015F,0,00,
352,000160,10,0A,
353,000161,165,A5,
354,000162,52,34,4
355,000163,110,6E,n
356,000164,109,6D,m
357,000165,192,C0,
358,000166,0,00,
359,000167,0,00,
360,000168,10,0A,
361,000169,167,A7,
362,00016A,52,34,4
363,00016B,110,6E,n
364,00016C,111,6F,o
365,00016D,0,00,
366,00016E,0,00,
367,00016F,0,00,
368,000170,10,0A,
369,000171,169,A9,
370,000172,52,34,4
371,000173,110,6E,n
372,000174,112,70,p
373,000175,192,C0,
374,000176,0,00,
375,000177,0,00,
376,000178,10,0A,
377,000179,172,AC,
378,00017A,52,34,4
379,00017B,110,6E,n
380,00017C,114,72,r
381,00017D,0,00,
382,00017E,0,00,
383,00017F,0,00,
384,000180,10,0A,
385,000181,174,AE,
386,000182,52,34,4
387,000183,110,6E,n
388,000184,115,73,s
389,000185,64,40,@
390,000186,0,00,
391,000187,0,00,
392,000188,10,0A,
393,000189,176,B0,
394,00018A,52,34,4
395,00018B,110,6E,n
396,00018C,116,74,t
397,00018D,128,80,
398,00018E,0,00,
399,00018F,0,00,
400,000190,10,0A,
401,000191,178,B2,
402,000192,52,34,4
403,000193,110,6E,n
404,000194,117,75,u
405,000195,192,C0,
406,000196,0,00,
407,000197,0,00,
408,000198,10,0A,
409,000199,179,B3,
410,00019A,52,34,4
411,00019B,110,6E,n
412,00019C,119,77,w
413,00019D,0,00,
414,00019E,0,00,
415,00019F,0,00,
416,0001A0,10,0A,
417,0001A1,182,B6,
418,0001A2,52,34,4
419,0001A3,110,6E,n
420,0001A4,120,78,x
421,0001A5,192,C0,
422,0001A6,0,00,
423,0001A7,0,00,
424,0001A8,10,0A,
425,0001A9,183,B7,
426,0001AA,52,34,4
427,0001AB,110,6E,n
428,0001AC,122,7A,z
429,0001AD,0,00,
430,0001AE,0,00,
431,0001AF,0,00,
432,0001B0,10,0A,
433,0001B1,185,B9,
434,0001B2,52,34,4
435,0001B3,110,6E,n
436,0001B4,123,7B,{
437,0001B5,64,40,@
438,0001B6,0,00,
439,0001B7,0,00,
440,0001B8,10,0A,
441,0001B9,188,BC,
442,0001BA,52,34,4
443,0001BB,110,6E,n
444,0001BC,124,7C,|
445,0001BD,128,80,
446,0001BE,0,00,
447,0001BF,0,00,
448,0001C0,10,0A,
449,0001C1,190,BE,
450,0001C2,52,34,4
451,0001C3,110,6E,n
452,0001C4,125,7D,}
453,0001C5,192,C0,
454,0001C6,0,00,
455,0001C7,0,00,
456,0001C8,10,0A,
457,0001C9,192,C0,
458,0001CA,52,34,4
459,0001CB,110,6E,n
460,0001CC,127,7F,
461,0001CD,0,00,
462,0001CE,0,00,
463,0001CF,0,00,
464,0001D0,10,0A,
465,0001D1,194,C2,
466,0001D2,52,34,4
467,0001D3,110,6E,n
468,0001D4,128,80,
469,0001D5,192,C0,
470,0001D6,0,00,
471,0001D7,0,00,
472,0001D8,10,0A,
473,0001D9,196,C4,
474,0001DA,52,34,4
475,0001DB,110,6E,n
476,0001DC,130,82,
477,0001DD,0,00,
478,0001DE,0,00,
479,0001DF,0,00,
480,0001E0,10,0A,
481,0001E1,198,C6,
482,0001E2,52,34,4
483,0001E3,110,6E,n
484,0001E4,131,83,
485,0001E5,64,40,@
486,0001E6,0,00,
487,0001E7,0,00,
488,0001E8,10,0A,
489,0001E9,200,C8,
490,0001EA,42,2A,*
491,0001EB,85,55,U
492,0001EC,170,AA,
493,0001ED,10,0A,
494,0001EE,15,0F,
495,0001EF,6,06,
496,0001F0,0,00,
497,0001F1,216,D8,
498,0001F2,0,00,
499,0001F3,26,1A,
500,0001F4,109,6D,m
501,0001F5,40,28,(
502,0001F6,85,55,U
503,0001F7,170,AA,
504,0001F8,246,F6,
505,0001F9,15,0F,
506,0001FA,0,00,
507,0001FB,1,01,
508,0001FC,52,34,4
509,0001FD,120,78,x
510,0001FE,147,93,
511,0001FF,185,B9,
512,000200,0,00,
513,000201,0,00,
514,000202,0,00,
515,000203,12,0C,
516,000204,52,34,4
517,000205,120,78,x
518,000206,147,93,
519,000207,185,B9,
520,000208,128,80,
521,000209,0,00,
522,00020A,0,00,
523,00020B,11,0B,
524,00020C,52,34,4
525,00020D,120,78,x
526,00020E,147,93,
527,00020F,186,BA,
528,000210,128,80,
529,000211,0,00,
530,000212,0,00,
531,000213,10,0A,
532,000214,52,34,4
533,000215,120,78,x
534,000216,147,93,
535,000217,188,BC,
536,000218,0,00,
537,000219,0,00,
538,00021A,0,00,
539,00021B,9,09,
540,00021C,52,34,4
541,00021D,120,78,x
542,00021E,147,93,
543,00021F,188,BC,
544,000220,128,80,
545,000221,0,00,
546,000222,0,00,
547,000223,9,09,
548,000224,52,34,4
549,000225,120,78,x
550,000226,147,93,
551,000227,189,BD,
552,000228,128,80,
553,000229,0,00,
554,00022A,0,00,
555,00022B,9,09,
556,00022C,52,34,4
557,00022D,120,78,x
558,00022E,147,93,
559,00022F,193,C1,
560,000230,0,00,
561,000231,0,00,
562,000232,0,00,
563,000233,8,08,
564,000234,52,34,4
565,000235,120,78,x
566,000236,147,93,
567,000237,193,C1,
568,000238,128,80,
569,000239,0,00,
570,00023A,0,00,
571,00023B,7,07,
572,00023C,52,34,4
573,00023D,120,78,x
574,00023E,147,93,
575,00023F,194,C2,
576,000240,128,80,
577,000241,0,00,
578,000242,0,00,
579,000243,7,07,
580,000244,52,34,4
581,000245,120,78,x
582,000246,147,93,
583,000247,196,C4,
584,000248,0,00,
585,000249,0,00,
586,00024A,0,00,
587,00024B,7,07,
588,00024C,52,34,4
589,00024D,120,78,x
590,00024E,147,93,
591,00024F,196,C4,
592,000250,128,80,
593,000251,0,00,
594,000252,0,00,
595,000253,6,06,
596,000254,52,34,4
597,000255,120,78,x
598,000256,147,93,
599,000257,197,C5,
600,000258,128,80,
601,000259,0,00,
602,00025A,0,00,
603,00025B,6,06,
604,00025C,52,34,4
605,00025D,120,78,x
606,00025E,147,93,
607,00025F,199,C7,
608,000260,0,00,
609,000261,0,00,
610,000262,0,00,
611,000263,7,07,
612,000264,52,34,4
613,000265,120,78,x
614,000266,147,93,
615,000267,199,C7,
616,000268,128,80,
617,000269,0,00,
618,00026A,0,00,
619,00026B,7,07,
620,00026C,52,34,4
621,00026D,120,78,x
622,00026E,147,93,
623,00026F,200,C8,
624,000270,128,80,
625,000271,0,00,
626,000272,0,00,
627,000273,8,08,
628,000274,52,34,4
629,000275,120,78,x
630,000276,147,93,
631,000277,202,CA,
632,000278,0,00,
633,000279,0,00,
634,00027A,0,00,
635,00027B,8,08,
636,00027C,52,34,4
637,00027D,120,78,x
638,00027E,147,93,
639,00027F,202,CA,
640,000280,128,80,
641,000281,0,00,
642,000282,0,00,
643,000283,8,08,
644,000284,52,34,4
645,000285,120,78,x
646,000286,147,93,
647,000287,203,CB,
648,000288,128,80,
649,000289,0,00,
650,00028A,0,00,
651,00028B,9,09,
652,00028C,52,34,4
653,00028D,120,78,x
654,00028E,147,93,
655,00028F,205,CD,
656,000290,0,00,
657,000291,0,00,
658,000292,0,00,
659,000293,11,0B,
660,000294,52,34,4
661,000295,120,78,x
662,000296,147,93,
663,000297,205,CD,
664,000298,128,80,
665,000299,0,00,
666,00029A,0,00,
667,00029B,12,0C,
668,00029C,52,34,4
669,00029D,120,78,x
670,00029E,147,93,
671,00029F,206,CE,
672,0002A0,128,80,
673,0002A1,0,00,
674,0002A2,0,00,
675,0002A3,14,0E,
676,0002A4,52,34,4
677,0002A5,120,78,x
678,0002A6,147,93,
679,0002A7,208,D0,
680,0002A8,0,00,
681,0002A9,0,00,
682,0002AA,0,00,
683,0002AB,16,10,
684,0002AC,52,34,4
685,0002AD,120,78,x
686,0002AE,147,93,
687,0002AF,208,D0,
688,0002B0,128,80,
689,0002B1,0,00,
690,0002B2,0,00,
691,0002B3,17,11,
692,0002B4,52,34,4
693,0002B5,120,78,x
694,0002B6,147,93,
695,0002B7,209,D1,
696,0002B8,128,80,
697,0002B9,0,00,
698,0002BA,0,00,
699,0002BB,18,12,
700,0002BC,52,34,4
701,0002BD,120,78,x
702,0002BE,147,93,
703,0002BF,211,D3,
704,0002C0,0,00,
705,0002C1,0,00,
706,0002C2,0,00,
707,0002C3,18,12,
708,0002C4,52,34,4
709,0002C5,120,78,x
710,0002C6,147,93,
711,0002C7,211,D3,
712,0002C8,128,80,
713,0002C9,0,00,
714,0002CA,0,00,
715,0002CB,18,12,
716,0002CC,52,34,4
717,0002CD,120,78,x
718,0002CE,147,93,
719,0002CF,212,D4,
720,0002D0,128,80,
721,0002D1,0,00,
722,0002D2,0,00,
723,0002D3,18,12,
724,0002D4,52,34,4
725,0002D5,120,78,x
726,0002D6,147,93,
727,0002D7,214,D6,
728,0002D8,0,00,
729,0002D9,0,00,
730,0002DA,0,00,
731,0002DB,17,11,
732,0002DC,52,34,4
733,0002DD,120,78,x
734,0002DE,147,93,
735,0002DF,214,D6,
736,0002E0,128,80,
737,0002E1,0,00,
738,0002E2,0,00,
739,0002E3,16,10,
740,0002E4,52,34,4
741,0002E5,120,78,x
742,0002E6,147,93,
743,0002E7,215,D7,
744,0002E8,128,80,
745,0002E9,0,00,
746,0002EA,0,00,
747,0002EB,15,0F,
748,0002EC,225,E1,
749,0002ED,85,55,U
750,0002EE,170,AA,
751,0002EF,246,F6,
752,0002F0,15,0F,
753,0002F1,0,00,
754,0002F2,2,02,
755,0002F3,52,34,4
756,0002F4,120,78,x
757,0002F5,147,93,
758,0002F6,217,D9,
759,0002F7,0,00,
760,0002F8,0,00,
761,0002F9,0,00,
762,0002FA,14,0E,
763,0002FB,52,34,4
764,0002FC,120,78,x
765,0002FD,147,93,
766,0002FE,217,D9,
767,0002FF,128,80,
768,000300,0,00,
769,000301,0,00,
770,000302,14,0E,
771,000303,52,34,4
772,000304,120,78,x
773,000305,147,93,
774,000306,218,DA,
775,000307,128,80,
776,000308,0,00,
777,000309,0,00,
778,00030A,14,0E,
779,00030B,52,34,4
780,00030C,120,78,x
781,00030D,147,93,
782,00030E,220,DC,
783,00030F,0,00,
784,000310,0,00,
785,000311,0,00,
786,000312,13,0D,
787,000313,52,34,4
788,000314,120,78,x
789,000315,147,93,
790,000316,220,DC,
791,000317,128,80,
792,000318,0,00,
793,000319,0,00,
794,00031A,13,0D,
795,00031B,52,34,4
796,00031C,120,78,x
797,00031D,147,93,
798,00031E,221,DD,
799,00031F,128,80,
800,000320,0,00,
801,000321,0,00,
802,000322,13,0D,
803,000323,52,34,4
804,000324,120,78,x
805,000325,147,93,
806,000326,225,E1,
807,000327,0,00,
808,000328,0,00,
809,000329,0,00,
810,00032A,12,0C,
811,00032B,52,34,4
812,00032C,120,78,x
813,00032D,147,93,
814,00032E,225,E1,
815,00032F,128,80,
816,000330,0,00,
817,000331,0,00,
818,000332,12,0C,
819,000333,52,34,4
820,000334,120,78,x
821,000335,147,93,
822,000336,226,E2,
823,000337,128,80,
824,000338,0,00,
825,000339,0,00,
826,00033A,11,0B,
827,00033B,52,34,4
828,00033C,120,78,x
829,00033D,147,93,
830,00033E,228,E4,
831,00033F,0,00,
832,000340,0,00,
833,000341,0,00,
834,000342,11,0B,
835,000343,52,34,4
836,000344,120,78,x
837,000345,147,93,
838,000346,228,E4,
839,000347,128,80,
840,000348,0,00,
841,000349,0,00,
842,00034A,11,0B,
843,00034B,52,34,4
844,00034C,120,78,x
845,00034D,147,93,
846,00034E,229,E5,
847,00034F,128,80,
848,000350,0,00,
849,000351,0,00,
850,000352,11,0B,
851,000353,52,34,4
852,000354,120,78,x
853,000355,147,93,
854,000356,231,E7,
855,000357,0,00,
856,000358,0,00,
857,000359,0,00,
858,00035A,11,0B,
859,00035B,52,34,4
860,00035C,120,78,x
861,00035D,147,93,
862,00035E,231,E7,
863,00035F,128,80,
864,000360,0,00,
865,000361,0,00,
866,000362,13,0D,
867,000363,52,34,4
868,000364,120,78,x
869,000365,147,93,
870,000366,232,E8,
871,000367,128,80,
872,000368,0,00,
873,000369,0,00,
874,00036A,14,0E,
875,00036B,52,34,4
876,00036C,120,78,x
877,00036D,147,93,
878,00036E,234,EA,
879,00036F,0,00,
880,000370,0,00,
881,000371,0,00,
882,000372,16,10,
883,000373,52,34,4
884,000374,120,78,x
885,000375,147,93,
886,000376,234,EA,
887,000377,128,80,
888,000378,0,00,
889,000379,0,00,
890,00037A,18,12,
891,00037B,52,34,4
892,00037C,120,78,x
893,00037D,147,93,
894,00037E,235,EB,
895,00037F,128,80,
896,000380,0,00,
897,000381,0,00,
898,000382,20,14,
899,000383,52,34,4
900,000384,120,78,x
901,000385,147,93,
902,000386,237,ED,
903,000387,0,00,
904,000388,0,00,
905,000389,0,00,
906,00038A,21,15,
907,00038B,52,34,4
908,00038C,120,78,x
909,00038D,147,93,
910,00038E,237,ED,
911,00038F,128,80,
912,000390,0,00,
913,000391,0,00,
914,000392,22,16,
915,000393,52,34,4
916,000394,120,78,x
917,000395,147,93,
918,000396,238,EE,
919,000397,128,80,
920,000398,0,00,
921,000399,0,00,
922,00039A,22,16,
923,00039B,52,34,4
924,00039C,120,78,x
925,00039D,147,93,
926,00039E,240,F0,
927,00039F,0,00,
928,0003A0,0,00,
929,0003A1,0,00,
930,0003A2,22,16,
931,0003A3,52,34,4
932,0003A4,120,78,x
933,0003A5,147,93,
934,0003A6,240,F0,
935,0003A7,128,80,
936,0003A8,0,00,
937,0003A9,0,00,
938,0003AA,20,14,
939,0003AB,52,34,4
940,0003AC,120,78,x
941,0003AD,147,93,
942,0003AE,241,F1,
943,0003AF,128,80,
944,0003B0,0,00,
945,0003B1,0,00,
946,0003B2,18,12,
947,0003B3,52,34,4
948,0003B4,120,78,x
949,0003B5,147,93,
950,0003B6,243,F3,
951,0003B7,0,00,
952,0003B8,0,00,
953,0003B9,0,00,
954,0003BA,16,10,
955,0003BB,52,34,4
956,0003BC,120,78,x
957,0003BD,147,93,
958,0003BE,243,F3,
959,0003BF,128,80,
960,0003C0,0,00,
961,0003C1,0,00,
962,0003C2,14,0E,
963,0003C3,52,34,4
964,0003C4,120,78,x
965,0003C5,147,93,
966,0003C6,244,F4,
967,0003C7,128,80,
968,0003C8,0,00,
969,0003C9,0,00,
970,0003CA,12,0C,
971,0003CB,52,34,4
972,0003CC,120,78,x
973,0003CD,147,93,
974,0003CE,246,F6,
975,0003CF,0,00,
976,0003D0,0,00,
977,0003D1,0,00,
978,0003D2,11,0B,
979,0003D3,52,34,4
980,0003D4,120,78,x
981,0003D5,147,93,
982,0003D6,246,F6,
983,0003D7,128,80,
984,0003D8,0,00,
985,0003D9,0,00,
986,0003DA,10,0A,
987,0003DB,52,34,4
988,0003DC,120,78,x
989,0003DD,147,93,
990,0003DE,247,F7,
991,0003DF,128,80,
992,0003E0,0,00,
993,0003E1,0,00,
994,0003E2,10,0A,
995,0003E3,7,07,
996,0003E4,85,55,U
997,0003E5,170,AA,
998,0003E6,246,F6,
999,0003E7,15,0F,
1000,0003E8,0,00,
1001,0003E9,3,03,
1002,0003EA,52,34,4
1003,0003EB,120,78,x
1004,0003EC,147,93,
1005,0003ED,249,F9,
1006,0003EE,0,00,
1007,0003EF,0,00,
1008,0003F0,0,00,
1009,0003F1,9,09,
1010,0003F2,52,34,4
1011,0003F3,120,78,x
1012,0003F4,147,93,
1013,0003F5,249,F9,
1014,0003F6,128,80,
1015,0003F7,0,00,
1016,0003F8,0,00,
1017,0003F9,10,0A,
1018,0003FA,52,34,4
1019,0003FB,120,78,x
1020,0003FC,147,93,
1021,0003FD,250,FA,
1022,0003FE,128,80,
1023,0003FF,0,00,
1024,000400,0,00,
1025,000401,10,0A,
1026,000402,52,34,4
1027,000403,120,78,x
1028,000404,147,93,
1029,000405,252,FC,
1030,000406,0,00,
1031,000407,0,00,
1032,000408,0,00,
1033,000409,10,0A,
1034,00040A,52,34,4
1035,00040B,120,78,x
1036,00040C,147,93,
1037,00040D,252,FC,
1038,00040E,128,80,
1039,00040F,0,00,
1040,000410,0,00,
1041,000411,9,09,
1042,000412,52,34,4
1043,000413,120,78,x
1044,000414,147,93,
1045,000415,253,FD,
1046,000416,128,80,
1047,000417,0,00,
1048,000418,0,00,
1049,000419,8,08,
1050,00041A,52,34,4
1051,00041B,120,78,x
1052,00041C,148,94,
1053,00041D,1,01,
1054,00041E,0,00,
1055,00041F,0,00,
1056,000420,0,00,
1057,000421,7,07,
1058,000422,52,34,4
1059,000423,120,78,x
1060,000424,148,94,
1061,000425,1,01,
1062,000426,128,80,
1063,000427,0,00,
1064,000428,0,00,
1065,000429,7,07,
1066,00042A,52,34,4
1067,00042B,120,78,x
1068,00042C,148,94,
1069,00042D,2,02,
1070,00042E,128,80,
1071,00042F,0,00,
1072,000430,0,00,
1073,000431,8,08,
1074,000432,52,34,4
1075,000433,120,78,x
1076,000434,148,94,
1077,000435,4,04,
1078,000436,0,00,
1079,000437,0,00,
1080,000438,0,00,
1081,000439,9,09,
1082,00043A,52,34,4
1083,00043B,120,78,x
1084,00043C,148,94,
1085,00043D,4,04,
1086,00043E,128,80,
1087,00043F,0,00,
1088,000440,0,00,
1089,000441,10,0A,
1090,000442,52,34,4
1091,000443,120,78,x
1092,000444,148,94,
1093,000445,5,05,
1094,000446,128,80,
1095,000447,0,00,
1096,000448,0,00,
1097,000449,11,0B,
1098,00044A,52,34,4
1099,00044B,120,78,x
1100,00044C,148,94,
1101,00044D,6,06,
1102,00044E,128,80,
1103,00044F,0,00,
1104,000450,0,00,
1105,000451,11,0B,
1106,000452,52,34,4
1107,000453,120,78,x
1108,000454,148,94,
1109,000455,8,08,
1110,000456,0,00,
1111,000457,0,00,
1112,000458,0,00,
1113,000459,13,0D,
1114,00045A,52,34,4
1115,00045B,120,78,x
1116,00045C,148,94,
1117,00045D,8,08,
1118,00045E,128,80,
1119,00045F,0,00,
1120,000460,0,00,
1121,000461,15,0F,
1122,000462,52,34,4
1123,000463,120,78,x
1124,000464,148,94,
1125,000465,9,09,
1126,000466,128,80,
1127,000467,0,00,
1128,000468,0,00,
1129,000469,17,11,
1130,00046A,52,34,4
1131,00046B,120,78,x
1132,00046C,148,94,
1133,00046D,11,0B,
1134,00046E,0,00,
1135,00046F,0,00,
1136,000470,0,00,
1137,000471,19,13,
1138,000472,52,34,4
1139,000473,120,78,x
1140,000474,148,94,
1141,000475,11,0B,
1142,000476,128,80,
1143,000477,0,00,
1144,000478,0,00,
1145,000479,20,14,
1146,00047A,52,34,4
1147,00047B,120,78,x
1148,00047C,148,94,
1149,00047D,12,0C,
1150,00047E,128,80,
1151,00047F,0,00,
1152,000480,0,00,
1153,000481,19,13,
1154,000482,52,34,4
1155,000483,120,78,x
1156,000484,148,94,
1157,000485,14,0E,
1158,000486,0,00,
1159,000487,0,00,
1160,000488,0,00,
1161,000489,18,12,
1162,00048A,52,34,4
1163,00048B,120,78,x
1164,00048C,148,94,
1165,00048D,14,0E,
1166,00048E,128,80,
1167,00048F,0,00,
1168,000490,0,00,
1169,000491,16,10,
1170,000492,52,34,4
1171,000493,120,78,x
1172,000494,148,94,
1173,000495,15,0F,
1174,000496,128,80,
1175,000497,0,00,
1176,000498,0,00,
1177,000499,14,0E,
1178,00049A,52,34,4
1179,00049B,120,78,x
1180,00049C,148,94,
1181,00049D,17,11,
1182,00049E,0,00,
1183,00049F,0,00,
1184,0004A0,0,00,
1185,0004A1,13,0D,
1186,0004A2,52,34,4
1187,0004A3,120,78,x
1188,0004A4,148,94,
1189,0004A5,17,11,
1190,0004A6,128,80,
1191,0004A7,0,00,
1192,0004A8,0,00,
1193,0004A9,11,0B,
1194,0004AA,52,34,4
1195,0004AB,120,78,x
1196,0004AC,148,94,
1197,0004AD,18,12,
1198,0004AE,128,80,
1199,0004AF,0,00,
1200,0004B0,0,00,
1201,0004B1,10,0A,
1202,0004B2,52,34,4
1203,0004B3,120,78,x
1204,0004B4,148,94,
1205,0004B5,20,14,
1206,0004B6,0,00,
1207,0004B7,0,00,
1208,0004B8,0,00,
1209,0004B9,9,09,
1210,0004BA,52,34,4
1211,0004BB,120,78,x
1212,0004BC,148,94,
1213,0004BD,20,14,
1214,0004BE,128,80,
1215,0004BF,0,00,
1216,0004C0,0,00,
1217,0004C1,7,07,
1218,0004C2,52,34,4
1219,0004C3,120,78,x
1220,0004C4,148,94,
1221,0004C5,21,15,
1222,0004C6,128,80,
1223,0004C7,0,00,
1224,0004C8,0,00,
1225,0004C9,6,06,
1226,0004CA,52,34,4
1227,0004CB,120,78,x
1228,0004CC,148,94,
1229,0004CD,23,17,
1230,0004CE,0,00,
1231,0004CF,0,00,
1232,0004D0,0,00,
1233,0004D1,6,06,
1234,0004D2,52,34,4
1235,0004D3,120,78,x
1236,0004D4,148,94,
1237,0004D5,23,17,
1238,0004D6,128,80,
1239,0004D7,0,00,
1240,0004D8,0,00,
1241,0004D9,5,05,
1242,0004DA,122,7A,z
1243,0004DB,85,55,U
1244,0004DC,170,AA,
1245,0004DD,246,F6,
1246,0004DE,15,0F,
1247,0004DF,0,00,
1248,0004E0,4,04,
1249,0004E1,52,34,4
1250,0004E2,120,78,x
1251,0004E3,148,94,
1252,0004E4,24,18,
1253,0004E5,128,80,
1254,0004E6,0,00,
1255,0004E7,0,00,
1256,0004E8,5,05,
1257,0004E9,52,34,4
1258,0004EA,120,78,x
1259,0004EB,148,94,
1260,0004EC,26,1A,
1261,0004ED,0,00,
1262,0004EE,0,00,
1263,0004EF,0,00,
1264,0004F0,6,06,
1265,0004F1,52,34,4
1266,0004F2,120,78,x
1267,0004F3,148,94,
1268,0004F4,26,1A,
1269,0004F5,128,80,
1270,0004F6,0,00,
1271,0004F7,0,00,
1272,0004F8,6,06,
1273,0004F9,52,34,4
1274,0004FA,120,78,x
1275,0004FB,148,94,
1276,0004FC,27,1B,
1277,0004FD,128,80,
1278,0004FE,0,00,
1279,0004FF,0,00,
1280,000500,5,05,
1281,000501,52,34,4
1282,000502,120,78,x
1283,000503,148,94,
1284,000504,29,1D,
1285,000505,0,00,
1286,000506,0,00,
1287,000507,0,00,
1288,000508,5,05,
1289,000509,52,34,4
1290,00050A,120,78,x
1291,00050B,148,94,
1292,00050C,29,1D,
1293,00050D,128,80,
1294,00050E,0,00,
1295,00050F,0,00,
1296,000510,4,04,
1297,000511,52,34,4
1298,000512,120,78,x
1299,000513,148,94,
1300,000514,32,20, 
1301,000515,128,80,
1302,000516,0,00,
1303,000517,0,00,
1304,000518,3,03,
1305,000519,52,34,4
1306,00051A,120,78,x
1307,00051B,148,94,
1308,00051C,34,22,"
1309,00051D,0,00,
1310,00051E,0,00,
1311,00051F,0,00,
1312,000520,3,03,
1313,000521,52,34,4
1314,000522,120,78,x
1315,000523,148,94,
1316,000524,34,22,"
1317,000525,128,80,
1318,000526,0,00,
1319,000527,0,00,
1320,000528,3,03,
1321,000529,52,34,4
1322,00052A,120,78,x
1323,00052B,148,94,
1324,00052C,35,23,#
1325,00052D,128,80,
1326,00052E,0,00,
1327,00052F,0,00,
1328,000530,2,02,
1329,000531,52,34,4
1330,000532,120,78,x
1331,000533,148,94,
1332,000534,37,25,%
1333,000535,0,00,
1334,000536,0,00,
1335,000537,0,00,
1336,000538,3,03,
1337,000539,52,34,4
1338,00053A,120,78,x
1339,00053B,148,94,
1340,00053C,37,25,%
1341,00053D,128,80,
1342,00053E,0,00,
1343,00053F,0,00,
1344,000540,3,03,
1345,000541,52,34,4
1346,000542,120,78,x
1347,000543,148,94,
1348,000544,38,26,&
1349,000545,128,80,
1350,000546,0,00,
1351,000547,0,00,
1352,000548,4,04,
1353,000549,52,34,4
1354,00054A,120,78,x
1355,00054B,148,94,
1356,00054C,40,28,(
1357,00054D,0,00,
1358,00054E,0,00,
1359,00054F,0,00,
1360,000550,5,05,
1361,000551,52,34,4
1362,000552,120,78,x
1363,000553,148,94,
1364,000554,40,28,(
1365,000555,128,80,
1366,000556,0,00,
1367,000557,0,00,
1368,000558,6,06,
1369,000559,52,34,4
1370,00055A,120,78,x
1371,00055B,148,94,
1372,00055C,41,29,)
1373,00055D,128,80,
1374,00055E,0,00,
1375,00055F,0,00,
1376,000560,6,06,
1377,000561,52,34,4
1378,000562,120,78,x
1379,000563,148,94,
1380,000564,43,2B,+
1381,000565,0,00,
1382,000566,0,00,
1383,000567,0,00,
1384,000568,6,06,
1385,000569,52,34,4
1386,00056A,120,78,x
1387,00056B,148,94,
1388,00056C,43,2B,+
1389,00056D,128,80,
1390,00056E,0,00,
1391,00056F,0,00,
1392,000570,6,06,
1393,000571,52,34,4
1394,000572,120,78,x
1395,000573,148,94,
1396,000574,45,2D,-
1397,000575,0,00,
1398,000576,0,00,
1399,000577,0,00,
1400,000578,6,06,
1401,000579,52,34,4
1402,00057A,120,78,x
1403,00057B,148,94,
1404,00057C,46,2E,.
1405,00057D,0,00,
1406,00057E,0,00,
1407,00057F,0,00,
1408,000580,6,06,
1409,000581,52,34,4
1410,000582,120,78,x
1411,000583,148,94,
1412,000584,46,2E,.
1413,000585,128,80,
1414,000586,0,00,
1415,000587,0,00,
1416,000588,5,05,
1417,000589,52,34,4
1418,00058A,120,78,x
1419,00058B,148,94,
1420,00058C,48,30,0
1421,00058D,0,00,
1422,00058E,0,00,
1423,00058F,0,00,
1424,000590,5,05,
1425,000591,52,34,4
1426,000592,120,78,x
1427,000593,148,94,
1428,000594,49,31,1
1429,000595,0,00,
1430,000596,0,00,
1431,000597,0,00,
1432,000598,5,05,
1433,000599,52,34,4
1434,00059A,120,78,x
1435,00059B,148,94,
1436,00059C,49,31,1
1437,00059D,128,80,
1438,00059E,0,00,
1439,00059F,0,00,
1440,0005A0,6,06,
1441,0005A1,52,34,4
1442,0005A2,120,78,x
1443,0005A3,148,94,
1444,0005A4,51,33,3
1445,0005A5,0,00,
1446,0005A6,0,00,
1447,0005A7,0,00,
1448,0005A8,6,06,
1449,0005A9,52,34,4
1450,0005AA,120,78,x
1451,0005AB,148,94,
1452,0005AC,52,34,4
1453,0005AD,0,00,
1454,0005AE,0,00,
1455,0005AF,0,00,
1456,0005B0,7,07,
1457,0005B1,52,34,4
1458,0005B2,120,78,x
1459,0005B3,148,94,
1460,0005B4,52,34,4
1461,0005B5,128,80,
1462,0005B6,0,00,
1463,0005B7,0,00,
1464,0005B8,8,08,
1465,0005B9,52,34,4
1466,0005BA,120,78,x
1467,0005BB,148,94,
1468,0005BC,54,36,6
1469,0005BD,0,00,
1470,0005BE,0,00,
1471,0005BF,0,00,
1472,0005C0,8,08,
1473,0005C1,52,34,4
1474,0005C2,120,78,x
1475,0005C3,148,94,
1476,0005C4,55,37,7
1477,0005C5,0,00,
1478,0005C6,0,00,
1479,0005C7,0,00,
1480,0005C8,9,09,
1481,0005C9,52,34,4
1482,0005CA,120,78,x
1483,0005CB,148,94,
1484,0005CC,55,37,7
1485,0005CD,128,80,
1486,0005CE,0,00,
1487,0005CF,0,00,
1488,0005D0,9,09,
1489,0005D1,149,95,
1490,0005D2,85,55,U
1491,0005D3,170,AA,
1492,0005D4,246,F6,
1493,0005D5,15,0F,
1494,0005D6,0,00,
1495,0005D7,5,05,
1496,0005D8,52,34,4
1497,0005D9,120,78,x
1498,0005DA,148,94,
1499,0005DB,57,39,9
1500,0005DC,0,00,
1501,0005DD,0,00,
1502,0005DE,0,00,
1503,0005DF,10,0A,
1504,0005E0,52,34,4
1505,0005E1,120,78,x
1506,0005E2,148,94,
1507,0005E3,58,3A,:
1508,0005E4,0,00,
1509,0005E5,0,00,
1510,0005E6,0,00,
1511,0005E7,10,0A,
1512,0005E8,52,34,4
1513,0005E9,120,78,x
1514,0005EA,148,94,
1515,0005EB,58,3A,:
1516,0005EC,128,80,
1517,0005ED,0,00,
1518,0005EE,0,00,
1519,0005EF,10,0A,
1520,0005F0,52,34,4
1521,0005F1,120,78,x
1522,0005F2,148,94,
1523,0005F3,60,3C,<
1524,0005F4,0,00,
1525,0005F5,0,00,
1526,0005F6,0,00,
1527,0005F7,9,09,
1528,0005F8,52,34,4
1529,0005F9,120,78,x
1530,0005FA,148,94,
1531,0005FB,61,3D,=
1532,0005FC,0,00,
1533,0005FD,0,00,
1534,0005FE,0,00,
1535,0005FF,9,09,
1536,000600,52,34,4
1537,000601,120,78,x
1538,000602,148,94,
1539,000603,61,3D,=
1540,000604,128,80,
1541,000605,0,00,
1542,000606,0,00,
1543,000607,9,09,
1544,000608,52,34,4
1545,000609,120,78,x
1546,00060A,148,94,
1547,00060B,65,41,A
1548,00060C,0,00,
1549,00060D,0,00,
1550,00060E,0,00,
1551,00060F,8,08,
1552,000610,52,34,4
1553,000611,120,78,x
1554,000612,148,94,
1555,000613,66,42,B
1556,000614,0,00,
1557,000615,0,00,
1558,000616,0,00,
1559,000617,8,08,
1560,000618,52,34,4
1561,000619,120,78,x
1562,00061A,148,94,
1563,00061B,66,42,B
1564,00061C,128,80,
1565,00061D,0,00,
1566,00061E,0,00,
1567,00061F,8,08,
1568,000620,52,34,4
1569,000621,120,78,x
1570,000622,148,94,
1571,000623,68,44,D
1572,000624,0,00,
1573,000625,0,00,
1574,000626,0,00,
1575,000627,8,08,
1576,000628,52,34,4
1577,000629,120,78,x
1578,00062A,148,94,
1579,00062B,69,45,E
1580,00062C,0,00,
1581,00062D,0,00,
1582,00062E,0,00,
1583,00062F,7,07,
1584,000630,52,34,4
1585,000631,120,78,x
1586,000632,148,94,
1587,000633,69,45,E
1588,000634,128,80,
1589,000635,0,00,
1590,000636,0,00,
1591,000637,6,06,
1592,000638,52,34,4
1593,000639,120,78,x
1594,00063A,148,94,
1595,00063B,71,47,G
1596,00063C,0,00,
1597,00063D,0,00,
1598,00063E,0,00,
1599,00063F,6,06,
1600,000640,52,34,4
1601,000641,120,78,x
1602,000642,148,94,
1603,000643,72,48,H
1604,000644,0,00,
1605,000645,0,00,
1606,000646,0,00,
1607,000647,6,06,
1608,000648,52,34,4
1609,000649,120,78,x
1610,00064A,148,94,
1611,00064B,72,48,H
1612,00064C,128,80,
1613,00064D,0,00,
1614,00064E,0,00,
1615,00064F,7,07,
1616,000650,52,34,4
1617,000651,120,78,x
1618,000652,148,94,
1619,000653,74,4A,J
1620,000654,0,00,
1621,000655,0,00,
1622,000656,0,00,
1623,000657,7,07,
1624,000658,52,34,4
1625,000659,120,78,x
1626,00065A,148,94,
1627,00065B,75,4B,K
1628,00065C,0,00,
1629,00065D,0,00,
1630,00065E,0,00,
1631,00065F,7,07,
1632,000660,52,34,4
1633,000661,120,78,x
1634,000662,148,94,
1635,000663,75,4B,K
1636,000664,128,80,
1637,000665,0,00,
1638,000666,0,00,
1639,000667,8,08,
1640,000668,52,34,4
1641,000669,120,78,x
1642,00066A,148,94,
1643,00066B,77,4D,M
1644,00066C,0,00,
1645,00066D,0,00,
1646,00066E,0,00,
1647,00066F,8,08,
1648,000670,52,34,4
1649,000671,120,78,x
1650,000672,148,94,
1651,000673,78,4E,N
1652,000674,0,00,
1653,000675,0,00,
1654,000676,0,00,
1655,000677,9,09,
1656,000678,52,34,4
1657,000679,120,78,x
1658,00067A,148,94,
1659,00067B,78,4E,N
1660,00067C,128,80,
1661,00067D,0,00,
1662,00067E,0,00,
1663,00067F,10,0A,
1664,000680,52,34,4
1665,000681,120,78,x
1666,000682,148,94,
1667,000683,80,50,P
1668,000684,0,00,
1669,000685,0,00,
1670,000686,0,00,
1671,000687,11,0B,
1672,000688,52,34,4
1673,000689,120,78,x
1674,00068A,148,94,
1675,00068B,81,51,Q
1676,00068C,0,00,
1677,00068D,0,00,
1678,00068E,0,00,
1679,00068F,10,0A,
1680,000690,52,34,4
1681,000691,120,78,x
1682,000692,148,94,
1683,000693,81,51,Q
1684,000694,128,80,
1685,000695,0,00,
1686,000696,0,00,
1687,000697,10,0A,
1688,000698,52,34,4
1689,000699,120,78,x
1690,00069A,148,94,
1691,00069B,83,53,S
1692,00069C,0,00,
1693,00069D,0,00,
1694,00069E,0,00,
1695,00069F,9,09,
1696,0006A0,52,34,4
1697,0006A1,120,78,x
1698,0006A2,148,94,
1699,0006A3,84,54,T
1700,0006A4,0,00,
1701,0006A5,0,00,
1702,0006A6,0,00,
1703,0006A7,7,07,
1704,0006A8,52,34,4
1705,0006A9,120,78,x
1706,0006AA,148,94,
1707,0006AB,84,54,T
1708,0006AC,128,80,
1709,0006AD,0,00,
1710,0006AE,0,00,
1711,0006AF,6,06,
1712,0006B0,52,34,4
1713,0006B1,120,78,x
1714,0006B2,148,94,
1715,0006B3,86,56,V
1716,0006B4,0,00,
1717,0006B5,0,00,
1718,0006B6,0,00,
1719,0006B7,6,06,
1720,0006B8,52,34,4
1721,0006B9,120,78,x
1722,0006BA,148,94,
1723,0006BB,87,57,W
1724,0006BC,0,00,
1725,0006BD,0,00,
1726,0006BE,0,00,
1727,0006BF,7,07,
1728,0006C0,52,34,4
1729,0006C1,120,78,x
1730,0006C2,148,94,
1731,0006C3,87,57,W
1732,0006C4,128,80,
1733,0006C5,0,00,
1734,0006C6,0,00,
1735,0006C7,7,07,
1736,0006C8,174,AE,
1737,0006C9,85,55,U
1738,0006CA,170,AA,
1739,0006CB,246,F6,
1740,0006CC,15,0F,
1741,0006CD,0,00,
1742,0006CE,6,06,
1743,0006CF,52,34,4
1744,0006D0,120,78,x
1745,0006D1,148,94,
1746,0006D2,89,59,Y
1747,0006D3,0,00,
1748,0006D4,0,00,
1749,0006D5,0,00,
1750,0006D6,8,08,
1751,0006D7,52,34,4
1752,0006D8,120,78,x
1753,0006D9,148,94,
1754,0006DA,90,5A,Z
1755,0006DB,0,00,
1756,0006DC,0,00,
1757,0006DD,0,00,
1758,0006DE,9,09,
1759,0006DF,52,34,4
1760,0006E0,120,78,x
1761,0006E1,148,94,
1762,0006E2,90,5A,Z
1763,0006E3,128,80,
1764,0006E4,0,00,
1765,0006E5,0,00,
1766,0006E6,10,0A,
1767,0006E7,52,34,4
1768,0006E8,120,78,x
1769,0006E9,148,94,
1770,0006EA,92,5C,\
1771,0006EB,0,00,
1772,0006EC,0,00,
1773,0006ED,0,00,
1774,0006EE,11,0B,
1775,0006EF,52,34,4
1776,0006F0,120,78,x
1777,0006F1,148,94,
1778,0006F2,93,5D,]
1779,0006F3,0,00,
1780,0006F4,0,00,
1781,0006F5,0,00,
1782,0006F6,11,0B,
1783,0006F7,52,34,4
1784,0006F8,120,78,x
1785,0006F9,148,94,
1786,0006FA,93,5D,]
1787,0006FB,128,80,
1788,0006FC,0,00,
1789,0006FD,0,00,
1790,0006FE,12,0C,
1791,0006FF,52,34,4
1792,000700,120,78,x
1793,000701,148,94,
1794,000702,97,61,a
1795,000703,0,00,
1796,000704,0,00,
1797,000705,0,00,
1798,000706,13,0D,
1799,000707,52,34,4
1800,000708,120,78,x
1801,000709,148,94,
1802,00070A,98,62,b
1803,00070B,0,00,
1804,00070C,0,00,
1805,00070D,0,00,
1806,00070E,12,0C,
1807,00070F,52,34,4
1808,000710,120,78,x
1809,000711,148,94,
1810,000712,98,62,b
1811,000713,128,80,
1812,000714,0,00,
1813,000715,0,00,
1814,000716,12,0C,
1815,000717,52,34,4
1816,000718,120,78,x
1817,000719,148,94,
1818,00071A,100,64,d
1819,00071B,0,00,
1820,00071C,0,00,
1821,00071D,0,00,
1822,00071E,11,0B,
1823,00071F,52,34,4
1824,000720,120,78,x
1825,000721,148,94,
1826,000722,101,65,e
1827,000723,0,00,
1828,000724,0,00,
1829,000725,0,00,
1830,000726,10,0A,
1831,000727,52,34,4
1832,000728,120,78,x
1833,000729,148,94,
1834,00072A,101,65,e
1835,00072B,128,80,
1836,00072C,0,00,
1837,00072D,0,00,
1838,00072E,9,09,
1839,00072F,52,34,4
1840,000730,120,78,x
1841,000731,148,94,
1842,000732,103,67,g
1843,000733,0,00,
1844,000734,0,00,
1845,000735,0,00,
1846,000736,8,08,
1847,000737,52,34,4
1848,000738,120,78,x
1849,000739,148,94,
1850,00073A,104,68,h
1851,00073B,0,00,
1852,00073C,0,00,
1853,00073D,0,00,
1854,00073E,7,07,
1855,00073F,52,34,4
1856,000740,120,78,x
1857,000741,148,94,
1858,000742,104,68,h
1859,000743,128,80,
1860,000744,0,00,
1861,000745,0,00,
1862,000746,7,07,
1863,000747,52,34,4
1864,000748,120,78,x
1865,000749,148,94,
1866,00074A,106,6A,j
1867,00074B,0,00,
1868,00074C,0,00,
1869,00074D,0,00,
1870,00074E,7,07,
1871,00074F,52,34,4
1872,000750,120,78,x
1873,000751,148,94,
1874,000752,107,6B,k
1875,000753,0,00,
1876,000754,0,00,
1877,000755,0,00,
1878,000756,7,07,
1879,000757,52,34,4
1880,000758,120,78,x
1881,000759,148,94,
1882,00075A,107,6B,k
1883,00075B,128,80,
1884,00075C,0,00,
1885,00075D,0,00,
1886,00075E,8,08,
1887,00075F,52,34,4
1888,000760,120,78,x
1889,000761,148,94,
1890,000762,109,6D,m
1891,000763,0,00,
1892,000764,0,00,
1893,000765,0,00,
1894,000766,8,08,
1895,000767,52,34,4
1896,000768,120,78,x
1897,000769,148,94,
1898,00076A,110,6E,n
1899,00076B,0,00,
1900,00076C,0,00,
1901,00076D,0,00,
1902,00076E,8,08,
1903,00076F,52,34,4
1904,000770,120,78,x
1905,000771,148,94,
1906,000772,110,6E,n
1907,000773,128,80,
1908,000774,0,00,
1909,000775,0,00,
1910,000776,7,07,
1911,000777,52,34,4
1912,000778,120,78,x
1913,000779,148,94,
1914,00077A,112,70,p
1915,00077B,0,00,
1916,00077C,0,00,
1917,00077D,0,00,
1918,00077E,7,07,
1919,00077F,52,34,4
1920,000780,120,78,x
1921,000781,148,94,
1922,000782,113,71,q
1923,000783,0,00,
1924,000784,0,00,
1925,000785,0,00,
1926,000786,6,06,
1927,000787,52,34,4
1928,000788,120,78,x
1929,000789,148,94,
1930,00078A,113,71,q
1931,00078B,128,80,
1932,00078C,0,00,
1933,00078D,0,00,
1934,00078E,6,06,
1935,00078F,52,34,4
1936,000790,120,78,x
1937,000791,148,94,
1938,000792,115,73,s
1939,000793,0,00,
1940,000794,0,00,
1941,000795,0,00,
1942,000796,6,06,
1943,000797,52,34,4
1944,000798,120,78,x
1945,000799,148,94,
1946,00079A,116,74,t
1947,00079B,0,00,
1948,00079C,0,00,
1949,00079D,0,00,
1950,00079E,6,06,
1951,00079F,52,34,4
1952,0007A0,120,78,x
1953,0007A1,148,94,
1954,0007A2,116,74,t
1955,0007A3,128,80,
1956,0007A4,0,00,
1957,0007A5,0,00,
1958,0007A6,7,07,
1959,0007A7,52,34,4
1960,0007A8,120,78,x
1961,0007A9,148,94,
1962,0007AA,118,76,v
1963,0007AB,0,00,
1964,0007AC,0,00,
1965,0007AD,0,00,
1966,0007AE,8,08,
1967,0007AF,52,34,4
1968,0007B0,120,78,x
1969,0007B1,148,94,
1970,0007B2,119,77,w
1971,0007B3,0,00,
1972,0007B4,0,00,
1973,0007B5,0,00,
1974,0007B6,9,09,
1975,0007B7,52,34,4
1976,0007B8,120,78,x
1977,0007B9,148,94,
1978,0007BA,119,77,w
1979,0007BB,128,80,
1980,0007BC,0,00,
1981,0007BD,0,00,
1982,0007BE,11,0B,
1983,0007BF,129,81,
1984,0007C0,85,55,U
1985,0007C1,170,AA,
1986,0007C2,246,F6,
1987,0007C3,15,0F,
1988,0007C4,0,00,
1989,0007C5,7,07,
1990,0007C6,52,34,4
1991,0007C7,120,78,x
1992,0007C8,148,94,
1993,0007C9,121,79,y
1994,0007CA,0,00,
1995,0007CB,0,00,
1996,0007CC,0,00,
1997,0007CD,12,0C,
1998,0007CE,52,34,4
1999,0007CF,120,78,x
2000,0007D0,148,94,
2001,0007D1,122,7A,z
2002,0007D2,0,00,
2003,0007D3,0,00,
2004,0007D4,0,00,
2005,0007D5,13,0D,
2006,0007D6,52,34,4
2007,0007D7,120,78,x
2008,0007D8,148,94,
2009,0007D9,122,7A,z
2010,0007DA,128,80,
2011,0007DB,0,00,
2012,0007DC,0,00,
2013,0007DD,13,0D,
2014,0007DE,52,34,4
2015,0007DF,120,78,x
2016,0007E0,148,94,
2017,0007E1,124,7C,|
2018,0007E2,0,00,
2019,0007E3,0,00,
2020,0007E4,0,00,
2021,0007E5,13,0D,
2022,0007E6,52,34,4
2023,0007E7,120,78,x
2024,0007E8,148,94,
2025,0007E9,125,7D,}
2026,0007EA,0,00,
2027,0007EB,0,00,
2028,0007EC,0,00,
2029,0007ED,13,0D,
2030,0007EE,52,34,4
2031,0007EF,120,78,x
2032,0007F0,148,94,
2033,0007F1,125,7D,}
2034,0007F2,128,80,
2035,0007F3,0,00,
2036,0007F4,0,00,
2037,0007F5,12,0C,
2038,0007F6,52,34,4
2039,0007F7,120,78,x
2040,0007F8,148,94,
2041,0007F9,129,81,
2042,0007FA,0,00,
2043,0007FB,0,00,
2044,0007FC,0,00,
2045,0007FD,11,0B,
2046,0007FE,52,34,4
2047,0007FF,120,78,x
2048,000800,148,94,
2049,000801,130,82,
2050,000802,0,00,
2051,000803,0,00,
2052,000804,0,00,
2053,000805,9,09,
2054,000806,52,34,4
2055,000807,120,78,x
2056,000808,148,94,
2057,000809,130,82,
2058,00080A,128,80,
2059,00080B,0,00,
2060,00080C,0,00,
2061,00080D,8,08,
2062,00080E,52,34,4
2063,00080F,120,78,x
2064,000810,148,94,
2065,000811,132,84,
2066,000812,0,00,
2067,000813,0,00,
2068,000814,0,00,
2069,000815,7,07,
2070,000816,52,34,4
2071,000817,120,78,x
2072,000818,148,94,
2073,000819,133,85,
2074,00081A,0,00,
2075,00081B,0,00,
2076,00081C,0,00,
2077,00081D,7,07,
2078,00081E,52,34,4
2079,00081F,120,78,x
2080,000820,148,94,
2081,000821,133,85,
2082,000822,128,80,
2083,000823,0,00,
2084,000824,0,00,
2085,000825,7,07,
2086,000826,52,34,4
2087,000827,120,78,x
2088,000828,148,94,
2089,000829,135,87,
2090,00082A,0,00,
2091,00082B,0,00,
2092,00082C,0,00,
2093,00082D,8,08,
2094,00082E,52,34,4
2095,00082F,120,78,x
2096,000830,148,94,
2097,000831,136,88,
2098,000832,0,00,
2099,000833,0,00,
2100,000834,0,00,
2101,000835,9,09,
2102,000836,52,34,4
2103,000837,120,78,x
2104,000838,148,94,
2105,000839,136,88,
2106,00083A,128,80,
2107,00083B,0,00,
2108,00083C,0,00,
2109,00083D,9,09,
2110,00083E,52,34,4
2111,00083F,120,78,x
2112,000840,148,94,
2113,000841,138,8A,
2114,000842,0,00,
2115,000843,0,00,
2116,000844,0,00,
2117,000845,9,09,
2118,000846,52,34,4
2119,000847,120,78,x
2120,000848,148,94,
2121,000849,139,8B,
2122,00084A,0,00,
2123,00084B,0,00,
2124,00084C,0,00,
2125,00084D,10,0A,
2126,00084E,52,34,4
2127,00084F,120,78,x
2128,000850,148,94,
2129,000851,139,8B,
2130,000852,128,80,
2131,000853,0,00,
2132,000854,0,00,
2133,000855,11,0B,
2134,000856,52,34,4
2135,000857,120,78,x
2136,000858,148,94,
2137,000859,141,8D,
2138,00085A,0,00,
2139,00085B,0,00,
2140,00085C,0,00,
2141,00085D,13,0D,
2142,00085E,52,34,4
2143,00085F,120,78,x
2144,000860,148,94,
2145,000861,142,8E,
2146,000862,0,00,
2147,000863,0,00,
2148,000864,0,00,
2149,000865,13,0D,
2150,000866,52,34,4
2151,000867,120,78,x
2152,000868,148,94,
2153,000869,142,8E,
2154,00086A,128,80,
2155,00086B,0,00,
2156,00086C,0,00,
2157,00086D,14,0E,
2158,00086E,52,34,4
2159,00086F,120,78,x
2160,000870,148,94,
2161,000871,144,90,
2162,000872,0,00,
2163,000873,0,00,
2164,000874,0,00,
2165,000875,16,10,
2166,000876,52,34,4
2167,000877,120,78,x
2168,000878,148,94,
2169,000879,145,91,
2170,00087A,0,00,
2171,00087B,0,00,
2172,00087C,0,00,
2173,00087D,17,11,
2174,00087E,52,34,4
2175,00087F,120,78,x
2176,000880,148,94,
2177,000881,146,92,
2178,000882,0,00,
2179,000883,0,00,
2180,000884,0,00,
2181,000885,19,13,
2182,000886,52,34,4
2183,000887,120,78,x
2184,000888,148,94,
2185,000889,147,93,
2186,00088A,0,00,
2187,00088B,0,00,
2188,00088C,0,00,
2189,00088D,22,16,
2190,00088E,52,34,4
2191,00088F,120,78,x
2192,000890,148,94,
2193,000891,148,94,
2194,000892,0,00,
2195,000893,0,00,
2196,000894,0,00,
2197,000895,23,17,
2198,000896,52,34,4
2199,000897,120,78,x
2200,000898,148,94,
2201,000899,149,95,
2202,00089A,0,00,
2203,00089B,0,00,
2204,00089C,0,00,
2205,00089D,24,18,
2206,00089E,52,34,4
2207,00089F,120,78,x
2208,0008A0,148,94,
2209,0008A1,150,96,
2210,0008A2,0,00,
2211,0008A3,0,00,
2212,0008A4,0,00,
2213,0008A5,25,19,
2214,0008A6,52,34,4
2215,0008A7,120,78,x
2216,0008A8,148,94,
2217,0008A9,151,97,
2218,0008AA,0,00,
2219,0008AB,0,00,
2220,0008AC,0,00,
2221,0008AD,25,19,
2222,0008AE,52,34,4
2223,0008AF,120,78,x
2224,0008B0,148,94,
2225,0008B1,152,98,
2226,0008B2,0,00,
2227,0008B3,0,00,
2228,0008B4,0,00,
2229,0008B5,25,19,
2230,0008B6,97,61,a
2231,0008B7,85,55,U
2232,0008B8,170,AA,
2233,0008B9,246,F6,
2234,0008BA,15,0F,
2235,0008BB,0,00,
2236,0008BC,8,08,
2237,0008BD,52,34,4
2238,0008BE,120,78,x
2239,0008BF,148,94,
2240,0008C0,153,99,
2241,0008C1,0,00,
2242,0008C2,0,00,
2243,0008C3,0,00,
2244,0008C4,24,18,
2245,0008C5,52,34,4
2246,0008C6,120,78,x
2247,0008C7,148,94,
2248,0008C8,154,9A,
2249,0008C9,0,00,
2250,0008CA,0,00,
2251,0008CB,0,00,
2252,0008CC,23,17,
2253,0008CD,52,34,4
2254,0008CE,120,78,x
2255,0008CF,148,94,
2256,0008D0,155,9B,
2257,0008D1,0,00,
2258,0008D2,0,00,
2259,0008D3,0,00,
2260,0008D4,23,17,
2261,0008D5,52,34,4
2262,0008D6,120,78,x
2263,0008D7,148,94,
2264,0008D8,156,9C,
2265,0008D9,0,00,
2266,0008DA,0,00,
2267,0008DB,0,00,
2268,0008DC,21,15,
2269,0008DD,52,34,4
2270,0008DE,120,78,x
2271,0008DF,148,94,
2272,0008E0,157,9D,
2273,0008E1,0,00,
2274,0008E2,0,00,
2275,0008E3,0,00,
2276,0008E4,19,13,
2277,0008E5,52,34,4
2278,0008E6,120,78,x
2279,0008E7,148,94,
2280,0008E8,160,A0,
2281,0008E9,0,00,
2282,0008EA,0,00,
2283,0008EB,0,00,
2284,0008EC,17,11,
2285,0008ED,52,34,4
2286,0008EE,120,78,x
2287,0008EF,148,94,
2288,0008F0,161,A1,
2289,0008F1,0,00,
2290,0008F2,0,00,
2291,0008F3,0,00,
2292,0008F4,17,11,
2293,0008F5,52,34,4
2294,0008F6,120,78,x
2295,0008F7,148,94,
2296,0008F8,162,A2,
2297,0008F9,0,00,
2298,0008FA,0,00,
2299,0008FB,0,00,
2300,0008FC,15,0F,
2301,0008FD,52,34,4
2302,0008FE,120,78,x
2303,0008FF,148,94,
2304,000900,163,A3,
2305,000901,0,00,
2306,000902,0,00,
2307,000903,0,00,
2308,000904,14,0E,
2309,000905,52,34,4
2310,000906,120,78,x
2311,000907,148,94,
2312,000908,164,A4,
2313,000909,0,00,
2314,00090A,0,00,
2315,00090B,0,00,
2316,00090C,13,0D,
2317,00090D,52,34,4
2318,00090E,120,78,x
2319,00090F,148,94,
2320,000910,165,A5,
2321,000911,0,00,
2322,000912,0,00,
2323,000913,0,00,
2324,000914,11,0B,
2325,000915,52,34,4
2326,000916,120,78,x
2327,000917,148,94,
2328,000918,166,A6,
2329,000919,0,00,
2330,00091A,0,00,
2331,00091B,0,00,
2332,00091C,10,0A,
2333,00091D,52,34,4
2334,00091E,120,78,x
2335,00091F,148,94,
2336,000920,167,A7,
2337,000921,0,00,
2338,000922,0,00,
2339,000923,0,00,
2340,000924,9,09,
2341,000925,52,34,4
2342,000926,120,78,x
2343,000927,148,94,
2344,000928,168,A8,
2345,000929,0,00,
2346,00092A,0,00,
2347,00092B,0,00,
2348,00092C,8,08,
2349,00092D,52,34,4
2350,00092E,120,78,x
2351,00092F,148,94,
2352,000930,169,A9,
2353,000931,0,00,
2354,000932,0,00,
2355,000933,0,00,
2356,000934,8,08,
2357,000935,52,34,4
2358,000936,120,78,x
2359,000937,148,94,
2360,000938,170,AA,
2361,000939,0,00,
2362,00093A,0,00,
2363,00093B,0,00,
2364,00093C,8,08,
2365,00093D,52,34,4
2366,00093E,120,78,x
2367,00093F,148,94,
2368,000940,171,AB,
2369,000941,0,00,
2370,000942,0,00,
2371,000943,0,00,
2372,000944,9,09,
2373,000945,52,34,4
2374,000946,120,78,x
2375,000947,148,94,
2376,000948,172,AC,
2377,000949,0,00,
2378,00094A,0,00,
2379,00094B,0,00,
2380,00094C,9,09,
2381,00094D,52,34,4
2382,00094E,120,78,x
2383,00094F,148,94,
2384,000950,173,AD,
2385,000951,0,00,
2386,000952,0,00,
2387,000953,0,00,
2388,000954,10,0A,
2389,000955,52,34,4
2390,000956,120,78,x
2391,000957,148,94,
2392,000958,174,AE,
2393,000959,0,00,
2394,00095A,0,00,
2395,00095B,0,00,
2396,00095C,11,0B,
2397,00095D,52,34,4
2398,00095E,120,78,x
2399,00095F,148,94,
2400,000960,175,AF,
2401,000961,0,00,
2402,000962,0,00,
2403,000963,0,00,
2404,000964,13,0D,
2405,000965,52,34,4
2406,000966,120,78,x
2407,000967,148,94,
2408,000968,176,B0,
2409,000969,0,00,
2410,00096A,0,00,
2411,00096B,0,00,
2412,00096C,14,0E,
2413,00096D,52,34,4
2414,00096E,120,78,x
2415,00096F,148,94,
2416,000970,177,B1,
2417,000971,0,00,
2418,000972,0,00,
2419,000973,0,00,
2420,000974,16,10,
2421,000975,52,34,4
2422,000976,120,78,x
2423,000977,148,94,
2424,000978,178,B2,
2425,000979,0,00,
2426,00097A,0,00,
2427,00097B,0,00,
2428,00097C,17,11,
2429,00097D,52,34,4
2430,00097E,120,78,x
2431,00097F,148,94,
2432,000980,179,B3,
2433,000981,0,00,
2434,000982,0,00,
2435,000983,0,00,
2436,000984,16,10,
2437,000985,52,34,4
2438,000986,120,78,x
2439,000987,148,94,
2440,000988,180,B4,
2441,000989,0,00,
2442,00098A,0,00,
2443,00098B,0,00,
2444,00098C,16,10,
2445,00098D,52,34,4
2446,00098E,120,78,x
2447,00098F,148,94,
2448,000990,181,B5,
2449,000991,0,00,
2450,000992,0,00,
2451,000993,0,00,
2452,000994,15,0F,
2453,000995,52,34,4
2454,000996,120,78,x
2455,000997,148,94,
2456,000998,182,B6,
2457,000999,0,00,
2458,00099A,0,00,
2459,00099B,0,00,
2460,00099C,16,10,
2461,00099D,52,34,4
2462,00099E,120,78,x
2463,00099F,148,94,
2464,0009A0,183,B7,
2465,0009A1,0,00,
2466,0009A2,0,00,
2467,0009A3,0,00,
2468,0009A4,16,10,
2469,0009A5,52,34,4
2470,0009A6,120,78,x
2471,0009A7,148,94,
2472,0009A8,184,B8,
2473,0009A9,0,00,
2474,0009AA,0,00,
2475,0009AB,0,00,
2476,0009AC,17,11,
2477,0009AD,189,BD,
2478,0009AE,85,55,U
2479,0009AF,170,AA,
2480,0009B0,246,F6,
2481,0009B1,15,0F,
2482,0009B2,0,00,
2483,0009B3,9,09,
2484,0009B4,52,34,4
2485,0009B5,120,78,x
2486,0009B6,148,94,
2487,0009B7,185,B9,
2488,0009B8,0,00,
2489,0009B9,0,00,
2490,0009BA,0,00,
2491,0009BB,18,12,
2492,0009BC,52,34,4
2493,0009BD,120,78,x
2494,0009BE,148,94,
2495,0009BF,186,BA,
2496,0009C0,0,00,
2497,0009C1,0,00,
2498,0009C2,0,00,
2499,0009C3,19,13,
2500,0009C4,52,34,4
2501,0009C5,120,78,x
2502,0009C6,148,94,
2503,0009C7,187,BB,
2504,0009C8,0,00,
2505,0009C9,0,00,
2506,0009CA,0,00,
2507,0009CB,19,13,
2508,0009CC,52,34,4
2509,0009CD,120,78,x
2510,0009CE,148,94,
2511,0009CF,188,BC,
2512,0009D0,0,00,
2513,0009D1,0,00,
2514,0009D2,0,00,
2515,0009D3,20,14,
2516,0009D4,52,34,4
2517,0009D5,120,78,x
2518,0009D6,148,94,
2519,0009D7,189,BD,
2520,0009D8,0,00,
2521,0009D9,0,00,
2522,0009DA,0,00,
2523,0009DB,22,16,
2524,0009DC,52,34,4
2525,0009DD,120,78,x
2526,0009DE,148,94,
2527,0009DF,192,C0,
2528,0009E0,0,00,
2529,0009E1,0,00,
2530,0009E2,0,00,
2531,0009E3,23,17,
2532,0009E4,52,34,4
2533,0009E5,120,78,x
2534,0009E6,148,94,
2535,0009E7,193,C1,
2536,0009E8,0,00,
2537,0009E9,0,00,
2538,0009EA,0,00,
2539,0009EB,24,18,
2540,0009EC,52,34,4
2541,0009ED,120,78,x
2542,0009EE,148,94,
2543,0009EF,194,C2,
2544,0009F0,0,00,
2545,0009F1,0,00,
2546,0009F2,0,00,
2547,0009F3,23,17,
2548,0009F4,52,34,4
2549,0009F5,120,78,x
2550,0009F6,148,94,
2551,0009F7,195,C3,
2552,0009F8,0,00,
2553,0009F9,0,00,
2554,0009FA,0,00,
2555,0009FB,23,17,
2556,0009FC,52,34,4
2557,0009FD,120,78,x
2558,0009FE,148,94,
2559,0009FF,196,C4,
2560,000A00,0,00,
2561,000A01,0,00,
2562,000A02,0,00,
2563,000A03,21,15,
2564,000A04,52,34,4
2565,000A05,120,78,x
2566,000A06,148,94,
2567,000A07,197,C5,
2568,000A08,0,00,
2569,000A09,0,00,
2570,000A0A,0,00,
2571,000A0B,17,11,
2572,000A0C,52,34,4
2573,000A0D,120,78,x
2574,000A0E,148,94,
2575,000A0F,198,C6,
2576,000A10,0,00,
2577,000A11,0,00,
2578,000A12,0,00,
2579,000A13,16,10,
2580,000A14,52,34,4
2581,000A15,120,78,x
2582,000A16,148,94,
2583,000A17,199,C7,
2584,000A18,0,00,
2585,000A19,0,00,
2586,000A1A,0,00,
2587,000A1B,15,0F,
2588,000A1C,52,34,4
2589,000A1D,120,78,x
2590,000A1E,148,94,
2591,000A1F,200,C8,
2592,000A20,0,00,
2593,000A21,0,00,
2594,000A22,0,00,
2595,000A23,14,0E,
2596,000A24,52,34,4
2597,000A25,120,78,x
2598,000A26,148,94,
2599,000A27,201,C9,
2600,000A28,0,00,
2601,000A29,0,00,
2602,000A2A,0,00,
2603,000A2B,13,0D,
2604,000A2C,52,34,4
2605,000A2D,120,78,x
2606,000A2E,148,94,
2607,000A2F,202,CA,
2608,000A30,0,00,
2609,000A31,0,00,
2610,000A32,0,00,
2611,000A33,13,0D,
2612,000A34,52,34,4
2613,000A35,120,78,x
2614,000A36,148,94,
2615,000A37,203,CB,
2616,000A38,0,00,
2617,000A39,0,00,
2618,000A3A,0,00,
2619,000A3B,12,0C,
2620,000A3C,52,34,4
2621,000A3D,120,78,x
2622,000A3E,148,94,
2623,000A3F,204,CC,
2624,000A40,0,00,
2625,000A41,0,00,
2626,000A42,0,00,
2627,000A43,12,0C,
2628,000A44,52,34,4
2629,000A45,120,78,x
2630,000A46,148,94,
2631,000A47,205,CD,
2632,000A48,0,00,
2633,000A49,0,00,
2634,000A4A,0,00,
2635,000A4B,10,0A,
2636,000A4C,52,34,4
2637,000A4D,120,78,x
2638,000A4E,148,94,
2639,000A4F,206,CE,
2640,000A50,0,00,
2641,000A51,0,00,
2642,000A52,0,00,
2643,000A53,10,0A,
2644,000A54,52,34,4
2645,000A55,120,78,x
2646,000A56,148,94,
2647,000A57,207,CF,
2648,000A58,0,00,
2649,000A59,0,00,
2650,000A5A,0,00,
2651,000A5B,10,0A,
2652,000A5C,52,34,4
2653,000A5D,120,78,x
2654,000A5E,148,94,
2655,000A5F,208,D0,
2656,000A60,0,00,
2657,000A61,0,00,
2658,000A62,0,00,
2659,000A63,9,09,
2660,000A64,52,34,4
2661,000A65,120,78,x
2662,000A66,148,94,
2663,000A67,209,D1,
2664,000A68,0,00,
2665,000A69,0,00,
2666,000A6A,0,00,
2667,000A6B,9,09,
2668,000A6C,52,34,4
2669,000A6D,120,78,x
2670,000A6E,148,94,
2671,000A6F,210,D2,
2672,000A70,0,00,
2673,000A71,0,00,
2674,000A72,0,00,
2675,000A73,8,08,
2676,000A74,52,34,4
2677,000A75,120,78,x
2678,000A76,148,94,
2679,000A77,211,D3,
2680,000A78,0,00,
2681,000A79,0,00,
2682,000A7A,0,00,
2683,000A7B,7,07,
2684,000A7C,52,34,4
2685,000A7D,120,78,x
2686,000A7E,148,94,
2687,000A7F,212,D4,
2688,000A80,0,00,
2689,000A81,0,00,
2690,000A82,0,00,
2691,000A83,6,06,
2692,000A84,52,34,4
2693,000A85,120,78,x
2694,000A86,148,94,
2695,000A87,213,D5,
2696,000A88,0,00,
2697,000A89,0,00,
2698,000A8A,0,00,
2699,000A8B,5,05,
2700,000A8C,52,34,4
2701,000A8D,120,78,x
2702,000A8E,148,94,
2703,000A8F,214,D6,
2704,000A90,0,00,
2705,000A91,0,00,
2706,000A92,0,00,
2707,000A93,5,05,
2708,000A94,52,34,4
2709,000A95,120,78,x
2710,000A96,148,94,
2711,000A97,215,D7,
2712,000A98,0,00,
2713,000A99,0,00,
2714,000A9A,0,00,
2715,000A9B,5,05,
2716,000A9C,52,34,4
2717,000A9D,120,78,x
2718,000A9E,148,94,
2719,000A9F,216,D8,
2720,000AA0,0,00,
2721,000AA1,0,00,
2722,000AA2,0,00,
2723,000AA3,5,05,
2724,000AA4,104,68,h
2725,000AA5,85,55,U
2726,000AA6,170,AA,
2727,000AA7,246,F6,
2728,000AA8,15,0F,
2729,000AA9,0,00,
2730,000AAA,10,0A,
2731,000AAB,52,34,4
2732,000AAC,120,78,x
2733,000AAD,148,94,
2734,000AAE,217,D9,
2735,000AAF,0,00,
2736,000AB0,0,00,
2737,000AB1,0,00,
2738,000AB2,7,07,
2739,000AB3,52,34,4
2740,000AB4,120,78,x
2741,000AB5,148,94,
2742,000AB6,218,DA,
2743,000AB7,0,00,
2744,000AB8,0,00,
2745,000AB9,0,00,
2746,000ABA,9,09,
2747,000ABB,52,34,4
2748,000ABC,120,78,x
2749,000ABD,148,94,
2750,000ABE,219,DB,
2751,000ABF,0,00,
2752,000AC0,0,00,
2753,000AC1,0,00,
2754,000AC2,9,09,
2755,000AC3,52,34,4
2756,000AC4,120,78,x
2757,000AC5,148,94,
2758,000AC6,220,DC,
2759,000AC7,0,00,
2760,000AC8,0,00,
2761,000AC9,0,00,
2762,000ACA,10,0A,
2763,000ACB,52,34,4
2764,000ACC,120,78,x
2765,000ACD,148,94,
2766,000ACE,221,DD,
2767,000ACF,0,00,
2768,000AD0,0,00,
2769,000AD1,0,00,
2770,000AD2,10,0A,
2771,000AD3,52,34,4
2772,000AD4,120,78,x
2773,000AD5,148,94,
2774,000AD6,224,E0,
2775,000AD7,0,00,
2776,000AD8,0,00,
2777,000AD9,0,00,
2778,000ADA,11,0B,
2779,000ADB,52,34,4
2780,000ADC,120,78,x
2781,000ADD,148,94,
2782,000ADE,225,E1,
2783,000ADF,0,00,
2784,000AE0,0,00,
2785,000AE1,0,00,
2786,000AE2,11,0B,
2787,000AE3,52,34,4
2788,000AE4,120,78,x
2789,000AE5,148,94,
2790,000AE6,226,E2,
2791,000AE7,0,00,
2792,000AE8,0,00,
2793,000AE9,0,00,
2794,000AEA,12,0C,
2795,000AEB,52,34,4
2796,000AEC,120,78,x
2797,000AED,148,94,
2798,000AEE,227,E3,
2799,000AEF,0,00,
2800,000AF0,0,00,
2801,000AF1,0,00,
2802,000AF2,12,0C,
2803,000AF3,52,34,4
2804,000AF4,120,78,x
2805,000AF5,148,94,
2806,000AF6,228,E4,
2807,000AF7,0,00,
2808,000AF8,0,00,
2809,000AF9,0,00,
2810,000AFA,12,0C,
2811,000AFB,52,34,4
2812,000AFC,120,78,x
2813,000AFD,148,94,
2814,000AFE,229,E5,
2815,000AFF,0,00,
2816,000B00,0,00,
2817,000B01,0,00,
2818,000B02,12,0C,
2819,000B03,52,34,4
2820,000B04,120,78,x
2821,000B05,148,94,
2822,000B06,230,E6,
2823,000B07,0,00,
2824,000B08,0,00,
2825,000B09,0,00,
2826,000B0A,11,0B,
2827,000B0B,52,34,4
2828,000B0C,120,78,x
2829,000B0D,148,94,
2830,000B0E,231,E7,
2831,000B0F,0,00,
2832,000B10,0,00,
2833,000B11,0,00,
2834,000B12,11,0B,
2835,000B13,52,34,4
2836,000B14,120,78,x
2837,000B15,148,94,
2838,000B16,232,E8,
2839,000B17,0,00,
2840,000B18,0,00,
2841,000B19,0,00,
2842,000B1A,11,0B,
2843,000B1B,52,34,4
2844,000B1C,120,78,x
2845,000B1D,148,94,
2846,000B1E,233,E9,
2847,000B1F,0,00,
2848,000B20,0,00,
2849,000B21,0,00,
2850,000B22,11,0B,
2851,000B23,52,34,4
2852,000B24,120,78,x
2853,000B25,148,94,
2854,000B26,234,EA,
2855,000B27,0,00,
2856,000B28,0,00,
2857,000B29,0,00,
2858,000B2A,11,0B,
2859,000B2B,52,34,4
2860,000B2C,120,78,x
2861,000B2D,148,94,
2862,000B2E,235,EB,
2863,000B2F,0,00,
2864,000B30,0,00,
2865,000B31,0,00,
2866,000B32,11,0B,
2867,000B33,52,34,4
2868,000B34,120,78,x
2869,000B35,148,94,
2870,000B36,236,EC,
2871,000B37,0,00,
2872,000B38,0,00,
2873,000B39,0,00,
2874,000B3A,11,0B,
2875,000B3B,52,34,4
2876,000B3C,120,78,x
2877,000B3D,148,94,
2878,000B3E,237,ED,
2879,000B3F,0,00,
2880,000B40,0,00,
2881,000B41,0,00,
2882,000B42,11,0B,
2883,000B43,52,34,4
2884,000B44,120,78,x
2885,000B45,148,94,
2886,000B46,238,EE,
2887,000B47,0,00,
2888,000B48,0,00,
2889,000B49,0,00,
2890,000B4A,10,0A,
2891,000B4B,52,34,4
2892,000B4C,120,78,x
2893,000B4D,148,94,
2894,000B4E,239,EF,
2895,000B4F,0,00,
2896,000B50,0,00,
2897,000B51,0,00,
2898,000B52,10,0A,
2899,000B53,52,34,4
2900,000B54,120,78,x
2901,000B55,148,94,
2902,000B56,240,F0,
2903,000B57,0,00,
2904,000B58,0,00,
2905,000B59,0,00,
2906,000B5A,10,0A,
2907,000B5B,52,34,4
2908,000B5C,120,78,x
2909,000B5D,148,94,
2910,000B5E,241,F1,
2911,000B5F,0,00,
2912,000B60,0,00,
2913,000B61,0,00,
2914,000B62,9,09,
2915,000B63,52,34,4
2916,000B64,120,78,x
2917,000B65,148,94,
2918,000B66,242,F2,
2919,000B67,0,00,
2920,000B68,0,00,
2921,000B69,0,00,
2922,000B6A,9,09,
2923,000B6B,52,34,4
2924,000B6C,120,78,x
2925,000B6D,148,94,
2926,000B6E,243,F3,
2927,000B6F,0,00,
2928,000B70,0,00,
2929,000B71,0,00,
2930,000B72,9,09,
2931,000B73,52,34,4
2932,000B74,120,78,x
2933,000B75,148,94,
2934,000B76,244,F4,
2935,000B77,0,00,
2936,000B78,0,00,
2937,000B79,0,00,
2938,000B7A,10,0A,
2939,000B7B,52,34,4
2940,000B7C,120,78,x
2941,000B7D,148,94,
2942,000B7E,245,F5,
2943,000B7F,0,00,
2944,000B80,0,00,
2945,000B81,0,00,
2946,000B82,10,0A,
2947,000B83,52,34,4
2948,000B84,120,78,x
2949,000B85,148,94,
2950,000B86,246,F6,
2951,000B87,0,00,
2952,000B88,0,00,
2953,000B89,0,00,
2954,000B8A,11,0B,
2955,000B8B,52,34,4
2956,000B8C,120,78,x
2957,000B8D,148,94,
2958,000B8E,247,F7,
2959,000B8F,0,00,
2960,000B90,0,00,
2961,000B91,0,00,
2962,000B92,11,0B,
2963,000B93,52,34,4
2964,000B94,120,78,x
2965,000B95,148,94,
2966,000B96,248,F8,
2967,000B97,0,00,
2968,000B98,0,00,
2969,000B99,0,00,
2970,000B9A,12,0C,
2971,000B9B,198,C6,
2972,000B9C,85,55,U
2973,000B9D,170,AA,
2974,000B9E,246,F6,
2975,000B9F,15,0F,
2976,000BA0,0,00,
2977,000BA1,11,0B,
2978,000BA2,52,34,4
2979,000BA3,120,78,x
2980,000BA4,148,94,
2981,000BA5,249,F9,
2982,000BA6,0,00,
2983,000BA7,0,00,
2984,000BA8,0,00,
2985,000BA9,13,0D,
2986,000BAA,52,34,4
2987,000BAB,120,78,x
2988,000BAC,148,94,
2989,000BAD,250,FA,
2990,000BAE,0,00,
2991,000BAF,0,00,
2992,000BB0,0,00,
2993,000BB1,15,0F,
2994,000BB2,52,34,4
2995,000BB3,120,78,x
2996,000BB4,148,94,
2997,000BB5,251,FB,
2998,000BB6,0,00,
2999,000BB7,0,00,
3000,000BB8,0,00,
3001,000BB9,18,12,
3002,000BBA,52,34,4
3003,000BBB,120,78,x
3004,000BBC,148,94,
3005,000BBD,252,FC,
3006,000BBE,0,00,
3007,000BBF,0,00,
3008,000BC0,0,00,
3009,000BC1,20,14,
3010,000BC2,52,34,4
3011,000BC3,120,78,x
3012,000BC4,148,94,
3013,000BC5,253,FD,
3014,000BC6,0,00,
3015,000BC7,0,00,
3016,000BC8,0,00,
3017,000BC9,21,15,
3018,000BCA,52,34,4
3019,000BCB,120,78,x
3020,000BCC,149,95,
3021,000BCD,0,00,
3022,000BCE,0,00,
3023,000BCF,0,00,
3024,000BD0,0,00,
3025,000BD1,21,15,
3026,000BD2,52,34,4
3027,000BD3,120,78,x
3028,000BD4,149,95,
3029,000BD5,1,01,
3030,000BD6,0,00,
3031,000BD7,0,00,
3032,000BD8,0,00,
3033,000BD9,20,14,
3034,000BDA,52,34,4
3035,000BDB,120,78,x
3036,000BDC,149,95,
3037,000BDD,2,02,
3038,000BDE,0,00,
3039,000BDF,0,00,
3040,000BE0,0,00,
3041,000BE1,20,14,
3042,000BE2,52,34,4
3043,000BE3,120,78,x
3044,000BE4,149,95,
3045,000BE5,3,03,
3046,000BE6,0,00,
3047,000BE7,0,00,
3048,000BE8,0,00,
3049,000BE9,19,13,
3050,000BEA,52,34,4
3051,000BEB,120,78,x
3052,000BEC,149,95,
3053,000BED,4,04,
3054,000BEE,0,00,
3055,000BEF,0,00,
3056,000BF0,0,00,
3057,000BF1,19,13,
3058,000BF2,52,34,4
3059,000BF3,120,78,x
3060,000BF4,149,95,
3061,000BF5,5,05,
3062,000BF6,0,00,
3063,000BF7,0,00,
3064,000BF8,0,00,
3065,000BF9,17,11,
3066,000BFA,52,34,4
3067,000BFB,120,78,x
3068,000BFC,149,95,
3069,000BFD,6,06,
3070,000BFE,0,00,
3071,000BFF,0,00,
3072,000C00,0,00,
3073,000C01,16,10,
3074,000C02,52,34,4
3075,000C03,120,78,x
3076,000C04,149,95,
3077,000C05,7,07,
3078,000C06,0,00,
3079,000C07,0,00,
3080,000C08,0,00,
3081,000C09,14,0E,
3082,000C0A,52,34,4
3083,000C0B,120,78,x
3084,000C0C,149,95,
3085,000C0D,8,08,
3086,000C0E,0,00,
3087,000C0F,0,00,
3088,000C10,0,00,
3089,000C11,12,0C,
3090,000C12,52,34,4
3091,000C13,120,78,x
3092,000C14,149,95,
3093,000C15,9,09,
3094,000C16,0,00,
3095,000C17,0,00,
3096,000C18,0,00,
3097,000C19,10,0A,
3098,000C1A,52,34,4
3099,000C1B,120,78,x
3100,000C1C,149,95,
3101,000C1D,10,0A,
3102,000C1E,0,00,
3103,000C1F,0,00,
3104,000C20,0,00,
3105,000C21,10,0A,
3106,000C22,52,34,4
3107,000C23,120,78,x
3108,000C24,149,95,
3109,000C25,11,0B,
3110,000C26,0,00,
3111,000C27,0,00,
3112,000C28,0,00,
3113,000C29,10,0A,
3114,000C2A,52,34,4
3115,000C2B,120,78,x
3116,000C2C,149,95,
3117,000C2D,12,0C,
3118,000C2E,0,00,
3119,000C2F,0,00,
3120,000C30,0,00,
3121,000C31,10,0A,
3122,000C32,52,34,4
3123,000C33,120,78,x
3124,000C34,149,95,
3125,000C35,13,0D,
3126,000C36,0,00,
3127,000C37,0,00,
3128,000C38,0,00,
3129,000C39,10,0A,
3130,000C3A,52,34,4
3131,000C3B,120,78,x
3132,000C3C,149,95,
3133,000C3D,14,0E,
3134,000C3E,0,00,
3135,000C3F,0,00,
3136,000C40,0,00,
3137,000C41,10,0A,
3138,000C42,52,34,4
3139,000C43,120,78,x
3140,000C44,149,95,
3141,000C45,15,0F,
3142,000C46,0,00,
3143,000C47,0,00,
3144,000C48,0,00,
3145,000C49,9,09,
3146,000C4A,52,34,4
3147,000C4B,120,78,x
3148,000C4C,149,95,
3149,000C4D,16,10,
3150,000C4E,0,00,
3151,000C4F,0,00,
3152,000C50,0,00,
3153,000C51,9,09,
3154,000C52,52,34,4
3155,000C53,120,78,x
3156,000C54,149,95,
3157,000C55,17,11,
3158,000C56,0,00,
3159,000C57,0,00,
3160,000C58,0,00,
3161,000C59,9,09,
3162,000C5A,52,34,4
3163,000C5B,120,78,x
3164,000C5C,149,95,
3165,000C5D,18,12,
3166,000C5E,0,00,
3167,000C5F,0,00,
3168,000C60,0,00,
3169,000C61,10,0A,
3170,000C62,52,34,4
3171,000C63,120,78,x
3172,000C64,149,95,
3173,000C65,19,13,
3174,000C66,0,00,
3175,000C67,0,00,
3176,000C68,0,00,
3177,000C69,11,0B,
3178,000C6A,52,34,4
3179,000C6B,120,78,x
3180,000C6C,149,95,
3181,000C6D,20,14,
3182,000C6E,0,00,
3183,000C6F,0,00,
3184,000C70,0,00,
3185,000C71,10,0A,
3186,000C72,52,34,4
3187,000C73,120,78,x
3188,000C74,149,95,
3189,000C75,21,15,
3190,000C76,0,00,
3191,000C77,0,00,
3192,000C78,0,00,
3193,000C79,10,0A,
3194,000C7A,52,34,4
3195,000C7B,120,78,x
3196,000C7C,149,95,
3197,000C7D,22,16,
3198,000C7E,0,00,
3199,000C7F,0,00,
3200,000C80,0,00,
3201,000C81,10,0A,
3202,000C82,52,34,4
3203,000C83,120,78,x
3204,000C84,149,95,
3205,000C85,23,17,
3206,000C86,0,00,
3207,000C87,0,00,
3208,000C88,0,00,
3209,000C89,10,0A,
3210,000C8A,52,34,4
3211,000C8B,120,78,x
3212,000C8C,149,95,
3213,000C8D,24,18,
3214,000C8E,0,00,
3215,000C8F,0,00,
3216,000C90,0,00,
3217,000C91,10,0A,
3218,000C92,249,F9,
3219,000C93,85,55,U
3220,000C94,170,AA,
3221,000C95,246,F6,
3222,000C96,15,0F,
3223,000C97,0,00,
3224,000C98,12,0C,
3225,000C99,52,34,4
3226,000C9A,120,78,x
3227,000C9B,149,95,
3228,000C9C,25,19,
3229,000C9D,0,00,
3230,000C9E,0,00,
3231,000C9F,0,00,
3232,000CA0,11,0B,
3233,000CA1,52,34,4
3234,000CA2,120,78,x
3235,000CA3,149,95,
3236,000CA4,26,1A,
3237,000CA5,0,00,
3238,000CA6,0,00,
3239,000CA7,0,00,
3240,000CA8,11,0B,
3241,000CA9,52,34,4
3242,000CAA,120,78,x
3243,000CAB,149,95,
3244,000CAC,27,1B,
3245,000CAD,0,00,
3246,000CAE,0,00,
3247,000CAF,0,00,
3248,000CB0,11,0B,
3249,000CB1,52,34,4
3250,000CB2,120,78,x
3251,000CB3,149,95,
3252,000CB4,28,1C,
3253,000CB5,0,00,
3254,000CB6,0,00,
3255,000CB7,0,00,
3256,000CB8,10,0A,
3257,000CB9,52,34,4
3258,000CBA,120,78,x
3259,000CBB,149,95,
3260,000CBC,29,1D,
3261,000CBD,0,00,
3262,000CBE,0,00,
3263,000CBF,0,00,
3264,000CC0,10,0A,
3265,000CC1,52,34,4
3266,000CC2,120,78,x
3267,000CC3,149,95,
3268,000CC4,32,20, 
3269,000CC5,0,00,
3270,000CC6,0,00,
3271,000CC7,0,00,
3272,000CC8,11,0B,
3273,000CC9,52,34,4
3274,000CCA,120,78,x
3275,000CCB,149,95,
3276,000CCC,33,21,!
3277,000CCD,0,00,
3278,000CCE,0,00,
3279,000CCF,0,00,
3280,000CD0,12,0C,
3281,000CD1,52,34,4
3282,000CD2,120,78,x
3283,000CD3,149,95,
3284,000CD4,34,22,"
3285,000CD5,0,00,
3286,000CD6,0,00,
3287,000CD7,0,00,
3288,000CD8,13,0D,
3289,000CD9,52,34,4
3290,000CDA,120,78,x
3291,000CDB,149,95,
3292,000CDC,35,23,#
3293,000CDD,0,00,
3294,000CDE,0,00,
3295,000CDF,0,00,
3296,000CE0,15,0F,
3297,000CE1,52,34,4
3298,000CE2,120,78,x
3299,000CE3,149,95,
3300,000CE4,36,24,$
3301,000CE5,0,00,
3302,000CE6,0,00,
3303,000CE7,0,00,
3304,000CE8,16,10,
3305,000CE9,52,34,4
3306,000CEA,120,78,x
3307,000CEB,149,95,
3308,000CEC,37,25,%
3309,000CED,0,00,
3310,000CEE,0,00,
3311,000CEF,0,00,
3312,000CF0,16,10,
3313,000CF1,52,34,4
3314,000CF2,120,78,x
3315,000CF3,149,95,
3316,000CF4,38,26,&
3317,000CF5,0,00,
3318,000CF6,0,00,
3319,000CF7,0,00,
3320,000CF8,15,0F,
3321,000CF9,52,34,4
3322,000CFA,120,78,x
3323,000CFB,149,95,
3324,000CFC,39,27,'
3325,000CFD,0,00,
3326,000CFE,0,00,
3327,000CFF,0,00,
3328,000D00,15,0F,
3329,000D01,52,34,4
3330,000D02,120,78,x
3331,000D03,149,95,
3332,000D04,40,28,(
3333,000D05,0,00,
3334,000D06,0,00,
3335,000D07,0,00,
3336,000D08,15,0F,
3337,000D09,52,34,4
3338,000D0A,120,78,x
3339,000D0B,149,95,
3340,000D0C,41,29,)
3341,000D0D,0,00,
3342,000D0E,0,00,
3343,000D0F,0,00,
3344,000D10,15,0F,
3345,000D11,52,34,4
3346,000D12,120,78,x
3347,000D13,149,95,
3348,000D14,42,2A,*
3349,000D15,0,00,
3350,000D16,0,00,
3351,000D17,0,00,
3352,000D18,15,0F,
3353,000D19,52,34,4
3354,000D1A,120,78,x
3355,000D1B,149,95,
3356,000D1C,43,2B,+
3357,000D1D,0,00,
3358,000D1E,0,00,
3359,000D1F,0,00,
3360,000D20,15,0F,
3361,000D21,52,34,4
3362,000D22,120,78,x
3363,000D23,149,95,
3364,000D24,44,2C,,
3365,000D25,0,00,
3366,000D26,0,00,
3367,000D27,0,00,
3368,000D28,15,0F,
3369,000D29,52,34,4
3370,000D2A,120,78,x
3371,000D2B,149,95,
3372,000D2C,45,2D,-
3373,000D2D,0,00,
3374,000D2E,0,00,
3375,000D2F,0,00,
3376,000D30,14,0E,
3377,000D31,52,34,4
3378,000D32,120,78,x
3379,000D33,149,95,
3380,000D34,46,2E,.
3381,000D35,0,00,
3382,000D36,0,00,
3383,000D37,0,00,
3384,000D38,14,0E,
3385,000D39,52,34,4
3386,000D3A,120,78,x
3387,000D3B,149,95,
3388,000D3C,47,2F,/
3389,000D3D,0,00,
3390,000D3E,0,00,
3391,000D3F,0,00,
3392,000D40,15,0F,
3393,000D41,52,34,4
3394,000D42,120,78,x
3395,000D43,149,95,
3396,000D44,48,30,0
3397,000D45,0,00,
3398,000D46,0,00,
3399,000D47,0,00,
3400,000D48,15,0F,
3401,000D49,52,34,4
3402,000D4A,120,78,x
3403,000D4B,149,95,
3404,000D4C,49,31,1
3405,000D4D,0,00,
3406,000D4E,0,00,
3407,000D4F,0,00,
3408,000D50,16,10,
3409,000D51,52,34,4
3410,000D52,120,78,x
3411,000D53,149,95,
3412,000D54,50,32,2
3413,000D55,0,00,
3414,000D56,0,00,
3415,000D57,0,00,
3416,000D58,17,11,
3417,000D59,52,34,4
3418,000D5A,120,78,x
3419,000D5B,149,95,
3420,000D5C,51,33,3
3421,000D5D,0,00,
3422,000D5E,0,00,
3423,000D5F,0,00,
3424,000D60,19,13,
3425,000D61,52,34,4
3426,000D62,120,78,x
3427,000D63,149,95,
3428,000D64,52,34,4
3429,000D65,0,00,
3430,000D66,0,00,
3431,000D67,0,00,
3432,000D68,19,13,
3433,000D69,52,34,4
3434,000D6A,120,78,x
3435,000D6B,149,95,
3436,000D6C,53,35,5
3437,000D6D,0,00,
3438,000D6E,0,00,
3439,000D6F,0,00,
3440,000D70,19,13,
3441,000D71,52,34,4
3442,000D72,120,78,x
3443,000D73,149,95,
3444,000D74,54,36,6
3445,000D75,0,00,
3446,000D76,0,00,
3447,000D77,0,00,
3448,000D78,17,11,
3449,000D79,52,34,4
3450,000D7A,120,78,x
3451,000D7B,149,95,
3452,000D7C,55,37,7
3453,000D7D,0,00,
3454,000D7E,0,00,
3455,000D7F,0,00,
3456,000D80,16,10,
3457,000D81,52,34,4
3458,000D82,120,78,x
3459,000D83,149,95,
3460,000D84,56,38,8
3461,000D85,0,00,
3462,000D86,0,00,
3463,000D87,0,00,
3464,000D88,14,0E,
3465,000D89,224,E0,
3466,000D8A,85,55,U
3467,000D8B,170,AA,
3468,000D8C,246,F6,
3469,000D8D,15,0F,
3470,000D8E,0,00,
3471,000D8F,13,0D,
3472,000D90,52,34,4
3473,000D91,120,78,x
3474,000D92,149,95,
3475,000D93,57,39,9
3476,000D94,0,00,
3477,000D95,0,00,
3478,000D96,0,00,
3479,000D97,13,0D,
3480,000D98,52,34,4
3481,000D99,120,78,x
3482,000D9A,149,95,
3483,000D9B,58,3A,:
3484,000D9C,0,00,
3485,000D9D,0,00,
3486,000D9E,0,00,
3487,000D9F,13,0D,
3488,000DA0,52,34,4
3489,000DA1,120,78,x
3490,000DA2,149,95,
3491,000DA3,59,3B,;
3492,000DA4,0,00,
3493,000DA5,0,00,
3494,000DA6,0,00,
3495,000DA7,12,0C,
3496,000DA8,52,34,4
3497,000DA9,120,78,x
3498,000DAA,149,95,
3499,000DAB,60,3C,<
3500,000DAC,0,00,
3501,000DAD,0,00,
3502,000DAE,0,00,
3503,000DAF,11,0B,
3504,000DB0,52,34,4
3505,000DB1,120,78,x
3506,000DB2,149,95,
3507,000DB3,61,3D,=
3508,000DB4,0,00,
3509,000DB5,0,00,
3510,000DB6,0,00,
3511,000DB7,10,0A,
3512,000DB8,52,34,4
3513,000DB9,120,78,x
3514,000DBA,149,95,
3515,000DBB,64,40,@
3516,000DBC,0,00,
3517,000DBD,0,00,
3518,000DBE,0,00,
3519,000DBF,9,09,
3520,000DC0,52,34,4
3521,000DC1,120,78,x
3522,000DC2,149,95,
3523,000DC3,65,41,A
3524,000DC4,0,00,
3525,000DC5,0,00,
3526,000DC6,0,00,
3527,000DC7,10,0A,
3528,000DC8,52,34,4
3529,000DC9,120,78,x
3530,000DCA,149,95,
3531,000DCB,66,42,B
3532,000DCC,0,00,
3533,000DCD,0,00,
3534,000DCE,0,00,
3535,000DCF,11,0B,
3536,000DD0,52,34,4
3537,000DD1,120,78,x
3538,000DD2,149,95,
3539,000DD3,67,43,C
3540,000DD4,0,00,
3541,000DD5,0,00,
3542,000DD6,0,00,
3543,000DD7,13,0D,
3544,000DD8,52,34,4
3545,000DD9,120,78,x
3546,000DDA,149,95,
3547,000DDB,68,44,D
3548,000DDC,0,00,
3549,000DDD,0,00,
3550,000DDE,0,00,
3551,000DDF,15,0F,
3552,000DE0,52,34,4
3553,000DE1,120,78,x
3554,000DE2,149,95,
3555,000DE3,69,45,E
3556,000DE4,0,00,
3557,000DE5,0,00,
3558,000DE6,0,00,
3559,000DE7,16,10,
3560,000DE8,52,34,4
3561,000DE9,120,78,x
3562,000DEA,149,95,
3563,000DEB,70,46,F
3564,000DEC,0,00,
3565,000DED,0,00,
3566,000DEE,0,00,
3567,000DEF,17,11,
3568,000DF0,52,34,4
3569,000DF1,120,78,x
3570,000DF2,149,95,
3571,000DF3,71,47,G
3572,000DF4,0,00,
3573,000DF5,0,00,
3574,000DF6,0,00,
3575,000DF7,17,11,
3576,000DF8,52,34,4
3577,000DF9,120,78,x
3578,000DFA,149,95,
3579,000DFB,72,48,H
3580,000DFC,0,00,
3581,000DFD,0,00,
3582,000DFE,0,00,
3583,000DFF,18,12,
3584,000E00,52,34,4
3585,000E01,120,78,x
3586,000E02,149,95,
3587,000E03,73,49,I
3588,000E04,0,00,
3589,000E05,0,00,
3590,000E06,0,00,
3591,000E07,18,12,
3592,000E08,52,34,4
3593,000E09,120,78,x
3594,000E0A,149,95,
3595,000E0B,74,4A,J
3596,000E0C,0,00,
3597,000E0D,0,00,
3598,000E0E,0,00,
3599,000E0F,18,12,
3600,000E10,52,34,4
3601,000E11,120,78,x
3602,000E12,149,95,
3603,000E13,75,4B,K
3604,000E14,0,00,
3605,000E15,0,00,
3606,000E16,0,00,
3607,000E17,18,12,
3608,000E18,52,34,4
3609,000E19,120,78,x
3610,000E1A,149,95,
3611,000E1B,76,4C,L
3612,000E1C,0,00,
3613,000E1D,0,00,
3614,000E1E,0,00,
3615,000E1F,18,12,
3616,000E20,52,34,4
3617,000E21,120,78,x
3618,000E22,149,95,
3619,000E23,77,4D,M
3620,000E24,0,00,
3621,000E25,0,00,
3622,000E26,0,00,
3623,000E27,17,11,
3624,000E28,52,34,4
3625,000E29,120,78,x
3626,000E2A,149,95,
3627,000E2B,78,4E,N
3628,000E2C,0,00,
3629,000E2D,0,00,
3630,000E2E,0,00,
3631,000E2F,16,10,
3632,000E30,52,34,4
3633,000E31,120,78,x
3634,000E32,149,95,
3635,000E33,79,4F,O
3636,000E34,0,00,
3637,000E35,0,00,
3638,000E36,0,00,
3639,000E37,14,0E,
3640,000E38,52,34,4
3641,000E39,120,78,x
3642,000E3A,149,95,
3643,000E3B,80,50,P
3644,000E3C,0,00,
3645,000E3D,0,00,
3646,000E3E,0,00,
3647,000E3F,13,0D,
3648,000E40,52,34,4
3649,000E41,120,78,x
3650,000E42,149,95,
3651,000E43,81,51,Q
3652,000E44,0,00,
3653,000E45,0,00,
3654,000E46,0,00,
3655,000E47,12,0C,
3656,000E48,52,34,4
3657,000E49,120,78,x
3658,000E4A,149,95,
3659,000E4B,82,52,R
3660,000E4C,0,00,
3661,000E4D,0,00,
3662,000E4E,0,00,
3663,000E4F,11,0B,
3664,000E50,52,34,4
3665,000E51,120,78,x
3666,000E52,149,95,
3667,000E53,83,53,S
3668,000E54,0,00,
3669,000E55,0,00,
3670,000E56,0,00,
3671,000E57,11,0B,
3672,000E58,52,34,4
3673,000E59,120,78,x
3674,000E5A,149,95,
3675,000E5B,84,54,T
3676,000E5C,0,00,
3677,000E5D,0,00,
3678,000E5E,0,00,
3679,000E5F,11,0B,
3680,000E60,52,34,4
3681,000E61,120,78,x
3682,000E62,149,95,
3683,000E63,85,55,U
3684,000E64,0,00,
3685,000E65,0,00,
3686,000E66,0,00,
3687,000E67,11,0B,
3688,000E68,52,34,4
3689,000E69,120,78,x
3690,000E6A,149,95,
3691,000E6B,86,56,V
3692,000E6C,0,00,
3693,000E6D,0,00,
3694,000E6E,0,00,
3695,000E6F,12,0C,
3696,000E70,52,34,4
3697,000E71,120,78,x
3698,000E72,149,95,
3699,000E73,87,57,W
3700,000E74,0,00,
3701,000E75,0,00,
3702,000E76,0,00,
3703,000E77,12,0C,
3704,000E78,52,34,4
3705,000E79,120,78,x
3706,000E7A,149,95,
3707,000E7B,88,58,X
3708,000E7C,0,00,
3709,000E7D,0,00,
3710,000E7E,0,00,
3711,000E7F,12,0C,
3712,000E80,134,86,
3713,000E81,85,55,U
3714,000E82,170,AA,
3715,000E83,246,F6,
3716,000E84,15,0F,
3717,000E85,0,00,
3718,000E86,14,0E,
3719,000E87,52,34,4
3720,000E88,120,78,x
3721,000E89,149,95,
3722,000E8A,89,59,Y
3723,000E8B,0,00,
3724,000E8C,0,00,
3725,000E8D,0,00,
3726,000E8E,14,0E,
3727,000E8F,52,34,4
3728,000E90,120,78,x
3729,000E91,149,95,
3730,000E92,90,5A,Z
3731,000E93,0,00,
3732,000E94,0,00,
3733,000E95,0,00,
3734,000E96,16,10,
3735,000E97,52,34,4
3736,000E98,120,78,x
3737,000E99,149,95,
3738,000E9A,91,5B,[
3739,000E9B,0,00,
3740,000E9C,0,00,
3741,000E9D,0,00,
3742,000E9E,19,13,
3743,000E9F,52,34,4
3744,000EA0,120,78,x
3745,000EA1,149,95,
3746,000EA2,92,5C,\
3747,000EA3,0,00,
3748,000EA4,0,00,
3749,000EA5,0,00,
3750,000EA6,20,14,
3751,000EA7,52,34,4
3752,000EA8,120,78,x
3753,000EA9,149,95,
3754,000EAA,93,5D,]
3755,000EAB,0,00,
3756,000EAC,0,00,
3757,000EAD,0,00,
3758,000EAE,22,16,
3759,000EAF,52,34,4
3760,000EB0,120,78,x
3761,000EB1,149,95,
3762,000EB2,96,60,`
3763,000EB3,0,00,
3764,000EB4,0,00,
3765,000EB5,0,00,
3766,000EB6,23,17,
3767,000EB7,52,34,4
3768,000EB8,120,78,x
3769,000EB9,149,95,
3770,000EBA,97,61,a
3771,000EBB,0,00,
3772,000EBC,0,00,
3773,000EBD,0,00,
3774,000EBE,23,17,
3775,000EBF,52,34,4
3776,000EC0,120,78,x
3777,000EC1,149,95,
3778,000EC2,98,62,b
3779,000EC3,0,00,
3780,000EC4,0,00,
3781,000EC5,0,00,
3782,000EC6,23,17,
3783,000EC7,52,34,4
3784,000EC8,120,78,x
3785,000EC9,149,95,
3786,000ECA,99,63,c
3787,000ECB,0,00,
3788,000ECC,0,00,
3789,000ECD,0,00,
3790,000ECE,24,18,
3791,000ECF,52,34,4
3792,000ED0,120,78,x
3793,000ED1,149,95,
3794,000ED2,100,64,d
3795,000ED3,0,00,
3796,000ED4,0,00,
3797,000ED5,0,00,
3798,000ED6,24,18,
3799,000ED7,52,34,4
3800,000ED8,120,78,x
3801,000ED9,149,95,
3802,000EDA,101,65,e
3803,000EDB,0,00,
3804,000EDC,0,00,
3805,000EDD,0,00,
3806,000EDE,23,17,
3807,000EDF,52,34,4
3808,000EE0,120,78,x
3809,000EE1,149,95,
3810,000EE2,102,66,f
3811,000EE3,0,00,
3812,000EE4,0,00,
3813,000EE5,0,00,
3814,000EE6,20,14,
3815,000EE7,52,34,4
3816,000EE8,120,78,x
3817,000EE9,149,95,
3818,000EEA,103,67,g
3819,000EEB,0,00,
3820,000EEC,0,00,
3821,000EED,0,00,
3822,000EEE,18,12,
3823,000EEF,52,34,4
3824,000EF0,120,78,x
3825,000EF1,149,95,
3826,000EF2,104,68,h
3827,000EF3,0,00,
3828,000EF4,0,00,
3829,000EF5,0,00,
3830,000EF6,16,10,
3831,000EF7,52,34,4
3832,000EF8,120,78,x
3833,000EF9,149,95,
3834,000EFA,105,69,i
3835,000EFB,0,00,
3836,000EFC,0,00,
3837,000EFD,0,00,
3838,000EFE,15,0F,
3839,000EFF,52,34,4
3840,000F00,120,78,x
3841,000F01,149,95,
3842,000F02,106,6A,j
3843,000F03,0,00,
3844,000F04,0,00,
3845,000F05,0,00,
3846,000F06,14,0E,
3847,000F07,52,34,4
3848,000F08,120,78,x
3849,000F09,149,95,
3850,000F0A,107,6B,k
3851,000F0B,0,00,
3852,000F0C,0,00,
3853,000F0D,0,00,
3854,000F0E,13,0D,
3855,000F0F,52,34,4
3856,000F10,120,78,x
3857,000F11,149,95,
3858,000F12,108,6C,l
3859,000F13,0,00,
3860,000F14,0,00,
3861,000F15,0,00,
3862,000F16,12,0C,
3863,000F17,52,34,4
3864,000F18,120,78,x
3865,000F19,149,95,
3866,000F1A,109,6D,m
3867,000F1B,0,00,
3868,000F1C,0,00,
3869,000F1D,0,00,
3870,000F1E,11,0B,
3871,000F1F,52,34,4
3872,000F20,120,78,x
3873,000F21,149,95,
3874,000F22,110,6E,n
3875,000F23,0,00,
3876,000F24,0,00,
3877,000F25,0,00,
3878,000F26,11,0B,
3879,000F27,52,34,4
3880,000F28,120,78,x
3881,000F29,149,95,
3882,000F2A,111,6F,o
3883,000F2B,0,00,
3884,000F2C,0,00,
3885,000F2D,0,00,
3886,000F2E,11,0B,
3887,000F2F,52,34,4
3888,000F30,120,78,x
3889,000F31,149,95,
3890,000F32,112,70,p
3891,000F33,0,00,
3892,000F34,0,00,
3893,000F35,0,00,
3894,000F36,11,0B,
3895,000F37,52,34,4
3896,000F38,120,78,x
3897,000F39,149,95,
3898,000F3A,113,71,q
3899,000F3B,0,00,
3900,000F3C,0,00,
3901,000F3D,0,00,
3902,000F3E,11,0B,
3903,000F3F,52,34,4
3904,000F40,120,78,x
3905,000F41,149,95,
3906,000F42,114,72,r
3907,000F43,0,00,
3908,000F44,0,00,
3909,000F45,0,00,
3910,000F46,11,0B,
3911,000F47,52,34,4
3912,000F48,120,78,x
3913,000F49,149,95,
3914,000F4A,115,73,s
3915,000F4B,0,00,
3916,000F4C,0,00,
3917,000F4D,0,00,
3918,000F4E,9,09,
3919,000F4F,52,34,4
3920,000F50,120,78,x
3921,000F51,149,95,
3922,000F52,116,74,t
3923,000F53,0,00,
3924,000F54,0,00,
3925,000F55,0,00,
3926,000F56,8,08,
3927,000F57,52,34,4
3928,000F58,120,78,x
3929,000F59,149,95,
3930,000F5A,117,75,u
3931,000F5B,0,00,
3932,000F5C,0,00,
3933,000F5D,0,00,
3934,000F5E,7,07,
3935,000F5F,52,34,4
3936,000F60,120,78,x
3937,000F61,149,95,
3938,000F62,118,76,v
3939,000F63,0,00,
3940,000F64,0,00,
3941,000F65,0,00,
3942,000F66,5,05,
3943,000F67,52,34,4
3944,000F68,120,78,x
3945,000F69,149,95,
3946,000F6A,119,77,w
3947,000F6B,0,00,
3948,000F6C,0,00,
3949,000F6D,0,00,
3950,000F6E,5,05,
3951,000F6F,52,34,4
3952,000F70,120,78,x
3953,000F71,149,95,
3954,000F72,120,78,x
3955,000F73,0,00,
3956,000F74,0,00,
3957,000F75,0,00,
3958,000F76,4,04,
3959,000F77,105,69,i
3960,000F78,85,55,U
3961,000F79,170,AA,
3962,000F7A,246,F6,
3963,000F7B,15,0F,
3964,000F7C,0,00,
3965,000F7D,15,0F,
3966,000F7E,52,34,4
3967,000F7F,120,78,x
3968,000F80,149,95,
3969,000F81,121,79,y
3970,000F82,0,00,
3971,000F83,0,00,
3972,000F84,0,00,
3973,000F85,4,04,
3974,000F86,52,34,4
3975,000F87,120,78,x
3976,000F88,149,95,
3977,000F89,122,7A,z
3978,000F8A,0,00,
3979,000F8B,0,00,
3980,000F8C,0,00,
3981,000F8D,4,04,
3982,000F8E,52,34,4
3983,000F8F,120,78,x
3984,000F90,149,95,
3985,000F91,123,7B,{
3986,000F92,0,00,
3987,000F93,0,00,
3988,000F94,0,00,
3989,000F95,5,05,
3990,000F96,52,34,4
3991,000F97,120,78,x
3992,000F98,149,95,
3993,000F99,124,7C,|
3994,000F9A,0,00,
3995,000F9B,0,00,
3996,000F9C,0,00,
3997,000F9D,5,05,
3998,000F9E,52,34,4
3999,000F9F,120,78,x
4000,000FA0,149,95,
4001,000FA1,125,7D,}
4002,000FA2,0,00,
4003,000FA3,0,00,
4004,000FA4,0,00,
4005,000FA5,7,07,
4006,000FA6,52,34,4
4007,000FA7,120,78,x
4008,000FA8,149,95,
4009,000FA9,128,80,
4010,000FAA,0,00,
4011,000FAB,0,00,
4012,000FAC,0,00,
4013,000FAD,9,09,
4014,000FAE,52,34,4
4015,000FAF,120,78,x
4016,000FB0,149,95,
4017,000FB1,129,81,
4018,000FB2,0,00,
4019,000FB3,0,00,
4020,000FB4,0,00,
4021,000FB5,9,09,
4022,000FB6,52,34,4
4023,000FB7,120,78,x
4024,000FB8,149,95,
4025,000FB9,130,82,
4026,000FBA,0,00,
4027,000FBB,0,00,
4028,000FBC,0,00,
4029,000FBD,11,0B,
4030,000FBE,52,34,4
4031,000FBF,120,78,x
4032,000FC0,149,95,
4033,000FC1,131,83,
4034,000FC2,0,00,
4035,000FC3,0,00,
4036,000FC4,0,00,
4037,000FC5,12,0C,
4038,000FC6,52,34,4
4039,000FC7,120,78,x
4040,000FC8,149,95,
4041,000FC9,132,84,
4042,000FCA,0,00,
4043,000FCB,0,00,
4044,000FCC,0,00,
4045,000FCD,13,0D,
4046,000FCE,52,34,4
4047,000FCF,120,78,x
4048,000FD0,149,95,
4049,000FD1,133,85,
4050,000FD2,0,00,
4051,000FD3,0,00,
4052,000FD4,0,00,
4053,000FD5,13,0D,
4054,000FD6,52,34,4
4055,000FD7,120,78,x
4056,000FD8,149,95,
4057,000FD9,134,86,
4058,000FDA,0,00,
4059,000FDB,0,00,
4060,000FDC,0,00,
4061,000FDD,13,0D,
4062,000FDE,52,34,4
4063,000FDF,120,78,x
4064,000FE0,149,95,
4065,000FE1,135,87,
4066,000FE2,0,00,
4067,000FE3,0,00,
4068,000FE4,0,00,
4069,000FE5,13,0D,
4070,000FE6,52,34,4
4071,000FE7,120,78,x
4072,000FE8,149,95,
4073,000FE9,136,88,
4074,000FEA,0,00,
4075,000FEB,0,00,
4076,000FEC,0,00,
4077,000FED,13,0D,
4078,000FEE,52,34,4
4079,000FEF,120,78,x
4080,000FF0,149,95,
4081,000FF1,137,89,
4082,000FF2,0,00,
4083,000FF3,0,00,
4084,000FF4,0,00,
4085,000FF5,13,0D,
4086,000FF6,52,34,4
4087,000FF7,120,78,x
4088,000FF8,149,95,
4089,000FF9,138,8A,
4090,000FFA,0,00,
4091,000FFB,0,00,
4092,000FFC,0,00,
4093,000FFD,13,0D,
4094,000FFE,52,34,4
4095,000FFF,120,78,x
4096,001000,149,95,
4097,001001,139,8B,
4098,001002,0,00,
4099,001003,0,00,
4100,001004,0,00,
4101,001005,14,0E,
4102,001006,52,34,4
4103,001007,120,78,x
4104,001008,149,95,
4105,001009,140,8C,
4106,00100A,0,00,
4107,00100B,0,00,
4108,00100C,0,00,
4109,00100D,14,0E,
4110,00100E,52,34,4
4111,00100F,120,78,x
4112,001010,149,95,
4113,001011,141,8D,
4114,001012,0,00,
4115,001013,0,00,
4116,001014,0,00,
4117,001015,14,0E,
4118,001016,52,34,4
4119,001017,120,78,x
4120,001018,149,95,
4121,001019,142,8E,
4122,00101A,0,00,
4123,00101B,0,00,
4124,00101C,0,00,
4125,00101D,14,0E,
4126,00101E,52,34,4
4127,00101F,120,78,x
4128,001020,149,95,
4129,001021,143,8F,
4130,001022,0,00,
4131,001023,0,00,
4132,001024,0,00,
4133,001025,15,0F,
4134,001026,52,34,4
4135,001027,120,78,x
4136,001028,149,95,
4137,001029,144,90,
4138,00102A,0,00,
4139,00102B,0,00,
4140,00102C,0,00,
4141,00102D,15,0F,
4142,00102E,52,34,4
4143,00102F,120,78,x
4144,001030,149,95,
4145,001031,145,91,
4146,001032,0,00,
4147,001033,0,00,
4148,001034,0,00,
4149,001035,14,0E,
4150,001036,52,34,4
4151,001037,120,78,x
4152,001038,149,95,
4153,001039,146,92,
4154,00103A,0,00,
4155,00103B,0,00,
4156,00103C,0,00,
4157,00103D,14,0E,
4158,00103E,52,34,4
4159,00103F,120,78,x
4160,001040,149,95,
4161,001041,147,93,
4162,001042,0,00,
4163,001043,0,00,
4164,001044,0,00,
4165,001045,13,0D,
4166,001046,52,34,4
4167,001047,120,78,x
4168,001048,149,95,
4169,001049,148,94,
4170,00104A,0,00,
4171,00104B,0,00,
4172,00104C,0,00,
4173,00104D,11,0B,
4174,00104E,52,34,4
4175,00104F,120,78,x
4176,001050,149,95,
4177,001051,149,95,
4178,001052,0,00,
4179,001053,0,00,
4180,001054,0,00,
4181,001055,10,0A,
4182,001056,52,34,4
4183,001057,120,78,x
4184,001058,149,95,
4185,001059,150,96,
4186,00105A,0,00,
4187,00105B,0,00,
4188,00105C,0,00,
4189,00105D,8,08,
4190,00105E,52,34,4
4191,00105F,120,78,x
4192,001060,149,95,
4193,001061,151,97,
4194,001062,0,00,
4195,001063,0,00,
4196,001064,0,00,
4197,001065,6,06,
4198,001066,52,34,4
4199,001067,120,78,x
4200,001068,149,95,
4201,001069,152,98,
4202,00106A,0,00,
4203,00106B,0,00,
4204,00106C,0,00,
4205,00106D,5,05,
4206,00106E,179,B3,
4207,00106F,85,55,U
4208,001070,170,AA,
4209,001071,246,F6,
4210,001072,15,0F,
4211,001073,0,00,
4212,001074,16,10,
4213,001075,52,34,4
4214,001076,120,78,x
4215,001077,149,95,
4216,001078,153,99,
4217,001079,0,00,
4218,00107A,0,00,
4219,00107B,0,00,
4220,00107C,4,04,
4221,00107D,52,34,4
4222,00107E,120,78,x
4223,00107F,149,95,
4224,001080,154,9A,
4225,001081,0,00,
4226,001082,0,00,
4227,001083,0,00,
4228,001084,4,04,
4229,001085,52,34,4
4230,001086,120,78,x
4231,001087,149,95,
4232,001088,155,9B,
4233,001089,0,00,
4234,00108A,0,00,
4235,00108B,0,00,
4236,00108C,5,05,
4237,00108D,52,34,4
4238,00108E,120,78,x
4239,00108F,149,95,
4240,001090,156,9C,
4241,001091,0,00,
4242,001092,0,00,
4243,001093,0,00,
4244,001094,6,06,
4245,001095,52,34,4
4246,001096,120,78,x
4247,001097,149,95,
4248,001098,157,9D,
4249,001099,0,00,
4250,00109A,0,00,
4251,00109B,0,00,
4252,00109C,7,07,
4253,00109D,52,34,4
4254,00109E,120,78,x
4255,00109F,149,95,
4256,0010A0,160,A0,
4257,0010A1,0,00,
4258,0010A2,0,00,
4259,0010A3,0,00,
4260,0010A4,8,08,
4261,0010A5,52,34,4
4262,0010A6,120,78,x
4263,0010A7,149,95,
4264,0010A8,161,A1,
4265,0010A9,0,00,
4266,0010AA,0,00,
4267,0010AB,0,00,
4268,0010AC,10,0A,
4269,0010AD,52,34,4
4270,0010AE,120,78,x
4271,0010AF,149,95,
4272,0010B0,162,A2,
4273,0010B1,0,00,
4274,0010B2,0,00,
4275,0010B3,0,00,
4276,0010B4,10,0A,
4277,0010B5,52,34,4
4278,0010B6,120,78,x
4279,0010B7,149,95,
4280,0010B8,163,A3,
4281,0010B9,0,00,
4282,0010BA,0,00,
4283,0010BB,0,00,
4284,0010BC,11,0B,
4285,0010BD,52,34,4
4286,0010BE,120,78,x
4287,0010BF,149,95,
4288,0010C0,164,A4,
4289,0010C1,0,00,
4290,0010C2,0,00,
4291,0010C3,0,00,
4292,0010C4,11,0B,
4293,0010C5,52,34,4
4294,0010C6,120,78,x
4295,0010C7,149,95,
4296,0010C8,165,A5,
4297,0010C9,0,00,
4298,0010CA,0,00,
4299,0010CB,0,00,
4300,0010CC,12,0C,
4301,0010CD,52,34,4
4302,0010CE,120,78,x
4303,0010CF,149,95,
4304,0010D0,166,A6,
4305,0010D1,0,00,
4306,0010D2,0,00,
4307,0010D3,0,00,
4308,0010D4,11,0B,
4309,0010D5,52,34,4
4310,0010D6,120,78,x
4311,0010D7,149,95,
4312,0010D8,167,A7,
4313,0010D9,0,00,
4314,0010DA,0,00,
4315,0010DB,0,00,
4316,0010DC,11,0B,
4317,0010DD,52,34,4
4318,0010DE,120,78,x
4319,0010DF,149,95,
4320,0010E0,168,A8,
4321,0010E1,0,00,
4322,0010E2,0,00,
4323,0010E3,0,00,
4324,0010E4,11,0B,
4325,0010E5,52,34,4
4326,0010E6,120,78,x
4327,0010E7,149,95,
4328,0010E8,169,A9,
4329,0010E9,0,00,
4330,0010EA,0,00,
4331,0010EB,0,00,
4332,0010EC,11,0B,
4333,0010ED,52,34,4
4334,0010EE,120,78,x
4335,0010EF,149,95,
4336,0010F0,170,AA,
4337,0010F1,0,00,
4338,0010F2,0,00,
4339,0010F3,0,00,
4340,0010F4,11,0B,
4341,0010F5,52,34,4
4342,0010F6,120,78,x
4343,0010F7,149,95,
4344,0010F8,171,AB,
4345,0010F9,0,00,
4346,0010FA,0,00,
4347,0010FB,0,00,
4348,0010FC,13,0D,
4349,0010FD,52,34,4
4350,0010FE,120,78,x
4351,0010FF,149,95,
4352,001100,172,AC,
4353,001101,0,00,
4354,001102,0,00,
4355,001103,0,00,
4356,001104,14,0E,
4357,001105,52,34,4
4358,001106,120,78,x
4359,001107,149,95,
4360,001108,173,AD,
4361,001109,0,00,
4362,00110A,0,00,
4363,00110B,0,00,
4364,00110C,17,11,
4365,00110D,52,34,4
4366,00110E,120,78,x
4367,00110F,149,95,
4368,001110,174,AE,
4369,001111,0,00,
4370,001112,0,00,
4371,001113,0,00,
4372,001114,19,13,
4373,001115,52,34,4
4374,001116,120,78,x
4375,001117,149,95,
4376,001118,175,AF,
4377,001119,0,00,
4378,00111A,0,00,
4379,00111B,0,00,
4380,00111C,21,15,
4381,00111D,52,34,4
4382,00111E,120,78,x
4383,00111F,149,95,
4384,001120,176,B0,
4385,001121,0,00,
4386,001122,0,00,
4387,001123,0,00,
4388,001124,22,16,
4389,001125,52,34,4
4390,001126,120,78,x
4391,001127,149,95,
4392,001128,177,B1,
4393,001129,0,00,
4394,00112A,0,00,
4395,00112B,0,00,
4396,00112C,23,17,
4397,00112D,52,34,4
4398,00112E,120,78,x
4399,00112F,149,95,
4400,001130,178,B2,
4401,001131,0,00,
4402,001132,0,00,
4403,001133,0,00,
4404,001134,22,16,
4405,001135,52,34,4
4406,001136,120,78,x
4407,001137,149,95,
4408,001138,179,B3,
4409,001139,0,00,
4410,00113A,0,00,
4411,00113B,0,00,
4412,00113C,22,16,
4413,00113D,52,34,4
4414,00113E,120,78,x
4415,00113F,149,95,
4416,001140,180,B4,
4417,001141,0,00,
4418,001142,0,00,
4419,001143,0,00,
4420,001144,22,16,
4421,001145,52,34,4
4422,001146,120,78,x
4423,001147,149,95,
4424,001148,181,B5,
4425,001149,0,00,
4426,00114A,0,00,
4427,00114B,0,00,
4428,00114C,22,16,
4429,00114D,52,34,4
4430,00114E,120,78,x
4431,00114F,149,95,
4432,001150,182,B6,
4433,001151,0,00,
4434,001152,0,00,
4435,001153,0,00,
4436,001154,22,16,
4437,001155,52,34,4
4438,001156,120,78,x
4439,001157,149,95,
4440,001158,183,B7,
4441,001159,0,00,
4442,00115A,0,00,
4443,00115B,0,00,
4444,00115C,22,16,
4445,00115D,52,34,4
4446,00115E,120,78,x
4447,00115F,149,95,
4448,001160,184,B8,
4449,001161,0,00,
4450,001162,0,00,
4451,001163,0,00,
4452,001164,22,16,
4453,001165,218,DA,
4454,001166,85,55,U
4455,001167,170,AA,
4456,001168,246,F6,
4457,001169,15,0F,
4458,00116A,0,00,
4459,00116B,17,11,
4460,00116C,52,34,4
4461,00116D,120,78,x
4462,00116E,149,95,
4463,00116F,185,B9,
4464,001170,0,00,
4465,001171,0,00,
4466,001172,0,00,
4467,001173,20,14,
4468,001174,52,34,4
4469,001175,120,78,x
4470,001176,149,95,
4471,001177,186,BA,
4472,001178,0,00,
4473,001179,0,00,
4474,00117A,0,00,
4475,00117B,20,14,
4476,00117C,52,34,4
4477,00117D,120,78,x
4478,00117E,149,95,
4479,00117F,187,BB,
4480,001180,0,00,
4481,001181,0,00,
4482,001182,0,00,
4483,001183,20,14,
4484,001184,52,34,4
4485,001185,120,78,x
4486,001186,149,95,
4487,001187,188,BC,
4488,001188,0,00,
4489,001189,0,00,
4490,00118A,0,00,
4491,00118B,21,15,
4492,00118C,52,34,4
4493,00118D,120,78,x
4494,00118E,149,95,
4495,00118F,189,BD,
4496,001190,0,00,
4497,001191,0,00,
4498,001192,0,00,
4499,001193,20,14,
4500,001194,52,34,4
4501,001195,120,78,x
4502,001196,149,95,
4503,001197,192,C0,
4504,001198,0,00,
4505,001199,0,00,
4506,00119A,0,00,
4507,00119B,18,12,
4508,00119C,52,34,4
4509,00119D,120,78,x
4510,00119E,149,95,
4511,00119F,193,C1,
4512,0011A0,0,00,
4513,0011A1,0,00,
4514,0011A2,0,00,
4515,0011A3,18,12,
4516,0011A4,52,34,4
4517,0011A5,120,78,x
4518,0011A6,149,95,
4519,0011A7,194,C2,
4520,0011A8,0,00,
4521,0011A9,0,00,
4522,0011AA,0,00,
4523,0011AB,16,10,
4524,0011AC,52,34,4
4525,0011AD,120,78,x
4526,0011AE,149,95,
4527,0011AF,195,C3,
4528,0011B0,0,00,
4529,0011B1,0,00,
4530,0011B2,0,00,
4531,0011B3,15,0F,
4532,0011B4,52,34,4
4533,0011B5,120,78,x
4534,0011B6,149,95,
4535,0011B7,196,C4,
4536,0011B8,0,00,
4537,0011B9,0,00,
4538,0011BA,0,00,
4539,0011BB,14,0E,
4540,0011BC,52,34,4
4541,0011BD,120,78,x
4542,0011BE,149,95,
4543,0011BF,197,C5,
4544,0011C0,0,00,
4545,0011C1,0,00,
4546,0011C2,0,00,
4547,0011C3,15,0F,
4548,0011C4,52,34,4
4549,0011C5,120,78,x
4550,0011C6,149,95,
4551,0011C7,198,C6,
4552,0011C8,0,00,
4553,0011C9,0,00,
4554,0011CA,0,00,
4555,0011CB,15,0F,
4556,0011CC,52,34,4
4557,0011CD,120,78,x
4558,0011CE,149,95,
4559,0011CF,199,C7,
4560,0011D0,0,00,
4561,0011D1,0,00,
4562,0011D2,0,00,
4563,0011D3,14,0E,
4564,0011D4,52,34,4
4565,0011D5,120,78,x
4566,0011D6,149,95,
4567,0011D7,200,C8,
4568,0011D8,0,00,
4569,0011D9,0,00,
4570,0011DA,0,00,
4571,0011DB,14,0E,
4572,0011DC,52,34,4
4573,0011DD,120,78,x
4574,0011DE,149,95,
4575,0011DF,201,C9,
4576,0011E0,0,00,
4577,0011E1,0,00,
4578,0011E2,0,00,
4579,0011E3,14,0E,
4580,0011E4,52,34,4
4581,0011E5,120,78,x
4582,0011E6,149,95,
4583,0011E7,202,CA,
4584,0011E8,0,00,
4585,0011E9,0,00,
4586,0011EA,0,00,
4587,0011EB,14,0E,
4588,0011EC,52,34,4
4589,0011ED,120,78,x
4590,0011EE,149,95,
4591,0011EF,203,CB,
4592,0011F0,0,00,
4593,0011F1,0,00,
4594,0011F2,0,00,
4595,0011F3,14,0E,
4596,0011F4,52,34,4
4597,0011F5,120,78,x
4598,0011F6,149,95,
4599,0011F7,204,CC,
4600,0011F8,0,00,
4601,0011F9,0,00,
4602,0011FA,0,00,
4603,0011FB,14,0E,
4604,0011FC,52,34,4
4605,0011FD,120,78,x
4606,0011FE,149,95,
4607,0011FF,205,CD,
4608,001200,0,00,
4609,001201,0,00,
4610,001202,0,00,
4611,001203,14,0E,
4612,001204,52,34,4
4613,001205,120,78,x
4614,001206,149,95,
4615,001207,206,CE,
4616,001208,0,00,
4617,001209,0,00,
4618,00120A,0,00,
4619,00120B,14,0E,
4620,00120C,52,34,4
4621,00120D,120,78,x
4622,00120E,149,95,
4623,00120F,207,CF,
4624,001210,0,00,
4625,001211,0,00,
4626,001212,0,00,
4627,001213,14,0E,
4628,001214,52,34,4
4629,001215,120,78,x
4630,001216,149,95,
4631,001217,208,D0,
4632,001218,0,00,
4633,001219,0,00,
4634,00121A,0,00,
4635,00121B,14,0E,
4636,00121C,52,34,4
4637,00121D,120,78,x
4638,00121E,149,95,
4639,00121F,209,D1,
4640,001220,0,00,
4641,001221,0,00,
4642,001222,0,00,
4643,001223,14,0E,
4644,001224,52,34,4
4645,001225,120,78,x
4646,001226,149,95,
4647,001227,210,D2,
4648,001228,0,00,
4649,001229,0,00,
4650,00122A,0,00,
4651,00122B,15,0F,
4652,00122C,52,34,4
4653,00122D,120,78,x
4654,00122E,149,95,
4655,00122F,211,D3,
4656,001230,0,00,
4657,001231,0,00,
4658,001232,0,00,
4659,001233,15,0F,
4660,001234,52,34,4
4661,001235,120,78,x
4662,001236,149,95,
4663,001237,212,D4,
4664,001238,0,00,
4665,001239,0,00,
4666,00123A,0,00,
4667,00123B,15,0F,
4668,00123C,52,34,4
4669,00123D,120,78,x
4670,00123E,149,95,
4671,00123F,213,D5,
4672,001240,0,00,
4673,001241,0,00,
4674,001242,0,00,
4675,001243,17,11,
4676,001244,52,34,4
4677,001245,120,78,x
4678,001246,149,95,
4679,001247,214,D6,
4680,001248,0,00,
4681,001249,0,00,
4682,00124A,0,00,
4683,00124B,19,13,
4684,00124C,52,34,4
4685,00124D,120,78,x
4686,00124E,149,95,
4687,00124F,215,D7,
4688,001250,0,00,
4689,001251,0,00,
4690,001252,0,00,
4691,001253,20,14,
4692,001254,52,34,4
4693,001255,120,78,x
4694,001256,149,95,
4695,001257,216,D8,
4696,001258,0,00,
4697,001259,0,00,
4698,00125A,0,00,
4699,00125B,20,14,
4700,00125C,216,D8,
4701,00125D,85,55,U
4702,00125E,170,AA,
4703,00125F,246,F6,
4704,001260,15,0F,
4705,001261,0,00,
4706,001262,18,12,
4707,001263,52,34,4
4708,001264,120,78,x
4709,001265,149,95,
4710,001266,217,D9,
4711,001267,0,00,
4712,001268,0,00,
4713,001269,0,00,
4714,00126A,21,15,
4715,00126B,52,34,4
4716,00126C,120,78,x
4717,00126D,149,95,
4718,00126E,218,DA,
4719,00126F,0,00,
4720,001270,0,00,
4721,001271,0,00,
4722,001272,22,16,
4723,001273,52,34,4
4724,001274,120,78,x
4725,001275,149,95,
4726,001276,219,DB,
4727,001277,0,00,
4728,001278,0,00,
4729,001279,0,00,
4730,00127A,22,16,
4731,00127B,52,34,4
4732,00127C,120,78,x
4733,00127D,149,95,
4734,00127E,220,DC,
4735,00127F,0,00,
4736,001280,0,00,
4737,001281,0,00,
4738,001282,22,16,
4739,001283,52,34,4
4740,001284,120,78,x
4741,001285,149,95,
4742,001286,221,DD,
4743,001287,0,00,
4744,001288,0,00,
4745,001289,0,00,
4746,00128A,22,16,
4747,00128B,52,34,4
4748,00128C,120,78,x
4749,00128D,149,95,
4750,00128E,224,E0,
4751,00128F,0,00,
4752,001290,0,00,
4753,001291,0,00,
4754,001292,22,16,
4755,001293,52,34,4
4756,001294,120,78,x
4757,001295,149,95,
4758,001296,225,E1,
4759,001297,0,00,
4760,001298,0,00,
4761,001299,0,00,
4762,00129A,19,13,
4763,00129B,52,34,4
4764,00129C,120,78,x
4765,00129D,149,95,
4766,00129E,226,E2,
4767,00129F,0,00,
4768,0012A0,0,00,
4769,0012A1,0,00,
4770,0012A2,16,10,
4771,0012A3,52,34,4
4772,0012A4,120,78,x
4773,0012A5,149,95,
4774,0012A6,227,E3,
4775,0012A7,0,00,
4776,0012A8,0,00,
4777,0012A9,0,00,
4778,0012AA,13,0D,
4779,0012AB,52,34,4
4780,0012AC,120,78,x
4781,0012AD,149,95,
4782,0012AE,228,E4,
4783,0012AF,0,00,
4784,0012B0,0,00,
4785,0012B1,0,00,
4786,0012B2,11,0B,
4787,0012B3,52,34,4
4788,0012B4,120,78,x
4789,0012B5,149,95,
4790,0012B6,229,E5,
4791,0012B7,0,00,
4792,0012B8,0,00,
4793,0012B9,0,00,
4794,0012BA,9,09,
4795,0012BB,52,34,4
4796,0012BC,120,78,x
4797,0012BD,149,95,
4798,0012BE,230,E6,
4799,0012BF,0,00,
4800,0012C0,0,00,
4801,0012C1,0,00,
4802,0012C2,8,08,
4803,0012C3,52,34,4
4804,0012C4,120,78,x
4805,0012C5,149,95,
4806,0012C6,231,E7,
4807,0012C7,0,00,
4808,0012C8,0,00,
4809,0012C9,0,00,
4810,0012CA,7,07,
4811,0012CB,52,34,4
4812,0012CC,120,78,x
4813,0012CD,149,95,
4814,0012CE,232,E8,
4815,0012CF,0,00,
4816,0012D0,0,00,
4817,0012D1,0,00,
4818,0012D2,5,05,
4819,0012D3,52,34,4
4820,0012D4,120,78,x
4821,0012D5,149,95,
4822,0012D6,233,E9,
4823,0012D7,0,00,
4824,0012D8,0,00,
4825,0012D9,0,00,
4826,0012DA,5,05,
4827,0012DB,52,34,4
4828,0012DC,120,78,x
4829,0012DD,149,95,
4830,0012DE,234,EA,
4831,0012DF,0,00,
4832,0012E0,0,00,
4833,0012E1,0,00,
4834,0012E2,5,05,
4835,0012E3,52,34,4
4836,0012E4,120,78,x
4837,0012E5,149,95,
4838,0012E6,235,EB,
4839,0012E7,0,00,
4840,0012E8,0,00,
4841,0012E9,0,00,
4842,0012EA,6,06,
4843,0012EB,52,34,4
4844,0012EC,120,78,x
4845,0012ED,149,95,
4846,0012EE,236,EC,
4847,0012EF,0,00,
4848,0012F0,0,00,
4849,0012F1,0,00,
4850,0012F2,7,07,
4851,0012F3,52,34,4
4852,0012F4,120,78,x
4853,0012F5,149,95,
4854,0012F6,237,ED,
4855,0012F7,0,00,
4856,0012F8,0,00,
4857,0012F9,0,00,
4858,0012FA,9,09,
4859,0012FB,52,34,4
4860,0012FC,120,78,x
4861,0012FD,149,95,
4862,0012FE,238,EE,
4863,0012FF,0,00,
4864,001300,0,00,
4865,001301,0,00,
4866,001302,11,0B,
4867,001303,52,34,4
4868,001304,120,78,x
4869,001305,149,95,
4870,001306,239,EF,
4871,001307,0,00,
4872,001308,0,00,
4873,001309,0,00,
4874,00130A,13,0D,
4875,00130B,52,34,4
4876,00130C,120,78,x
4877,00130D,149,95,
4878,00130E,240,F0,
4879,00130F,0,00,
4880,001310,0,00,
4881,001311,0,00,
4882,001312,15,0F,
4883,001313,52,34,4
4884,001314,120,78,x
4885,001315,149,95,
4886,001316,241,F1,
4887,001317,0,00,
4888,001318,0,00,
4889,001319,0,00,
4890,00131A,17,11,
4891,00131B,52,34,4
4892,00131C,120,78,x
4893,00131D,149,95,
4894,00131E,242,F2,
4895,00131F,0,00,
4896,001320,0,00,
4897,001321,0,00,
4898,001322,18,12,
4899,001323,52,34,4
4900,001324,120,78,x
4901,001325,149,95,
4902,001326,243,F3,
4903,001327,0,00,
4904,001328,0,00,
4905,001329,0,00,
4906,00132A,20,14,
4907,00132B,52,34,4
4908,00132C,120,78,x
4909,00132D,149,95,
4910,00132E,244,F4,
4911,00132F,0,00,
4912,001330,0,00,
4913,001331,0,00,
4914,001332,20,14,
4915,001333,52,34,4
4916,001334,120,78,x
4917,001335,149,95,
4918,001336,245,F5,
4919,001337,0,00,
4920,001338,0,00,
4921,001339,0,00,
4922,00133A,20,14,
4923,00133B,52,34,4
4924,00133C,120,78,x
4925,00133D,149,95,
4926,00133E,246,F6,
4927,00133F,0,00,
4928,001340,0,00,
4929,001341,0,00,
4930,001342,19,13,
4931,001343,52,34,4
4932,001344,120,78,x
4933,001345,149,95,
4934,001346,247,F7,
4935,001347,0,00,
4936,001348,0,00,
4937,001349,0,00,
4938,00134A,18,12,
4939,00134B,52,34,4
4940,00134C,120,78,x
4941,00134D,149,95,
4942,00134E,248,F8,
4943,00134F,0,00,
4944,001350,0,00,
4945,001351,0,00,
4946,001352,18,12,
4947,001353,106,6A,j
4948,001354,85,55,U
4949,001355,170,AA,
4950,001356,246,F6,
4951,001357,15,0F,
4952,001358,0,00,
4953,001359,19,13,
4954,00135A,52,34,4
4955,00135B,120,78,x
4956,00135C,149,95,
4957,00135D,249,F9,
4958,00135E,0,00,
4959,00135F,0,00,
4960,001360,0,00,
4961,001361,16,10,
4962,001362,52,34,4
4963,001363,120,78,x
4964,001364,149,95,
4965,001365,250,FA,
4966,001366,0,00,
4967,001367,0,00,
4968,001368,0,00,
4969,001369,15,0F,
4970,00136A,52,34,4
4971,00136B,120,78,x
4972,00136C,149,95,
4973,00136D,251,FB,
4974,00136E,0,00,
4975,00136F,0,00,
4976,001370,0,00,
4977,001371,15,0F,
4978,001372,52,34,4
4979,001373,120,78,x
4980,001374,149,95,
4981,001375,252,FC,
4982,001376,0,00,
4983,001377,0,00,
4984,001378,0,00,
4985,001379,14,0E,
4986,00137A,52,34,4
4987,00137B,120,78,x
4988,00137C,149,95,
4989,00137D,253,FD,
4990,00137E,0,00,
4991,00137F,0,00,
4992,001380,0,00,
4993,001381,15,0F,
4994,001382,52,34,4
4995,001383,120,78,x
4996,001384,150,96,
4997,001385,0,00,
4998,001386,0,00,
4999,001387,0,00,
5000,001388,0,00,
5001,001389,15,0F,
5002,00138A,52,34,4
5003,00138B,120,78,x
5004,00138C,150,96,
5005,00138D,1,01,
5006,00138E,0,00,
5007,00138F,0,00,
5008,001390,0,00,
5009,001391,16,10,
5010,001392,52,34,4
5011,001393,120,78,x
5012,001394,150,96,
5013,001395,2,02,
5014,001396,0,00,
5015,001397,0,00,
5016,001398,0,00,
5017,001399,17,11,
5018,00139A,52,34,4
5019,00139B,120,78,x
5020,00139C,150,96,
5021,00139D,3,03,
5022,00139E,0,00,
5023,00139F,0,00,
5024,0013A0,0,00,
5025,0013A1,17,11,
5026,0013A2,52,34,4
5027,0013A3,120,78,x
5028,0013A4,150,96,
5029,0013A5,4,04,
5030,0013A6,0,00,
5031,0013A7,0,00,
5032,0013A8,0,00,
5033,0013A9,17,11,
5034,0013AA,52,34,4
5035,0013AB,120,78,x
5036,0013AC,150,96,
5037,0013AD,5,05,
5038,0013AE,0,00,
5039,0013AF,0,00,
5040,0013B0,0,00,
5041,0013B1,17,11,
5042,0013B2,52,34,4
5043,0013B3,120,78,x
5044,0013B4,150,96,
5045,0013B5,6,06,
5046,0013B6,0,00,
5047,0013B7,0,00,
5048,0013B8,0,00,
5049,0013B9,17,11,
5050,0013BA,52,34,4
5051,0013BB,120,78,x
5052,0013BC,150,96,
5053,0013BD,7,07,
5054,0013BE,0,00,
5055,0013BF,0,00,
5056,0013C0,0,00,
5057,0013C1,18,12,
5058,0013C2,52,34,4
5059,0013C3,120,78,x
5060,0013C4,150,96,
5061,0013C5,8,08,
5062,0013C6,0,00,
5063,0013C7,0,00,
5064,0013C8,0,00,
5065,0013C9,18,12,
5066,0013CA,52,34,4
5067,0013CB,120,78,x
5068,0013CC,150,96,
5069,0013CD,9,09,
5070,0013CE,0,00,
5071,0013CF,0,00,
5072,0013D0,0,00,
5073,0013D1,18,12,
5074,0013D2,52,34,4
5075,0013D3,120,78,x
5076,0013D4,150,96,
5077,0013D5,10,0A,
5078,0013D6,0,00,
5079,0013D7,0,00,
5080,0013D8,0,00,
5081,0013D9,18,12,
5082,0013DA,52,34,4
5083,0013DB,120,78,x
5084,0013DC,150,96,
5085,0013DD,11,0B,
5086,0013DE,0,00,
5087,0013DF,0,00,
5088,0013E0,0,00,
5089,0013E1,17,11,
5090,0013E2,52,34,4
5091,0013E3,120,78,x
5092,0013E4,150,96,
5093,0013E5,12,0C,
5094,0013E6,0,00,
5095,0013E7,0,00,
5096,0013E8,0,00,
5097,0013E9,16,10,
5098,0013EA,52,34,4
5099,0013EB,120,78,x
5100,0013EC,150,96,
5101,0013ED,13,0D,
5102,0013EE,0,00,
5103,0013EF,0,00,
5104,0013F0,0,00,
5105,0013F1,16,10,
5106,0013F2,52,34,4
5107,0013F3,120,78,x
5108,0013F4,150,96,
5109,0013F5,14,0E,
5110,0013F6,0,00,
5111,0013F7,0,00,
5112,0013F8,0,00,
5113,0013F9,15,0F,
5114,0013FA,52,34,4
5115,0013FB,120,78,x
5116,0013FC,150,96,
5117,0013FD,15,0F,
5118,0013FE,0,00,
5119,0013FF,0,00,
5120,001400,0,00,
5121,001401,14,0E,
5122,001402,52,34,4
5123,001403,120,78,x
5124,001404,150,96,
5125,001405,16,10,
5126,001406,0,00,
5127,001407,0,00,
5128,001408,0,00,
5129,001409,14,0E,
5130,00140A,52,34,4
5131,00140B,120,78,x
5132,00140C,150,96,
5133,00140D,17,11,
5134,00140E,0,00,
5135,00140F,0,00,
5136,001410,0,00,
5137,001411,12,0C,
5138,001412,52,34,4
5139,001413,120,78,x
5140,001414,150,96,
5141,001415,18,12,
5142,001416,0,00,
5143,001417,0,00,
5144,001418,0,00,
5145,001419,11,0B,
5146,00141A,52,34,4
5147,00141B,120,78,x
5148,00141C,150,96,
5149,00141D,19,13,
5150,00141E,0,00,
5151,00141F,0,00,
5152,001420,0,00,
5153,001421,10,0A,
5154,001422,52,34,4
5155,001423,120,78,x
5156,001424,150,96,
5157,001425,20,14,
5158,001426,0,00,
5159,001427,0,00,
5160,001428,0,00,
5161,001429,10,0A,
5162,00142A,52,34,4
5163,00142B,120,78,x
5164,00142C,150,96,
5165,00142D,21,15,
5166,00142E,0,00,
5167,00142F,0,00,
5168,001430,0,00,
5169,001431,10,0A,
5170,001432,52,34,4
5171,001433,120,78,x
5172,001434,150,96,
5173,001435,22,16,
5174,001436,0,00,
5175,001437,0,00,
5176,001438,0,00,
5177,001439,11,0B,
5178,00143A,52,34,4
5179,00143B,120,78,x
5180,00143C,150,96,
5181,00143D,23,17,
5182,00143E,0,00,
5183,00143F,0,00,
5184,001440,0,00,
5185,001441,12,0C,
5186,001442,52,34,4
5187,001443,120,78,x
5188,001444,150,96,
5189,001445,24,18,
5190,001446,0,00,
5191,001447,0,00,
5192,001448,0,00,
5193,001449,13,0D,
5194,00144A,72,48,H
5195,00144B,85,55,U
5196,00144C,170,AA,
5197,00144D,246,F6,
5198,00144E,15,0F,
5199,00144F,0,00,
5200,001450,20,14,
5201,001451,52,34,4
5202,001452,120,78,x
5203,001453,150,96,
5204,001454,25,19,
5205,001455,0,00,
5206,001456,0,00,
5207,001457,0,00,
5208,001458,14,0E,
5209,001459,52,34,4
5210,00145A,120,78,x
5211,00145B,150,96,
5212,00145C,26,1A,
5213,00145D,0,00,
5214,00145E,0,00,
5215,00145F,0,00,
5216,001460,15,0F,
5217,001461,52,34,4
5218,001462,120,78,x
5219,001463,150,96,
5220,001464,27,1B,
5221,001465,0,00,
5222,001466,0,00,
5223,001467,0,00,
5224,001468,15,0F,
5225,001469,52,34,4
5226,00146A,120,78,x
5227,00146B,150,96,
5228,00146C,28,1C,
5229,00146D,0,00,
5230,00146E,0,00,
5231,00146F,0,00,
5232,001470,15,0F,
5233,001471,52,34,4
5234,001472,120,78,x
5235,001473,150,96,
5236,001474,29,1D,
5237,001475,0,00,
5238,001476,0,00,
5239,001477,0,00,
5240,001478,14,0E,
5241,001479,52,34,4
5242,00147A,120,78,x
5243,00147B,150,96,
5244,00147C,32,20, 
5245,00147D,0,00,
5246,00147E,0,00,
5247,00147F,0,00,
5248,001480,14,0E,
5249,001481,52,34,4
5250,001482,120,78,x
5251,001483,150,96,
5252,001484,33,21,!
5253,001485,0,00,
5254,001486,0,00,
5255,001487,0,00,
5256,001488,12,0C,
5257,001489,52,34,4
5258,00148A,120,78,x
5259,00148B,150,96,
5260,00148C,34,22,"
5261,00148D,0,00,
5262,00148E,0,00,
5263,00148F,0,00,
5264,001490,12,0C,
5265,001491,52,34,4
5266,001492,120,78,x
5267,001493,150,96,
5268,001494,35,23,#
5269,001495,0,00,
5270,001496,0,00,
5271,001497,0,00,
5272,001498,12,0C,
5273,001499,52,34,4
5274,00149A,120,78,x
5275,00149B,150,96,
5276,00149C,36,24,$
5277,00149D,0,00,
5278,00149E,0,00,
5279,00149F,0,00,
5280,0014A0,12,0C,
5281,0014A1,52,34,4
5282,0014A2,120,78,x
5283,0014A3,150,96,
5284,0014A4,37,25,%
5285,0014A5,0,00,
5286,0014A6,0,00,
5287,0014A7,0,00,
5288,0014A8,12,0C,
5289,0014A9,52,34,4
5290,0014AA,120,78,x
5291,0014AB,150,96,
5292,0014AC,38,26,&
5293,0014AD,0,00,
5294,0014AE,0,00,
5295,0014AF,0,00,
5296,0014B0,13,0D,
5297,0014B1,52,34,4
5298,0014B2,120,78,x
5299,0014B3,150,96,
5300,0014B4,39,27,'
5301,0014B5,0,00,
5302,0014B6,0,00,
5303,0014B7,0,00,
5304,0014B8,12,0C,
5305,0014B9,52,34,4
5306,0014BA,120,78,x
5307,0014BB,150,96,
5308,0014BC,40,28,(
5309,0014BD,0,00,
5310,0014BE,0,00,
5311,0014BF,0,00,
5312,0014C0,12,0C,
5313,0014C1,52,34,4
5314,0014C2,120,78,x
5315,0014C3,150,96,
5316,0014C4,41,29,)
5317,0014C5,0,00,
5318,0014C6,0,00,
5319,0014C7,0,00,
5320,0014C8,12,0C,
5321,0014C9,52,34,4
5322,0014CA,120,78,x
5323,0014CB,150,96,
5324,0014CC,42,2A,*
5325,0014CD,0,00,
5326,0014CE,0,00,
5327,0014CF,0,00,
5328,0014D0,11,0B,
5329,0014D1,52,34,4
5330,0014D2,120,78,x
5331,0014D3,150,96,
5332,0014D4,43,2B,+
5333,0014D5,0,00,
5334,0014D6,0,00,
5335,0014D7,0,00,
5336,0014D8,10,0A,
5337,0014D9,52,34,4
5338,0014DA,120,78,x
5339,0014DB,150,96,
5340,0014DC,44,2C,,
5341,0014DD,0,00,
5342,0014DE,0,00,
5343,0014DF,0,00,
5344,0014E0,9,09,
5345,0014E1,52,34,4
5346,0014E2,120,78,x
5347,0014E3,150,96,
5348,0014E4,45,2D,-
5349,0014E5,0,00,
5350,0014E6,0,00,
5351,0014E7,0,00,
5352,0014E8,7,07,
5353,0014E9,52,34,4
5354,0014EA,120,78,x
5355,0014EB,150,96,
5356,0014EC,46,2E,.
5357,0014ED,0,00,
5358,0014EE,0,00,
5359,0014EF,0,00,
5360,0014F0,6,06,
5361,0014F1,52,34,4
5362,0014F2,120,78,x
5363,0014F3,150,96,
5364,0014F4,47,2F,/
5365,0014F5,0,00,
5366,0014F6,0,00,
5367,0014F7,0,00,
5368,0014F8,6,06,
5369,0014F9,52,34,4
5370,0014FA,120,78,x
5371,0014FB,150,96,
5372,0014FC,48,30,0
5373,0014FD,0,00,
5374,0014FE,0,00,
5375,0014FF,0,00,
5376,001500,5,05,
5377,001501,52,34,4
5378,001502,120,78,x
5379,001503,150,96,
5380,001504,49,31,1
5381,001505,0,00,
5382,001506,0,00,
5383,001507,0,00,
5384,001508,6,06,
5385,001509,52,34,4
5386,00150A,120,78,x
5387,00150B,150,96,
5388,00150C,50,32,2
5389,00150D,0,00,
5390,00150E,0,00,
5391,00150F,0,00,
5392,001510,6,06,
5393,001511,52,34,4
5394,001512,120,78,x
5395,001513,150,96,
5396,001514,51,33,3
5397,001515,0,00,
5398,001516,0,00,
5399,001517,0,00,
5400,001518,9,09,
5401,001519,52,34,4
5402,00151A,120,78,x
5403,00151B,150,96,
5404,00151C,52,34,4
5405,00151D,0,00,
5406,00151E,0,00,
5407,00151F,0,00,
5408,001520,10,0A,
5409,001521,52,34,4
5410,001522,120,78,x
5411,001523,150,96,
5412,001524,53,35,5
5413,001525,0,00,
5414,001526,0,00,
5415,001527,0,00,
5416,001528,12,0C,
5417,001529,52,34,4
5418,00152A,120,78,x
5419,00152B,150,96,
5420,00152C,54,36,6
5421,00152D,0,00,
5422,00152E,0,00,
5423,00152F,0,00,
5424,001530,13,0D,
5425,001531,52,34,4
5426,001532,120,78,x
5427,001533,150,96,
5428,001534,55,37,7
5429,001535,0,00,
5430,001536,0,00,
5431,001537,0,00,
5432,001538,14,0E,
5433,001539,52,34,4
5434,00153A,120,78,x
5435,00153B,150,96,
5436,00153C,56,38,8
5437,00153D,0,00,
5438,00153E,0,00,
5439,00153F,0,00,
5440,001540,14,0E,
5441,001541,160,A0,
5442,001542,85,55,U
5443,001543,170,AA,
5444,001544,246,F6,
5445,001545,15,0F,
5446,001546,0,00,
5447,001547,21,15,
5448,001548,52,34,4
5449,001549,120,78,x
5450,00154A,150,96,
5451,00154B,57,39,9
5452,00154C,0,00,
5453,00154D,0,00,
5454,00154E,0,00,
5455,00154F,15,0F,
5456,001550,52,34,4
5457,001551,120,78,x
5458,001552,150,96,
5459,001553,58,3A,:
5460,001554,0,00,
5461,001555,0,00,
5462,001556,0,00,
5463,001557,15,0F,
5464,001558,52,34,4
5465,001559,120,78,x
5466,00155A,150,96,
5467,00155B,59,3B,;
5468,00155C,0,00,
5469,00155D,0,00,
5470,00155E,0,00,
5471,00155F,15,0F,
5472,001560,52,34,4
5473,001561,120,78,x
5474,001562,150,96,
5475,001563,60,3C,<
5476,001564,0,00,
5477,001565,0,00,
5478,001566,0,00,
5479,001567,15,0F,
5480,001568,52,34,4
5481,001569,120,78,x
5482,00156A,150,96,
5483,00156B,61,3D,=
5484,00156C,0,00,
5485,00156D,0,00,
5486,00156E,0,00,
5487,00156F,14,0E,
5488,001570,52,34,4
5489,001571,120,78,x
5490,001572,150,96,
5491,001573,64,40,@
5492,001574,0,00,
5493,001575,0,00,
5494,001576,0,00,
5495,001577,13,0D,
5496,001578,52,34,4
5497,001579,120,78,x
5498,00157A,150,96,
5499,00157B,65,41,A
5500,00157C,0,00,
5501,00157D,0,00,
5502,00157E,0,00,
5503,00157F,13,0D,
5504,001580,52,34,4
5505,001581,120,78,x
5506,001582,150,96,
5507,001583,66,42,B
5508,001584,0,00,
5509,001585,0,00,
5510,001586,0,00,
5511,001587,12,0C,
5512,001588,52,34,4
5513,001589,120,78,x
5514,00158A,150,96,
5515,00158B,67,43,C
5516,00158C,0,00,
5517,00158D,0,00,
5518,00158E,0,00,
5519,00158F,11,0B,
5520,001590,52,34,4
5521,001591,120,78,x
5522,001592,150,96,
5523,001593,68,44,D
5524,001594,0,00,
5525,001595,0,00,
5526,001596,0,00,
5527,001597,10,0A,
5528,001598,52,34,4
5529,001599,120,78,x
5530,00159A,150,96,
5531,00159B,69,45,E
5532,00159C,0,00,
5533,00159D,0,00,
5534,00159E,0,00,
5535,00159F,8,08,
5536,0015A0,52,34,4
5537,0015A1,120,78,x
5538,0015A2,150,96,
5539,0015A3,70,46,F
5540,0015A4,0,00,
5541,0015A5,0,00,
5542,0015A6,0,00,
5543,0015A7,8,08,
5544,0015A8,52,34,4
5545,0015A9,120,78,x
5546,0015AA,150,96,
5547,0015AB,71,47,G
5548,0015AC,0,00,
5549,0015AD,0,00,
5550,0015AE,0,00,
5551,0015AF,7,07,
5552,0015B0,52,34,4
5553,0015B1,120,78,x
5554,0015B2,150,96,
5555,0015B3,72,48,H
5556,0015B4,0,00,
5557,0015B5,0,00,
5558,0015B6,0,00,
5559,0015B7,7,07,
5560,0015B8,52,34,4
5561,0015B9,120,78,x
5562,0015BA,150,96,
5563,0015BB,73,49,I
5564,0015BC,0,00,
5565,0015BD,0,00,
5566,0015BE,0,00,
5567,0015BF,7,07,
5568,0015C0,52,34,4
5569,0015C1,120,78,x
5570,0015C2,150,96,
5571,0015C3,74,4A,J
5572,0015C4,0,00,
5573,0015C5,0,00,
5574,0015C6,0,00,
5575,0015C7,8,08,
5576,0015C8,52,34,4
5577,0015C9,120,78,x
5578,0015CA,150,96,
5579,0015CB,75,4B,K
5580,0015CC,0,00,
5581,0015CD,0,00,
5582,0015CE,0,00,
5583,0015CF,8,08,
5584,0015D0,52,34,4
5585,0015D1,120,78,x
5586,0015D2,150,96,
5587,0015D3,76,4C,L
5588,0015D4,0,00,
5589,0015D5,0,00,
5590,0015D6,0,00,
5591,0015D7,9,09,
5592,0015D8,52,34,4
5593,0015D9,120,78,x
5594,0015DA,150,96,
5595,0015DB,77,4D,M
5596,0015DC,0,00,
5597,0015DD,0,00,
5598,0015DE,0,00,
5599,0015DF,11,0B,
5600,0015E0,52,34,4
5601,0015E1,120,78,x
5602,0015E2,150,96,
5603,0015E3,78,4E,N
5604,0015E4,0,00,
5605,0015E5,0,00,
5606,0015E6,0,00,
5607,0015E7,12,0C,
5608,0015E8,52,34,4
5609,0015E9,120,78,x
5610,0015EA,150,96,
5611,0015EB,79,4F,O
5612,0015EC,0,00,
5613,0015ED,0,00,
5614,0015EE,0,00,
5615,0015EF,13,0D,
5616,0015F0,52,34,4
5617,0015F1,120,78,x
5618,0015F2,150,96,
5619,0015F3,80,50,P
5620,0015F4,0,00,
5621,0015F5,0,00,
5622,0015F6,0,00,
5623,0015F7,13,0D,
5624,0015F8,52,34,4
5625,0015F9,120,78,x
5626,0015FA,150,96,
5627,0015FB,81,51,Q
5628,0015FC,0,00,
5629,0015FD,0,00,
5630,0015FE,0,00,
5631,0015FF,13,0D,
5632,001600,52,34,4
5633,001601,120,78,x
5634,001602,150,96,
5635,001603,82,52,R
5636,001604,0,00,
5637,001605,0,00,
5638,001606,0,00,
5639,001607,13,0D,
5640,001608,52,34,4
5641,001609,120,78,x
5642,00160A,150,96,
5643,00160B,83,53,S
5644,00160C,0,00,
5645,00160D,0,00,
5646,00160E,0,00,
5647,00160F,13,0D,
5648,001610,52,34,4
5649,001611,120,78,x
5650,001612,150,96,
5651,001613,84,54,T
5652,001614,0,00,
5653,001615,0,00,
5654,001616,0,00,
5655,001617,13,0D,
5656,001618,52,34,4
5657,001619,120,78,x
5658,00161A,150,96,
5659,00161B,85,55,U
5660,00161C,0,00,
5661,00161D,0,00,
5662,00161E,0,00,
5663,00161F,13,0D,
5664,001620,52,34,4
5665,001621,120,78,x
5666,001622,150,96,
5667,001623,86,56,V
5668,001624,0,00,
5669,001625,0,00,
5670,001626,0,00,
5671,001627,14,0E,
5672,001628,52,34,4
5673,001629,120,78,x
5674,00162A,150,96,
5675,00162B,87,57,W
5676,00162C,0,00,
5677,00162D,0,00,
5678,00162E,0,00,
5679,00162F,14,0E,
5680,001630,52,34,4
5681,001631,120,78,x
5682,001632,150,96,
5683,001633,88,58,X
5684,001634,0,00,
5685,001635,0,00,
5686,001636,0,00,
5687,001637,15,0F,
5688,001638,115,73,s
5689,001639,85,55,U
5690,00163A,170,AA,
5691,00163B,246,F6,
5692,00163C,15,0F,
5693,00163D,0,00,
5694,00163E,22,16,
5695,00163F,52,34,4
5696,001640,120,78,x
5697,001641,150,96,
5698,001642,89,59,Y
5699,001643,0,00,
5700,001644,0,00,
5701,001645,0,00,
5702,001646,14,0E,
5703,001647,52,34,4
5704,001648,120,78,x
5705,001649,150,96,
5706,00164A,90,5A,Z
5707,00164B,0,00,
5708,00164C,0,00,
5709,00164D,0,00,
5710,00164E,13,0D,
5711,00164F,52,34,4
5712,001650,120,78,x
5713,001651,150,96,
5714,001652,91,5B,[
5715,001653,0,00,
5716,001654,0,00,
5717,001655,0,00,
5718,001656,12,0C,
5719,001657,52,34,4
5720,001658,120,78,x
5721,001659,150,96,
5722,00165A,92,5C,\
5723,00165B,0,00,
5724,00165C,0,00,
5725,00165D,0,00,
5726,00165E,12,0C,
5727,00165F,52,34,4
5728,001660,120,78,x
5729,001661,150,96,
5730,001662,93,5D,]
5731,001663,0,00,
5732,001664,0,00,
5733,001665,0,00,
5734,001666,10,0A,
5735,001667,52,34,4
5736,001668,120,78,x
5737,001669,150,96,
5738,00166A,96,60,`
5739,00166B,0,00,
5740,00166C,0,00,
5741,00166D,0,00,
5742,00166E,9,09,
5743,00166F,52,34,4
5744,001670,120,78,x
5745,001671,150,96,
5746,001672,97,61,a
5747,001673,0,00,
5748,001674,0,00,
5749,001675,0,00,
5750,001676,7,07,
5751,001677,52,34,4
5752,001678,120,78,x
5753,001679,150,96,
5754,00167A,98,62,b
5755,00167B,0,00,
5756,00167C,0,00,
5757,00167D,0,00,
5758,00167E,6,06,
5759,00167F,52,34,4
5760,001680,120,78,x
5761,001681,150,96,
5762,001682,99,63,c
5763,001683,0,00,
5764,001684,0,00,
5765,001685,0,00,
5766,001686,6,06,
5767,001687,52,34,4
5768,001688,120,78,x
5769,001689,150,96,
5770,00168A,100,64,d
5771,00168B,0,00,
5772,00168C,0,00,
5773,00168D,0,00,
5774,00168E,6,06,
5775,00168F,52,34,4
5776,001690,120,78,x
5777,001691,150,96,
5778,001692,101,65,e
5779,001693,128,80,
5780,001694,0,00,
5781,001695,0,00,
5782,001696,7,07,
5783,001697,52,34,4
5784,001698,120,78,x
5785,001699,150,96,
5786,00169A,102,66,f
5787,00169B,0,00,
5788,00169C,0,00,
5789,00169D,0,00,
5790,00169E,8,08,
5791,00169F,52,34,4
5792,0016A0,120,78,x
5793,0016A1,150,96,
5794,0016A2,103,67,g
5795,0016A3,0,00,
5796,0016A4,0,00,
5797,0016A5,0,00,
5798,0016A6,10,0A,
5799,0016A7,52,34,4
5800,0016A8,120,78,x
5801,0016A9,150,96,
5802,0016AA,104,68,h
5803,0016AB,128,80,
5804,0016AC,0,00,
5805,0016AD,0,00,
5806,0016AE,11,0B,
5807,0016AF,52,34,4
5808,0016B0,120,78,x
5809,0016B1,150,96,
5810,0016B2,105,69,i
5811,0016B3,0,00,
5812,0016B4,0,00,
5813,0016B5,0,00,
5814,0016B6,11,0B,
5815,0016B7,52,34,4
5816,0016B8,120,78,x
5817,0016B9,150,96,
5818,0016BA,106,6A,j
5819,0016BB,0,00,
5820,0016BC,0,00,
5821,0016BD,0,00,
5822,0016BE,12,0C,
5823,0016BF,52,34,4
5824,0016C0,120,78,x
5825,0016C1,150,96,
5826,0016C2,107,6B,k
5827,0016C3,128,80,
5828,0016C4,0,00,
5829,0016C5,0,00,
5830,0016C6,14,0E,
5831,0016C7,52,34,4
5832,0016C8,120,78,x
5833,0016C9,150,96,
5834,0016CA,108,6C,l
5835,0016CB,0,00,
5836,0016CC,0,00,
5837,0016CD,0,00,
5838,0016CE,14,0E,
5839,0016CF,52,34,4
5840,0016D0,120,78,x
5841,0016D1,150,96,
5842,0016D2,109,6D,m
5843,0016D3,0,00,
5844,0016D4,0,00,
5845,0016D5,0,00,
5846,0016D6,15,0F,
5847,0016D7,52,34,4
5848,0016D8,120,78,x
5849,0016D9,150,96,
5850,0016DA,110,6E,n
5851,0016DB,128,80,
5852,0016DC,0,00,
5853,0016DD,0,00,
5854,0016DE,15,0F,
5855,0016DF,52,34,4
5856,0016E0,120,78,x
5857,0016E1,150,96,
5858,0016E2,111,6F,o
5859,0016E3,0,00,
5860,0016E4,0,00,
5861,0016E5,0,00,
5862,0016E6,15,0F,
5863,0016E7,52,34,4
5864,0016E8,120,78,x
5865,0016E9,150,96,
5866,0016EA,112,70,p
5867,0016EB,0,00,
5868,0016EC,0,00,
5869,0016ED,0,00,
5870,0016EE,15,0F,
5871,0016EF,52,34,4
5872,0016F0,120,78,x
5873,0016F1,150,96,
5874,0016F2,113,71,q
5875,0016F3,128,80,
5876,0016F4,0,00,
5877,0016F5,0,00,
5878,0016F6,15,0F,
5879,0016F7,52,34,4
5880,0016F8,120,78,x
5881,0016F9,150,96,
5882,0016FA,114,72,r
5883,0016FB,0,00,
5884,0016FC,0,00,
5885,0016FD,0,00,
5886,0016FE,15,0F,
5887,0016FF,52,34,4
5888,001700,120,78,x
5889,001701,150,96,
5890,001702,115,73,s
5891,001703,0,00,
5892,001704,0,00,
5893,001705,0,00,
5894,001706,15,0F,
5895,001707,52,34,4
5896,001708,120,78,x
5897,001709,150,96,
5898,00170A,116,74,t
5899,00170B,128,80,
5900,00170C,0,00,
5901,00170D,0,00,
5902,00170E,14,0E,
5903,00170F,52,34,4
5904,001710,120,78,x
5905,001711,150,96,
5906,001712,117,75,u
5907,001713,0,00,
5908,001714,0,00,
5909,001715,0,00,
5910,001716,12,0C,
5911,001717,52,34,4
5912,001718,120,78,x
5913,001719,150,96,
5914,00171A,118,76,v
5915,00171B,0,00,
5916,00171C,0,00,
5917,00171D,0,00,
5918,00171E,11,0B,
5919,00171F,52,34,4
5920,001720,120,78,x
5921,001721,150,96,
5922,001722,119,77,w
5923,001723,128,80,
5924,001724,0,00,
5925,001725,0,00,
5926,001726,10,0A,
5927,001727,52,34,4
5928,001728,120,78,x
5929,001729,150,96,
5930,00172A,120,78,x
5931,00172B,0,00,
5932,00172C,0,00,
5933,00172D,0,00,
5934,00172E,8,08,
5935,00172F,170,AA,
5936,001730,85,55,U
5937,001731,170,AA,
5938,001732,246,F6,
5939,001733,15,0F,
5940,001734,0,00,
5941,001735,23,17,
5942,001736,52,34,4
5943,001737,120,78,x
5944,001738,150,96,
5945,001739,121,79,y
5946,00173A,0,00,
5947,00173B,0,00,
5948,00173C,0,00,
5949,00173D,8,08,
5950,00173E,52,34,4
5951,00173F,120,78,x
5952,001740,150,96,
5953,001741,122,7A,z
5954,001742,128,80,
5955,001743,0,00,
5956,001744,0,00,
5957,001745,6,06,
5958,001746,52,34,4
5959,001747,120,78,x
5960,001748,150,96,
5961,001749,123,7B,{
5962,00174A,0,00,
5963,00174B,0,00,
5964,00174C,0,00,
5965,00174D,5,05,
5966,00174E,52,34,4
5967,00174F,120,78,x
5968,001750,150,96,
5969,001751,124,7C,|
5970,001752,0,00,
5971,001753,0,00,
5972,001754,0,00,
5973,001755,4,04,
5974,001756,52,34,4
5975,001757,120,78,x
5976,001758,150,96,
5977,001759,125,7D,}
5978,00175A,128,80,
5979,00175B,0,00,
5980,00175C,0,00,
5981,00175D,3,03,
5982,00175E,52,34,4
5983,00175F,120,78,x
5984,001760,150,96,
5985,001761,128,80,
5986,001762,0,00,
5987,001763,0,00,
5988,001764,0,00,
5989,001765,3,03,
5990,001766,52,34,4
5991,001767,120,78,x
5992,001768,150,96,
5993,001769,129,81,
5994,00176A,0,00,
5995,00176B,0,00,
5996,00176C,0,00,
5997,00176D,4,04,
5998,00176E,52,34,4
5999,00176F,120,78,x
6000,001770,150,96,
6001,001771,130,82,
6002,001772,128,80,
6003,001773,0,00,
6004,001774,0,00,
6005,001775,5,05,
6006,001776,52,34,4
6007,001777,120,78,x
6008,001778,150,96,
6009,001779,131,83,
6010,00177A,0,00,
6011,00177B,0,00,
6012,00177C,0,00,
6013,00177D,7,07,
6014,00177E,52,34,4
6015,00177F,120,78,x
6016,001780,150,96,
6017,001781,132,84,
6018,001782,0,00,
6019,001783,0,00,
6020,001784,0,00,
6021,001785,9,09,
6022,001786,52,34,4
6023,001787,120,78,x
6024,001788,150,96,
6025,001789,133,85,
6026,00178A,128,80,
6027,00178B,0,00,
6028,00178C,0,00,
6029,00178D,10,0A,
6030,00178E,52,34,4
6031,00178F,120,78,x
6032,001790,150,96,
6033,001791,134,86,
6034,001792,0,00,
6035,001793,0,00,
6036,001794,0,00,
6037,001795,11,0B,
6038,001796,52,34,4
6039,001797,120,78,x
6040,001798,150,96,
6041,001799,135,87,
6042,00179A,0,00,
6043,00179B,0,00,
6044,00179C,0,00,
6045,00179D,12,0C,
6046,00179E,52,34,4
6047,00179F,120,78,x
6048,0017A0,150,96,
6049,0017A1,136,88,
6050,0017A2,128,80,
6051,0017A3,0,00,
6052,0017A4,0,00,
6053,0017A5,14,0E,
6054,0017A6,52,34,4
6055,0017A7,120,78,x
6056,0017A8,150,96,
6057,0017A9,137,89,
6058,0017AA,0,00,
6059,0017AB,0,00,
6060,0017AC,0,00,
6061,0017AD,15,0F,
6062,0017AE,52,34,4
6063,0017AF,120,78,x
6064,0017B0,150,96,
6065,0017B1,138,8A,
6066,0017B2,0,00,
6067,0017B3,0,00,
6068,0017B4,0,00,
6069,0017B5,16,10,
6070,0017B6,52,34,4
6071,0017B7,120,78,x
6072,0017B8,150,96,
6073,0017B9,139,8B,
6074,0017BA,128,80,
6075,0017BB,0,00,
6076,0017BC,0,00,
6077,0017BD,16,10,
6078,0017BE,52,34,4
6079,0017BF,120,78,x
6080,0017C0,150,96,
6081,0017C1,140,8C,
6082,0017C2,0,00,
6083,0017C3,0,00,
6084,0017C4,0,00,
6085,0017C5,16,10,
6086,0017C6,52,34,4
6087,0017C7,120,78,x
6088,0017C8,150,96,
6089,0017C9,141,8D,
6090,0017CA,0,00,
6091,0017CB,0,00,
6092,0017CC,0,00,
6093,0017CD,15,0F,
6094,0017CE,52,34,4
6095,0017CF,120,78,x
6096,0017D0,150,96,
6097,0017D1,142,8E,
6098,0017D2,128,80,
6099,0017D3,0,00,
6100,0017D4,0,00,
6101,0017D5,13,0D,
6102,0017D6,52,34,4
6103,0017D7,120,78,x
6104,0017D8,150,96,
6105,0017D9,143,8F,
6106,0017DA,0,00,
6107,0017DB,0,00,
6108,0017DC,0,00,
6109,0017DD,12,0C,
6110,0017DE,52,34,4
6111,0017DF,120,78,x
6112,0017E0,150,96,
6113,0017E1,144,90,
6114,0017E2,0,00,
6115,0017E3,0,00,
6116,0017E4,0,00,
6117,0017E5,11,0B,
6118,0017E6,52,34,4
6119,0017E7,120,78,x
6120,0017E8,150,96,
6121,0017E9,145,91,
6122,0017EA,128,80,
6123,0017EB,0,00,
6124,0017EC,0,00,
6125,0017ED,8,08,
6126,0017EE,52,34,4
6127,0017EF,120,78,x
6128,0017F0,150,96,
6129,0017F1,146,92,
6130,0017F2,0,00,
6131,0017F3,0,00,
6132,0017F4,0,00,
6133,0017F5,8,08,
6134,0017F6,52,34,4
6135,0017F7,120,78,x
6136,0017F8,150,96,
6137,0017F9,147,93,
6138,0017FA,0,00,
6139,0017FB,0,00,
6140,0017FC,0,00,
6141,0017FD,7,07,
6142,0017FE,52,34,4
6143,0017FF,120,78,x
6144,001800,150,96,
6145,001801,148,94,
6146,001802,128,80,
6147,001803,0,00,
6148,001804,0,00,
6149,001805,6,06,
6150,001806,52,34,4
6151,001807,120,78,x
6152,001808,150,96,
6153,001809,149,95,
6154,00180A,0,00,
6155,00180B,0,00,
6156,00180C,0,00,
6157,00180D,6,06,
6158,00180E,52,34,4
6159,00180F,120,78,x
6160,001810,150,96,
6161,001811,150,96,
6162,001812,0,00,
6163,001813,0,00,
6164,001814,0,00,
6165,001815,6,06,
6166,001816,52,34,4
6167,001817,120,78,x
6168,001818,150,96,
6169,001819,151,97,
6170,00181A,128,80,
6171,00181B,0,00,
6172,00181C,0,00,
6173,00181D,7,07,
6174,00181E,52,34,4
6175,00181F,120,78,x
6176,001820,150,96,
6177,001821,152,98,
6178,001822,0,00,
6179,001823,0,00,
6180,001824,0,00,
6181,001825,7,07,
6182,001826,163,A3,
6183,001827,85,55,U
6184,001828,170,AA,
6185,001829,8,08,
6186,00182A,3,03,
6187,00182B,6,06,
6188,00182C,72,48,H
6189,00182D,19,13,
6190,00182E,10,0A,
6191,00182F,32,20, 
6192,001830,85,55,U
6193,001831,170,AA,
6194,001832,245,F5,
6195,001833,3,03,
6196,001834,1,01,
6197,001835,52,34,4
6198,001836,105,69,i
6199,001837,170,AA,
6200,001838,32,20, 
6201,001839,0,00,
6202,00183A,0,00,
6203,00183B,5,05,
6204,00183C,72,48,H
6205,00183D,52,34,4
6206,00183E,105,69,i
6207,00183F,171,AB,
6208,001840,96,60,`
6209,001841,0,00,
6210,001842,0,00,
6211,001843,5,05,
6212,001844,74,4A,J
6213,001845,52,34,4
6214,001846,105,69,i
6215,001847,172,AC,
6216,001848,160,A0,
6217,001849,0,00,
6218,00184A,0,00,
6219,00184B,5,05,
6220,00184C,76,4C,L
6221,00184D,52,34,4
6222,00184E,105,69,i
6223,00184F,173,AD,
6224,001850,224,E0,
6225,001851,0,00,
6226,001852,0,00,
6227,001853,5,05,
6228,001854,78,4E,N
6229,001855,52,34,4
6230,001856,105,69,i
6231,001857,175,AF,
6232,001858,32,20, 
6233,001859,0,00,
6234,00185A,0,00,
6235,00185B,5,05,
6236,00185C,80,50,P
6237,00185D,52,34,4
6238,00185E,105,69,i
6239,00185F,176,B0,
6240,001860,224,E0,
6241,001861,0,00,
6242,001862,0,00,
6243,001863,5,05,
6244,001864,82,52,R
6245,001865,52,34,4
6246,001866,105,69,i
6247,001867,178,B2,
6248,001868,32,20, 
6249,001869,0,00,
6250,00186A,0,00,
6251,00186B,5,05,
6252,00186C,84,54,T
6253,00186D,52,34,4
6254,00186E,105,69,i
6255,00186F,179,B3,
6256,001870,96,60,`
6257,001871,0,00,
6258,001872,0,00,
6259,001873,5,05,
6260,001874,86,56,V
6261,001875,52,34,4
6262,001876,105,69,i
6263,001877,180,B4,
6264,001878,160,A0,
6265,001879,0,00,
6266,00187A,0,00,
6267,00187B,5,05,
6268,00187C,88,58,X
6269,00187D,52,34,4
6270,00187E,105,69,i
6271,00187F,181,B5,
6272,001880,224,E0,
6273,001881,0,00,
6274,001882,0,00,
6275,001883,5,05,
6276,001884,90,5A,Z
6277,001885,52,34,4
6278,001886,105,69,i
6279,001887,183,B7,
6280,001888,32,20, 
6281,001889,0,00,
6282,00188A,0,00,
6283,00188B,5,05,
6284,00188C,92,5C,\
6285,00188D,52,34,4
6286,00188E,105,69,i
6287,00188F,184,B8,
6288,001890,224,E0,
6289,001891,0,00,
6290,001892,0,00,
6291,001893,5,05,
6292,001894,94,5E,^
6293,001895,52,34,4
6294,001896,105,69,i
6295,001897,186,BA,
6296,001898,32,20, 
6297,001899,0,00,
6298,00189A,0,00,
6299,00189B,5,05,
6300,00189C,96,60,`
6301,00189D,52,34,4
6302,00189E,105,69,i
6303,00189F,187,BB,
6304,0018A0,96,60,`
6305,0018A1,0,00,
6306,0018A2,0,00,
6307,0018A3,5,05,
6308,0018A4,98,62,b
6309,0018A5,52,34,4
6310,0018A6,105,69,i
6311,0018A7,188,BC,
6312,0018A8,160,A0,
6313,0018A9,0,00,
6314,0018AA,0,00,
6315,0018AB,5,05,
6316,0018AC,100,64,d
6317,0018AD,52,34,4
6318,0018AE,105,69,i
6319,0018AF,189,BD,
6320,0018B0,224,E0,
6321,0018B1,0,00,
6322,0018B2,0,00,
6323,0018B3,5,05,
6324,0018B4,101,65,e
6325,0018B5,52,34,4
6326,0018B6,105,69,i
6327,0018B7,191,BF,
6328,0018B8,32,20, 
6329,0018B9,0,00,
6330,0018BA,0,00,
6331,0018BB,5,05,
6332,0018BC,103,67,g
6333,0018BD,52,34,4
6334,0018BE,106,6A,j
6335,0018BF,0,00,
6336,0018C0,224,E0,
6337,0018C1,0,00,
6338,0018C2,0,00,
6339,0018C3,5,05,
6340,0018C4,105,69,i
6341,0018C5,52,34,4
6342,0018C6,106,6A,j
6343,0018C7,2,02,
6344,0018C8,32,20, 
6345,0018C9,0,00,
6346,0018CA,0,00,
6347,0018CB,5,05,
6348,0018CC,107,6B,k
6349,0018CD,52,34,4
6350,0018CE,106,6A,j
6351,0018CF,3,03,
6352,0018D0,96,60,`
6353,0018D1,0,00,
6354,0018D2,0,00,
6355,0018D3,5,05,
6356,0018D4,109,6D,m
6357,0018D5,52,34,4
6358,0018D6,106,6A,j
6359,0018D7,4,04,
6360,0018D8,160,A0,
6361,0018D9,0,00,
6362,0018DA,0,00,
6363,0018DB,5,05,
6364,0018DC,111,6F,o
6365,0018DD,52,34,4
6366,0018DE,106,6A,j
6367,0018DF,5,05,
6368,0018E0,224,E0,
6369,0018E1,0,00,
6370,0018E2,0,00,
6371,0018E3,5,05,
6372,0018E4,113,71,q
6373,0018E5,52,34,4
6374,0018E6,106,6A,j
6375,0018E7,7,07,
6376,0018E8,32,20, 
6377,0018E9,0,00,
6378,0018EA,0,00,
6379,0018EB,5,05,
6380,0018EC,115,73,s
6381,0018ED,52,34,4
6382,0018EE,106,6A,j
6383,0018EF,8,08,
6384,0018F0,224,E0,
6385,0018F1,0,00,
6386,0018F2,0,00,
6387,0018F3,5,05,
6388,0018F4,117,75,u
6389,0018F5,52,34,4
6390,0018F6,106,6A,j
6391,0018F7,10,0A,
6392,0018F8,32,20, 
6393,0018F9,0,00,
6394,0018FA,0,00,
6395,0018FB,5,05,
6396,0018FC,119,77,w
6397,0018FD,52,34,4
6398,0018FE,106,6A,j
6399,0018FF,11,0B,
6400,001900,96,60,`
6401,001901,0,00,
6402,001902,0,00,
6403,001903,5,05,
6404,001904,121,79,y
6405,001905,52,34,4
6406,001906,106,6A,j
6407,001907,12,0C,
6408,001908,160,A0,
6409,001909,0,00,
6410,00190A,0,00,
6411,00190B,5,05,
6412,00190C,123,7B,{
6413,00190D,52,34,4
6414,00190E,106,6A,j
6415,00190F,13,0D,
6416,001910,224,E0,
6417,001911,0,00,
6418,001912,0,00,
6419,001913,5,05,
6420,001914,125,7D,}
6421,001915,52,34,4
6422,001916,106,6A,j
6423,001917,15,0F,
6424,001918,32,20, 
6425,001919,0,00,
6426,00191A,0,00,
6427,00191B,5,05,
6428,00191C,127,7F,
6429,00191D,52,34,4
6430,00191E,106,6A,j
6431,00191F,17,11,
6432,001920,0,00,
6433,001921,0,00,
6434,001922,0,00,
6435,001923,5,05,
6436,001924,129,81,
6437,001925,245,F5,
6438,001926,85,55,U
6439,001927,170,AA,
6440,001928,245,F5,
6441,001929,3,03,
6442,00192A,2,02,
6443,00192B,52,34,4
6444,00192C,106,6A,j
6445,00192D,18,12,
6446,00192E,64,40,@
6447,00192F,0,00,
6448,001930,0,00,
6449,001931,5,05,
6450,001932,131,83,
6451,001933,52,34,4
6452,001934,106,6A,j
6453,001935,19,13,
6454,001936,128,80,
6455,001937,0,00,
6456,001938,0,00,
6457,001939,5,05,
6458,00193A,133,85,
6459,00193B,52,34,4
6460,00193C,106,6A,j
6461,00193D,20,14,
6462,00193E,192,C0,
6463,00193F,0,00,
6464,001940,0,00,
6465,001941,5,05,
6466,001942,135,87,
6467,001943,52,34,4
6468,001944,106,6A,j
6469,001945,22,16,
6470,001946,0,00,
6471,001947,0,00,
6472,001948,0,00,
6473,001949,5,05,
6474,00194A,137,89,
6475,00194B,52,34,4
6476,00194C,106,6A,j
6477,00194D,23,17,
6478,00194E,64,40,@
6479,00194F,0,00,
6480,001950,0,00,
6481,001951,5,05,
6482,001952,139,8B,
6483,001953,52,34,4
6484,001954,106,6A,j
6485,001955,25,19,
6486,001956,0,00,
6487,001957,0,00,
6488,001958,0,00,
6489,001959,5,05,
6490,00195A,141,8D,
6491,00195B,52,34,4
6492,00195C,106,6A,j
6493,00195D,26,1A,
6494,00195E,64,40,@
6495,00195F,0,00,
6496,001960,0,00,
6497,001961,5,05,
6498,001962,142,8E,
6499,001963,52,34,4
6500,001964,106,6A,j
6501,001965,27,1B,
6502,001966,128,80,
6503,001967,0,00,
6504,001968,0,00,
6505,001969,5,05,
6506,00196A,145,91,
6507,00196B,52,34,4
6508,00196C,106,6A,j
6509,00196D,28,1C,
6510,00196E,192,C0,
6511,00196F,0,00,
6512,001970,0,00,
6513,001971,5,05,
6514,001972,147,93,
6515,001973,52,34,4
6516,001974,106,6A,j
6517,001975,30,1E,
6518,001976,0,00,
6519,001977,0,00,
6520,001978,0,00,
6521,001979,5,05,
6522,00197A,148,94,
6523,00197B,52,34,4
6524,00197C,106,6A,j
6525,00197D,31,1F,
6526,00197E,64,40,@
6527,00197F,0,00,
6528,001980,0,00,
6529,001981,5,05,
6530,001982,150,96,
6531,001983,52,34,4
6532,001984,106,6A,j
6533,001985,33,21,!
6534,001986,0,00,
6535,001987,0,00,
6536,001988,0,00,
6537,001989,5,05,
6538,00198A,152,98,
6539,00198B,52,34,4
6540,00198C,106,6A,j
6541,00198D,34,22,"
6542,00198E,64,40,@
6543,00198F,0,00,
6544,001990,0,00,
6545,001991,5,05,
6546,001992,154,9A,
6547,001993,52,34,4
6548,001994,106,6A,j
6549,001995,35,23,#
6550,001996,128,80,
6551,001997,0,00,
6552,001998,0,00,
6553,001999,5,05,
6554,00199A,156,9C,
6555,00199B,52,34,4
6556,00199C,106,6A,j
6557,00199D,36,24,$
6558,00199E,192,C0,
6559,00199F,0,00,
6560,0019A0,0,00,
6561,0019A1,5,05,
6562,0019A2,158,9E,
6563,0019A3,52,34,4
6564,0019A4,106,6A,j
6565,0019A5,38,26,&
6566,0019A6,0,00,
6567,0019A7,0,00,
6568,0019A8,0,00,
6569,0019A9,5,05,
6570,0019AA,160,A0,
6571,0019AB,52,34,4
6572,0019AC,106,6A,j
6573,0019AD,39,27,'
6574,0019AE,64,40,@
6575,0019AF,0,00,
6576,0019B0,0,00,
6577,0019B1,5,05,
6578,0019B2,162,A2,
6579,0019B3,52,34,4
6580,0019B4,106,6A,j
6581,0019B5,41,29,)
6582,0019B6,0,00,
6583,0019B7,0,00,
6584,0019B8,0,00,
6585,0019B9,5,05,
6586,0019BA,164,A4,
6587,0019BB,52,34,4
6588,0019BC,106,6A,j
6589,0019BD,42,2A,*
6590,0019BE,64,40,@
6591,0019BF,0,00,
6592,0019C0,0,00,
6593,0019C1,5,05,
6594,0019C2,166,A6,
6595,0019C3,52,34,4
6596,0019C4,106,6A,j
6597,0019C5,43,2B,+
6598,0019C6,128,80,
6599,0019C7,0,00,
6600,0019C8,0,00,
6601,0019C9,5,05,
6602,0019CA,167,A7,
6603,0019CB,52,34,4
6604,0019CC,106,6A,j
6605,0019CD,44,2C,,
6606,0019CE,192,C0,
6607,0019CF,0,00,
6608,0019D0,0,00,
6609,0019D1,5,05,
6610,0019D2,169,A9,
6611,0019D3,52,34,4
6612,0019D4,106,6A,j
6613,0019D5,46,2E,.
6614,0019D6,0,00,
6615,0019D7,0,00,
6616,0019D8,0,00,
6617,0019D9,5,05,
6618,0019DA,171,AB,
6619,0019DB,52,34,4
6620,0019DC,106,6A,j
6621,0019DD,47,2F,/
6622,0019DE,64,40,@
6623,0019DF,0,00,
6624,0019E0,0,00,
6625,0019E1,5,05,
6626,0019E2,173,AD,
6627,0019E3,52,34,4
6628,0019E4,106,6A,j
6629,0019E5,49,31,1
6630,0019E6,0,00,
6631,0019E7,0,00,
6632,0019E8,0,00,
6633,0019E9,5,05,
6634,0019EA,175,AF,
6635,0019EB,52,34,4
6636,0019EC,106,6A,j
6637,0019ED,50,32,2
6638,0019EE,64,40,@
6639,0019EF,0,00,
6640,0019F0,0,00,
6641,0019F1,5,05,
6642,0019F2,177,B1,
6643,0019F3,52,34,4
6644,0019F4,106,6A,j
6645,0019F5,51,33,3
6646,0019F6,128,80,
6647,0019F7,0,00,
6648,0019F8,0,00,
6649,0019F9,5,05,
6650,0019FA,179,B3,
6651,0019FB,52,34,4
6652,0019FC,106,6A,j
6653,0019FD,52,34,4
6654,0019FE,192,C0,
6655,0019FF,0,00,
6656,001A00,0,00,
6657,001A01,5,05,
6658,001A02,180,B4,
6659,001A03,52,34,4
6660,001A04,106,6A,j
6661,001A05,54,36,6
6662,001A06,0,00,
6663,001A07,0,00,
6664,001A08,0,00,
6665,001A09,5,05,
6666,001A0A,182,B6,
6667,001A0B,52,34,4
6668,001A0C,106,6A,j
6669,001A0D,55,37,7
6670,001A0E,64,40,@
6671,001A0F,0,00,
6672,001A10,0,00,
6673,001A11,5,05,
6674,001A12,184,B8,
6675,001A13,52,34,4
6676,001A14,106,6A,j
6677,001A15,57,39,9
6678,001A16,0,00,
6679,001A17,0,00,
6680,001A18,0,00,
6681,001A19,5,05,
6682,001A1A,186,BA,
6683,001A1B,116,74,t
6684,001A1C,85,55,U
6685,001A1D,170,AA,
6686,001A1E,245,F5,
6687,001A1F,3,03,
6688,001A20,3,03,
6689,001A21,52,34,4
6690,001A22,106,6A,j
6691,001A23,58,3A,:
6692,001A24,64,40,@
6693,001A25,0,00,
6694,001A26,0,00,
6695,001A27,5,05,
6696,001A28,188,BC,
6697,001A29,52,34,4
6698,001A2A,106,6A,j
6699,001A2B,59,3B,;
6700,001A2C,128,80,
6701,001A2D,0,00,
6702,001A2E,0,00,
6703,001A2F,5,05,
6704,001A30,190,BE,
6705,001A31,52,34,4
6706,001A32,106,6A,j
6707,001A33,60,3C,<
6708,001A34,224,E0,
6709,001A35,0,00,
6710,001A36,0,00,
6711,001A37,5,05,
6712,001A38,192,C0,
6713,001A39,52,34,4
6714,001A3A,106,6A,j
6715,001A3B,62,3E,>
6716,001A3C,32,20, 
6717,001A3D,0,00,
6718,001A3E,0,00,
6719,001A3F,5,05,
6720,001A40,194,C2,
6721,001A41,52,34,4
6722,001A42,106,6A,j
6723,001A43,63,3F,?
6724,001A44,96,60,`
6725,001A45,0,00,
6726,001A46,0,00,
6727,001A47,5,05,
6728,001A48,196,C4,
6729,001A49,52,34,4
6730,001A4A,106,6A,j
6731,001A4B,65,41,A
6732,001A4C,32,20, 
6733,001A4D,0,00,
6734,001A4E,0,00,
6735,001A4F,5,05,
6736,001A50,198,C6,
6737,001A51,52,34,4
6738,001A52,106,6A,j
6739,001A53,66,42,B
6740,001A54,96,60,`
6741,001A55,0,00,
6742,001A56,0,00,
6743,001A57,5,05,
6744,001A58,200,C8,
6745,001A59,52,34,4
6746,001A5A,106,6A,j
6747,001A5B,67,43,C
6748,001A5C,160,A0,
6749,001A5D,0,00,
6750,001A5E,0,00,
6751,001A5F,5,05,
6752,001A60,202,CA,
6753,001A61,52,34,4
6754,001A62,106,6A,j
6755,001A63,68,44,D
6756,001A64,224,E0,
6757,001A65,0,00,
6758,001A66,0,00,
6759,001A67,5,05,
6760,001A68,204,CC,
6761,001A69,52,34,4
6762,001A6A,106,6A,j
6763,001A6B,70,46,F
6764,001A6C,32,20, 
6765,001A6D,0,00,
6766,001A6E,0,00,
6767,001A6F,5,05,
6768,001A70,206,CE,
6769,001A71,52,34,4
6770,001A72,106,6A,j
6771,001A73,71,47,G
6772,001A74,96,60,`
6773,001A75,0,00,
6774,001A76,0,00,
6775,001A77,5,05,
6776,001A78,208,D0,
6777,001A79,52,34,4
6778,001A7A,106,6A,j
6779,001A7B,73,49,I
6780,001A7C,32,20, 
6781,001A7D,0,00,
6782,001A7E,0,00,
6783,001A7F,5,05,
6784,001A80,210,D2,
6785,001A81,52,34,4
6786,001A82,106,6A,j
6787,001A83,74,4A,J
6788,001A84,96,60,`
6789,001A85,0,00,
6790,001A86,0,00,
6791,001A87,5,05,
6792,001A88,212,D4,
6793,001A89,52,34,4
6794,001A8A,106,6A,j
6795,001A8B,75,4B,K
6796,001A8C,160,A0,
6797,001A8D,0,00,
6798,001A8E,0,00,
6799,001A8F,5,05,
6800,001A90,214,D6,
6801,001A91,52,34,4
6802,001A92,106,6A,j
6803,001A93,76,4C,L
6804,001A94,224,E0,
6805,001A95,0,00,
6806,001A96,0,00,
6807,001A97,5,05,
6808,001A98,216,D8,
6809,001A99,52,34,4
6810,001A9A,106,6A,j
6811,001A9B,78,4E,N
6812,001A9C,32,20, 
6813,001A9D,0,00,
6814,001A9E,0,00,
6815,001A9F,5,05,
6816,001AA0,218,DA,
6817,001AA1,52,34,4
6818,001AA2,106,6A,j
6819,001AA3,79,4F,O
6820,001AA4,96,60,`
6821,001AA5,0,00,
6822,001AA6,0,00,
6823,001AA7,5,05,
6824,001AA8,220,DC,
6825,001AA9,52,34,4
6826,001AAA,106,6A,j
6827,001AAB,81,51,Q
6828,001AAC,32,20, 
6829,001AAD,0,00,
6830,001AAE,0,00,
6831,001AAF,5,05,
6832,001AB0,223,DF,
6833,001AB1,52,34,4
6834,001AB2,106,6A,j
6835,001AB3,82,52,R
6836,001AB4,96,60,`
6837,001AB5,0,00,
6838,001AB6,0,00,
6839,001AB7,5,05,
6840,001AB8,224,E0,
6841,001AB9,52,34,4
6842,001ABA,106,6A,j
6843,001ABB,83,53,S
6844,001ABC,160,A0,
6845,001ABD,0,00,
6846,001ABE,0,00,
6847,001ABF,5,05,
6848,001AC0,226,E2,
6849,001AC1,52,34,4
6850,001AC2,106,6A,j
6851,001AC3,84,54,T
6852,001AC4,224,E0,
6853,001AC5,0,00,
6854,001AC6,0,00,
6855,001AC7,5,05,
6856,001AC8,228,E4,
6857,001AC9,52,34,4
6858,001ACA,106,6A,j
6859,001ACB,86,56,V
6860,001ACC,32,20, 
6861,001ACD,0,00,
6862,001ACE,0,00,
6863,001ACF,5,05,
6864,001AD0,231,E7,
6865,001AD1,52,34,4
6866,001AD2,106,6A,j
6867,001AD3,87,57,W
6868,001AD4,96,60,`
6869,001AD5,0,00,
6870,001AD6,0,00,
6871,001AD7,5,05,
6872,001AD8,232,E8,
6873,001AD9,52,34,4
6874,001ADA,106,6A,j
6875,001ADB,89,59,Y
6876,001ADC,32,20, 
6877,001ADD,0,00,
6878,001ADE,0,00,
6879,001ADF,5,05,
6880,001AE0,234,EA,
6881,001AE1,52,34,4
6882,001AE2,106,6A,j
6883,001AE3,90,5A,Z
6884,001AE4,96,60,`
6885,001AE5,0,00,
6886,001AE6,0,00,
6887,001AE7,5,05,
6888,001AE8,236,EC,
6889,001AE9,52,34,4
6890,001AEA,106,6A,j
6891,001AEB,91,5B,[
6892,001AEC,160,A0,
6893,001AED,0,00,
6894,001AEE,0,00,
6895,001AEF,5,05,
6896,001AF0,238,EE,
6897,001AF1,52,34,4
6898,001AF2,106,6A,j
6899,001AF3,92,5C,\
6900,001AF4,224,E0,
6901,001AF5,0,00,
6902,001AF6,0,00,
6903,001AF7,5,05,
6904,001AF8,240,F0,
6905,001AF9,52,34,4
6906,001AFA,106,6A,j
6907,001AFB,94,5E,^
6908,001AFC,32,20, 
6909,001AFD,0,00,
6910,001AFE,0,00,
6911,001AFF,5,05,
6912,001B00,242,F2,
6913,001B01,52,34,4
6914,001B02,106,6A,j
6915,001B03,95,5F,_
6916,001B04,96,60,`
6917,001B05,0,00,
6918,001B06,0,00,
6919,001B07,5,05,
6920,001B08,244,F4,
6921,001B09,52,34,4
6922,001B0A,106,6A,j
6923,001B0B,97,61,a
6924,001B0C,32,20, 
6925,001B0D,0,00,
6926,001B0E,0,00,
6927,001B0F,5,05,
6928,001B10,245,F5,
6929,001B11,121,79,y
6930,001B12,85,55,U
6931,001B13,170,AA,
6932,001B14,245,F5,
6933,001B15,3,03,
6934,001B16,4,04,
6935,001B17,52,34,4
6936,001B18,106,6A,j
6937,001B19,98,62,b
6938,001B1A,96,60,`
6939,001B1B,0,00,
6940,001B1C,0,00,
6941,001B1D,5,05,
6942,001B1E,247,F7,
6943,001B1F,52,34,4
6944,001B20,106,6A,j
6945,001B21,99,63,c
6946,001B22,160,A0,
6947,001B23,0,00,
6948,001B24,0,00,
6949,001B25,5,05,
6950,001B26,250,FA,
6951,001B27,52,34,4
6952,001B28,106,6A,j
6953,001B29,100,64,d
6954,001B2A,224,E0,
6955,001B2B,0,00,
6956,001B2C,0,00,
6957,001B2D,5,05,
6958,001B2E,251,FB,
6959,001B2F,52,34,4
6960,001B30,106,6A,j
6961,001B31,102,66,f
6962,001B32,32,20, 
6963,001B33,0,00,
6964,001B34,0,00,
6965,001B35,5,05,
6966,001B36,253,FD,
6967,001B37,52,34,4
6968,001B38,106,6A,j
6969,001B39,104,68,h
6970,001B3A,0,00,
6971,001B3B,0,00,
6972,001B3C,0,00,
6973,001B3D,5,05,
6974,001B3E,255,FF,
6975,001B3F,52,34,4
6976,001B40,106,6A,j
6977,001B41,105,69,i
6978,001B42,64,40,@
6979,001B43,0,00,
6980,001B44,0,00,
6981,001B45,6,06,
6982,001B46,2,02,
6983,001B47,52,34,4
6984,001B48,106,6A,j
6985,001B49,106,6A,j
6986,001B4A,128,80,
6987,001B4B,0,00,
6988,001B4C,0,00,
6989,001B4D,6,06,
6990,001B4E,3,03,
6991,001B4F,52,34,4
6992,001B50,106,6A,j
6993,001B51,107,6B,k
6994,001B52,192,C0,
6995,001B53,0,00,
6996,001B54,0,00,
6997,001B55,6,06,
6998,001B56,5,05,
6999,001B57,52,34,4
7000,001B58,106,6A,j
7001,001B59,109,6D,m
7002,001B5A,0,00,
7003,001B5B,0,00,
7004,001B5C,0,00,
7005,001B5D,6,06,
7006,001B5E,7,07,
7007,001B5F,52,34,4
7008,001B60,106,6A,j
7009,001B61,110,6E,n
7010,001B62,64,40,@
7011,001B63,0,00,
7012,001B64,0,00,
7013,001B65,6,06,
7014,001B66,9,09,
7015,001B67,52,34,4
7016,001B68,106,6A,j
7017,001B69,112,70,p
7018,001B6A,0,00,
7019,001B6B,0,00,
7020,001B6C,0,00,
7021,001B6D,6,06,
7022,001B6E,11,0B,
7023,001B6F,52,34,4
7024,001B70,106,6A,j
7025,001B71,113,71,q
7026,001B72,64,40,@
7027,001B73,0,00,
7028,001B74,0,00,
7029,001B75,6,06,
7030,001B76,13,0D,
7031,001B77,52,34,4
7032,001B78,106,6A,j
7033,001B79,114,72,r
7034,001B7A,128,80,
7035,001B7B,0,00,
7036,001B7C,0,00,
7037,001B7D,6,06,
7038,001B7E,15,0F,
7039,001B7F,52,34,4
7040,001B80,106,6A,j
7041,001B81,115,73,s
7042,001B82,192,C0,
7043,001B83,0,00,
7044,001B84,0,00,
7045,001B85,6,06,
7046,001B86,17,11,
7047,001B87,52,34,4
7048,001B88,106,6A,j
7049,001B89,117,75,u
7050,001B8A,0,00,
7051,001B8B,0,00,
7052,001B8C,0,00,
7053,001B8D,6,06,
7054,001B8E,19,13,
7055,001B8F,52,34,4
7056,001B90,106,6A,j
7057,001B91,118,76,v
7058,001B92,64,40,@
7059,001B93,0,00,
7060,001B94,0,00,
7061,001B95,6,06,
7062,001B96,21,15,
7063,001B97,52,34,4
7064,001B98,106,6A,j
7065,001B99,120,78,x
7066,001B9A,0,00,
7067,001B9B,0,00,
7068,001B9C,0,00,
7069,001B9D,6,06,
7070,001B9E,24,18,
7071,001B9F,52,34,4
7072,001BA0,106,6A,j
7073,001BA1,121,79,y
7074,001BA2,64,40,@
7075,001BA3,0,00,
7076,001BA4,0,00,
7077,001BA5,6,06,
7078,001BA6,27,1B,
7079,001BA7,52,34,4
7080,001BA8,106,6A,j
7081,001BA9,122,7A,z
7082,001BAA,128,80,
7083,001BAB,0,00,
7084,001BAC,0,00,
7085,001BAD,6,06,
7086,001BAE,29,1D,
7087,001BAF,52,34,4
7088,001BB0,106,6A,j
7089,001BB1,123,7B,{
7090,001BB2,192,C0,
7091,001BB3,0,00,
7092,001BB4,0,00,
7093,001BB5,6,06,
7094,001BB6,32,20, 
7095,001BB7,52,34,4
7096,001BB8,106,6A,j
7097,001BB9,125,7D,}
7098,001BBA,0,00,
7099,001BBB,0,00,
7100,001BBC,0,00,
7101,001BBD,6,06,
7102,001BBE,34,22,"
7103,001BBF,52,34,4
7104,001BC0,106,6A,j
7105,001BC1,126,7E,~
7106,001BC2,64,40,@
7107,001BC3,0,00,
7108,001BC4,0,00,
7109,001BC5,6,06,
7110,001BC6,36,24,$
7111,001BC7,52,34,4
7112,001BC8,106,6A,j
7113,001BC9,128,80,
7114,001BCA,0,00,
7115,001BCB,0,00,
7116,001BCC,0,00,
7117,001BCD,6,06,
7118,001BCE,39,27,'
7119,001BCF,52,34,4
7120,001BD0,106,6A,j
7121,001BD1,129,81,
7122,001BD2,64,40,@
7123,001BD3,0,00,
7124,001BD4,0,00,
7125,001BD5,6,06,
7126,001BD6,41,29,)
7127,001BD7,52,34,4
7128,001BD8,106,6A,j
7129,001BD9,130,82,
7130,001BDA,128,80,
7131,001BDB,0,00,
7132,001BDC,0,00,
7133,001BDD,6,06,
7134,001BDE,43,2B,+
7135,001BDF,52,34,4
7136,001BE0,106,6A,j
7137,001BE1,131,83,
7138,001BE2,192,C0,
7139,001BE3,0,00,
7140,001BE4,0,00,
7141,001BE5,6,06,
7142,001BE6,45,2D,-
7143,001BE7,52,34,4
7144,001BE8,106,6A,j
7145,001BE9,133,85,
7146,001BEA,0,00,
7147,001BEB,0,00,
7148,001BEC,0,00,
7149,001BED,6,06,
7150,001BEE,47,2F,/
7151,001BEF,52,34,4
7152,001BF0,106,6A,j
7153,001BF1,134,86,
7154,001BF2,64,40,@
7155,001BF3,0,00,
7156,001BF4,0,00,
7157,001BF5,6,06,
7158,001BF6,49,31,1
7159,001BF7,52,34,4
7160,001BF8,106,6A,j
7161,001BF9,136,88,
7162,001BFA,0,00,
7163,001BFB,0,00,
7164,001BFC,0,00,
7165,001BFD,6,06,
7166,001BFE,51,33,3
7167,001BFF,52,34,4
7168,001C00,106,6A,j
7169,001C01,137,89,
7170,001C02,64,40,@
7171,001C03,0,00,
7172,001C04,0,00,
7173,001C05,6,06,
7174,001C06,53,35,5
7175,001C07,101,65,e
7176,001C08,85,55,U
7177,001C09,170,AA,
7178,001C0A,245,F5,
7179,001C0B,3,03,
7180,001C0C,5,05,
7181,001C0D,52,34,4
7182,001C0E,106,6A,j
7183,001C0F,138,8A,
7184,001C10,128,80,
7185,001C11,0,00,
7186,001C12,0,00,
7187,001C13,6,06,
7188,001C14,55,37,7
7189,001C15,52,34,4
7190,001C16,106,6A,j
7191,001C17,139,8B,
7192,001C18,192,C0,
7193,001C19,0,00,
7194,001C1A,0,00,
7195,001C1B,6,06,
7196,001C1C,57,39,9
7197,001C1D,52,34,4
7198,001C1E,106,6A,j
7199,001C1F,141,8D,
7200,001C20,0,00,
7201,001C21,0,00,
7202,001C22,0,00,
7203,001C23,6,06,
7204,001C24,59,3B,;
7205,001C25,52,34,4
7206,001C26,106,6A,j
7207,001C27,142,8E,
7208,001C28,64,40,@
7209,001C29,0,00,
7210,001C2A,0,00,
7211,001C2B,6,06,
7212,001C2C,61,3D,=
7213,001C2D,52,34,4
7214,001C2E,106,6A,j
7215,001C2F,144,90,
7216,001C30,32,20, 
7217,001C31,0,00,
7218,001C32,0,00,
7219,001C33,6,06,
7220,001C34,63,3F,?
7221,001C35,52,34,4
7222,001C36,106,6A,j
7223,001C37,145,91,
7224,001C38,96,60,`
7225,001C39,0,00,
7226,001C3A,0,00,
7227,001C3B,6,06,
7228,001C3C,65,41,A
7229,001C3D,52,34,4
7230,001C3E,106,6A,j
7231,001C3F,146,92,
7232,001C40,160,A0,
7233,001C41,0,00,
7234,001C42,0,00,
7235,001C43,6,06,
7236,001C44,68,44,D
7237,001C45,52,34,4
7238,001C46,106,6A,j
7239,001C47,147,93,
7240,001C48,224,E0,
7241,001C49,0,00,
7242,001C4A,0,00,
7243,001C4B,6,06,
7244,001C4C,69,45,E
7245,001C4D,52,34,4
7246,001C4E,106,6A,j
7247,001C4F,149,95,
7248,001C50,32,20, 
7249,001C51,0,00,
7250,001C52,0,00,
7251,001C53,6,06,
7252,001C54,72,48,H
7253,001C55,52,34,4
7254,001C56,106,6A,j
7255,001C57,150,96,
7256,001C58,96,60,`
7257,001C59,0,00,
7258,001C5A,0,00,
7259,001C5B,6,06,
7260,001C5C,74,4A,J
7261,001C5D,52,34,4
7262,001C5E,106,6A,j
7263,001C5F,152,98,
7264,001C60,32,20, 
7265,001C61,0,00,
7266,001C62,0,00,
7267,001C63,6,06,
7268,001C64,76,4C,L
7269,001C65,52,34,4
7270,001C66,106,6A,j
7271,001C67,153,99,
7272,001C68,96,60,`
7273,001C69,0,00,
7274,001C6A,0,00,
7275,001C6B,6,06,
7276,001C6C,78,4E,N
7277,001C6D,52,34,4
7278,001C6E,106,6A,j
7279,001C6F,154,9A,
7280,001C70,160,A0,
7281,001C71,0,00,
7282,001C72,0,00,
7283,001C73,6,06,
7284,001C74,80,50,P
7285,001C75,52,34,4
7286,001C76,106,6A,j
7287,001C77,155,9B,
7288,001C78,224,E0,
7289,001C79,0,00,
7290,001C7A,0,00,
7291,001C7B,6,06,
7292,001C7C,82,52,R
7293,001C7D,52,34,4
7294,001C7E,106,6A,j
7295,001C7F,157,9D,
7296,001C80,32,20, 
7297,001C81,0,00,
7298,001C82,0,00,
7299,001C83,6,06,
7300,001C84,84,54,T
7301,001C85,52,34,4
7302,001C86,106,6A,j
7303,001C87,158,9E,
7304,001C88,96,60,`
7305,001C89,0,00,
7306,001C8A,0,00,
7307,001C8B,6,06,
7308,001C8C,86,56,V
7309,001C8D,52,34,4
7310,001C8E,106,6A,j
7311,001C8F,160,A0,
7312,001C90,32,20, 
7313,001C91,0,00,
7314,001C92,0,00,
7315,001C93,6,06,
7316,001C94,88,58,X
7317,001C95,52,34,4
7318,001C96,106,6A,j
7319,001C97,161,A1,
7320,001C98,96,60,`
7321,001C99,0,00,
7322,001C9A,0,00,
7323,001C9B,6,06,
7324,001C9C,91,5B,[
7325,001C9D,52,34,4
7326,001C9E,106,6A,j
7327,001C9F,162,A2,
7328,001CA0,160,A0,
7329,001CA1,0,00,
7330,001CA2,0,00,
7331,001CA3,6,06,
7332,001CA4,93,5D,]
7333,001CA5,52,34,4
7334,001CA6,106,6A,j
7335,001CA7,163,A3,
7336,001CA8,224,E0,
7337,001CA9,0,00,
7338,001CAA,0,00,
7339,001CAB,6,06,
7340,001CAC,95,5F,_
7341,001CAD,52,34,4
7342,001CAE,106,6A,j
7343,001CAF,165,A5,
7344,001CB0,32,20, 
7345,001CB1,0,00,
7346,001CB2,0,00,
7347,001CB3,6,06,
7348,001CB4,97,61,a
7349,001CB5,52,34,4
7350,001CB6,106,6A,j
7351,001CB7,166,A6,
7352,001CB8,96,60,`
7353,001CB9,0,00,
7354,001CBA,0,00,
7355,001CBB,6,06,
7356,001CBC,98,62,b
7357,001CBD,52,34,4
7358,001CBE,106,6A,j
7359,001CBF,168,A8,
7360,001CC0,32,20, 
7361,001CC1,0,00,
7362,001CC2,0,00,
7363,001CC3,6,06,
7364,001CC4,101,65,e
7365,001CC5,52,34,4
7366,001CC6,106,6A,j
7367,001CC7,169,A9,
7368,001CC8,96,60,`
7369,001CC9,0,00,
7370,001CCA,0,00,
7371,001CCB,6,06,
7372,001CCC,103,67,g
7373,001CCD,52,34,4
7374,001CCE,106,6A,j
7375,001CCF,170,AA,
7376,001CD0,160,A0,
7377,001CD1,0,00,
7378,001CD2,0,00,
7379,001CD3,6,06,
7380,001CD4,105,69,i
7381,001CD5,52,34,4
7382,001CD6,106,6A,j
7383,001CD7,171,AB,
7384,001CD8,224,E0,
7385,001CD9,0,00,
7386,001CDA,0,00,
7387,001CDB,6,06,
7388,001CDC,107,6B,k
7389,001CDD,52,34,4
7390,001CDE,106,6A,j
7391,001CDF,173,AD,
7392,001CE0,32,20, 
7393,001CE1,0,00,
7394,001CE2,0,00,
7395,001CE3,6,06,
7396,001CE4,109,6D,m
7397,001CE5,52,34,4
7398,001CE6,106,6A,j
7399,001CE7,174,AE,
7400,001CE8,96,60,`
7401,001CE9,0,00,
7402,001CEA,0,00,
7403,001CEB,6,06,
7404,001CEC,111,6F,o
7405,001CED,52,34,4
7406,001CEE,106,6A,j
7407,001CEF,176,B0,
7408,001CF0,32,20, 
7409,001CF1,0,00,
7410,001CF2,0,00,
7411,001CF3,6,06,
7412,001CF4,112,70,p
7413,001CF5,52,34,4
7414,001CF6,106,6A,j
7415,001CF7,177,B1,
7416,001CF8,96,60,`
7417,001CF9,0,00,
7418,001CFA,0,00,
7419,001CFB,6,06,
7420,001CFC,114,72,r
7421,001CFD,77,4D,M
7422,001CFE,85,55,U
7423,001CFF,170,AA,
7424,001D00,245,F5,
7425,001D01,3,03,
7426,001D02,6,06,
7427,001D03,52,34,4
7428,001D04,106,6A,j
7429,001D05,178,B2,
7430,001D06,160,A0,
7431,001D07,0,00,
7432,001D08,0,00,
7433,001D09,6,06,
7434,001D0A,116,74,t
7435,001D0B,52,34,4
7436,001D0C,106,6A,j
7437,001D0D,179,B3,
7438,001D0E,224,E0,
7439,001D0F,0,00,
7440,001D10,0,00,
7441,001D11,6,06,
7442,001D12,118,76,v
7443,001D13,52,34,4
7444,001D14,106,6A,j
7445,001D15,181,B5,
7446,001D16,32,20, 
7447,001D17,0,00,
7448,001D18,0,00,
7449,001D19,6,06,
7450,001D1A,120,78,x
7451,001D1B,52,34,4
7452,001D1C,106,6A,j
7453,001D1D,182,B6,
7454,001D1E,96,60,`
7455,001D1F,0,00,
7456,001D20,0,00,
7457,001D21,6,06,
7458,001D22,122,7A,z
7459,001D23,52,34,4
7460,001D24,106,6A,j
7461,001D25,184,B8,
7462,001D26,32,20, 
7463,001D27,0,00,
7464,001D28,0,00,
7465,001D29,6,06,
7466,001D2A,124,7C,|
7467,001D2B,52,34,4
7468,001D2C,106,6A,j
7469,001D2D,185,B9,
7470,001D2E,96,60,`
7471,001D2F,0,00,
7472,001D30,0,00,
7473,001D31,6,06,
7474,001D32,126,7E,~
7475,001D33,52,34,4
7476,001D34,106,6A,j
7477,001D35,186,BA,
7478,001D36,160,A0,
7479,001D37,0,00,
7480,001D38,0,00,
7481,001D39,6,06,
7482,001D3A,128,80,
7483,001D3B,52,34,4
7484,001D3C,106,6A,j
7485,001D3D,187,BB,
7486,001D3E,224,E0,
7487,001D3F,0,00,
7488,001D40,0,00,
7489,001D41,6,06,
7490,001D42,130,82,
7491,001D43,52,34,4
7492,001D44,106,6A,j
7493,001D45,189,BD,
7494,001D46,64,40,@
7495,001D47,0,00,
7496,001D48,0,00,
7497,001D49,6,06,
7498,001D4A,132,84,
7499,001D4B,52,34,4
7500,001D4C,106,6A,j
7501,001D4D,190,BE,
7502,001D4E,128,80,
7503,001D4F,0,00,
7504,001D50,0,00,
7505,001D51,6,06,
7506,001D52,134,86,
7507,001D53,52,34,4
7508,001D54,107,6B,k
7509,001D55,0,00,
7510,001D56,64,40,@
7511,001D57,0,00,
7512,001D58,0,00,
7513,001D59,6,06,
7514,001D5A,136,88,
7515,001D5B,52,34,4
7516,001D5C,107,6B,k
7517,001D5D,1,01,
7518,001D5E,128,80,
7519,001D5F,0,00,
7520,001D60,0,00,
7521,001D61,6,06,
7522,001D62,138,8A,
7523,001D63,52,34,4
7524,001D64,107,6B,k
7525,001D65,2,02,
7526,001D66,192,C0,
7527,001D67,0,00,
7528,001D68,0,00,
7529,001D69,6,06,
7530,001D6A,140,8C,
7531,001D6B,52,34,4
7532,001D6C,107,6B,k
7533,001D6D,4,04,
7534,001D6E,0,00,
7535,001D6F,0,00,
7536,001D70,0,00,
7537,001D71,6,06,
7538,001D72,142,8E,
7539,001D73,52,34,4
7540,001D74,107,6B,k
7541,001D75,5,05,
7542,001D76,64,40,@
7543,001D77,0,00,
7544,001D78,0,00,
7545,001D79,6,06,
7546,001D7A,144,90,
7547,001D7B,52,34,4
7548,001D7C,107,6B,k
7549,001D7D,6,06,
7550,001D7E,128,80,
7551,001D7F,0,00,
7552,001D80,0,00,
7553,001D81,6,06,
7554,001D82,146,92,
7555,001D83,52,34,4
7556,001D84,107,6B,k
7557,001D85,8,08,
7558,001D86,64,40,@
7559,001D87,0,00,
7560,001D88,0,00,
7561,001D89,6,06,
7562,001D8A,149,95,
7563,001D8B,52,34,4
7564,001D8C,107,6B,k
7565,001D8D,9,09,
7566,001D8E,128,80,
7567,001D8F,0,00,
7568,001D90,0,00,
7569,001D91,6,06,
7570,001D92,151,97,
7571,001D93,52,34,4
7572,001D94,107,6B,k
7573,001D95,10,0A,
7574,001D96,192,C0,
7575,001D97,0,00,
7576,001D98,0,00,
7577,001D99,6,06,
7578,001D9A,153,99,
7579,001D9B,52,34,4
7580,001D9C,107,6B,k
7581,001D9D,12,0C,
7582,001D9E,0,00,
7583,001D9F,0,00,
7584,001DA0,0,00,
7585,001DA1,6,06,
7586,001DA2,155,9B,
7587,001DA3,52,34,4
7588,001DA4,107,6B,k
7589,001DA5,13,0D,
7590,001DA6,64,40,@
7591,001DA7,0,00,
7592,001DA8,0,00,
7593,001DA9,6,06,
7594,001DAA,157,9D,
7595,001DAB,52,34,4
7596,001DAC,107,6B,k
7597,001DAD,14,0E,
7598,001DAE,128,80,
7599,001DAF,0,00,
7600,001DB0,0,00,
7601,001DB1,6,06,
7602,001DB2,159,9F,
7603,001DB3,52,34,4
7604,001DB4,107,6B,k
7605,001DB5,16,10,
7606,001DB6,64,40,@
7607,001DB7,0,00,
7608,001DB8,0,00,
7609,001DB9,6,06,
7610,001DBA,161,A1,
7611,001DBB,52,34,4
7612,001DBC,107,6B,k
7613,001DBD,17,11,
7614,001DBE,128,80,
7615,001DBF,0,00,
7616,001DC0,0,00,
7617,001DC1,6,06,
7618,001DC2,163,A3,
7619,001DC3,52,34,4
7620,001DC4,107,6B,k
7621,001DC5,18,12,
7622,001DC6,192,C0,
7623,001DC7,0,00,
7624,001DC8,0,00,
7625,001DC9,6,06,
7626,001DCA,165,A5,
7627,001DCB,52,34,4
7628,001DCC,107,6B,k
7629,001DCD,20,14,
7630,001DCE,0,00,
7631,001DCF,0,00,
7632,001DD0,0,00,
7633,001DD1,6,06,
7634,001DD2,167,A7,
7635,001DD3,52,34,4
7636,001DD4,107,6B,k
7637,001DD5,21,15,
7638,001DD6,64,40,@
7639,001DD7,0,00,
7640,001DD8,0,00,
7641,001DD9,6,06,
7642,001DDA,169,A9,
7643,001DDB,52,34,4
7644,001DDC,107,6B,k
7645,001DDD,22,16,
7646,001DDE,128,80,
7647,001DDF,0,00,
7648,001DE0,0,00,
7649,001DE1,6,06,
7650,001DE2,171,AB,
7651,001DE3,52,34,4
7652,001DE4,107,6B,k
7653,001DE5,24,18,
7654,001DE6,64,40,@
7655,001DE7,0,00,
7656,001DE8,0,00,
7657,001DE9,6,06,
7658,001DEA,173,AD,
7659,001DEB,52,34,4
7660,001DEC,107,6B,k
7661,001DED,25,19,
7662,001DEE,128,80,
7663,001DEF,0,00,
7664,001DF0,0,00,
7665,001DF1,6,06,
7666,001DF2,175,AF,
7667,001DF3,104,68,h
7668,001DF4,85,55,U
7669,001DF5,170,AA,
7670,001DF6,245,F5,
7671,001DF7,3,03,
7672,001DF8,7,07,
7673,001DF9,52,34,4
7674,001DFA,107,6B,k
7675,001DFB,26,1A,
7676,001DFC,192,C0,
7677,001DFD,0,00,
7678,001DFE,0,00,
7679,001DFF,6,06,
7680,001E00,178,B2,
7681,001E01,52,34,4
7682,001E02,107,6B,k
7683,001E03,28,1C,
7684,001E04,0,00,
7685,001E05,0,00,
7686,001E06,0,00,
7687,001E07,6,06,
7688,001E08,179,B3,
7689,001E09,52,34,4
7690,001E0A,107,6B,k
7691,001E0B,29,1D,
7692,001E0C,64,40,@
7693,001E0D,0,00,
7694,001E0E,0,00,
7695,001E0F,6,06,
7696,001E10,181,B5,
7697,001E11,52,34,4
7698,001E12,107,6B,k
7699,001E13,30,1E,
7700,001E14,128,80,
7701,001E15,0,00,
7702,001E16,0,00,
7703,001E17,6,06,
7704,001E18,184,B8,
7705,001E19,52,34,4
7706,001E1A,107,6B,k
7707,001E1B,32,20, 
7708,001E1C,64,40,@
7709,001E1D,0,00,
7710,001E1E,0,00,
7711,001E1F,6,06,
7712,001E20,186,BA,
7713,001E21,52,34,4
7714,001E22,107,6B,k
7715,001E23,33,21,!
7716,001E24,128,80,
7717,001E25,0,00,
7718,001E26,0,00,
7719,001E27,6,06,
7720,001E28,188,BC,
7721,001E29,52,34,4
7722,001E2A,107,6B,k
7723,001E2B,34,22,"
7724,001E2C,192,C0,
7725,001E2D,0,00,
7726,001E2E,0,00,
7727,001E2F,6,06,
7728,001E30,190,BE,
7729,001E31,52,34,4
7730,001E32,107,6B,k
7731,001E33,36,24,$
7732,001E34,0,00,
7733,001E35,0,00,
7734,001E36,0,00,
7735,001E37,6,06,
7736,001E38,192,C0,
7737,001E39,52,34,4
7738,001E3A,107,6B,k
7739,001E3B,37,25,%
7740,001E3C,64,40,@
7741,001E3D,0,00,
7742,001E3E,0,00,
7743,001E3F,6,06,
7744,001E40,194,C2,
7745,001E41,52,34,4
7746,001E42,107,6B,k
7747,001E43,38,26,&
7748,001E44,128,80,
7749,001E45,0,00,
7750,001E46,0,00,
7751,001E47,6,06,
7752,001E48,196,C4,
7753,001E49,52,34,4
7754,001E4A,107,6B,k
7755,001E4B,40,28,(
7756,001E4C,64,40,@
7757,001E4D,0,00,
7758,001E4E,0,00,
7759,001E4F,6,06,
7760,001E50,198,C6,
7761,001E51,52,34,4
7762,001E52,107,6B,k
7763,001E53,41,29,)
7764,001E54,128,80,
7765,001E55,0,00,
7766,001E56,0,00,
7767,001E57,6,06,
7768,001E58,200,C8,
7769,001E59,52,34,4
7770,001E5A,107,6B,k
7771,001E5B,42,2A,*
7772,001E5C,224,E0,
7773,001E5D,0,00,
7774,001E5E,0,00,
7775,001E5F,6,06,
7776,001E60,202,CA,
7777,001E61,52,34,4
7778,001E62,107,6B,k
7779,001E63,44,2C,,
7780,001E64,32,20, 
7781,001E65,0,00,
7782,001E66,0,00,
7783,001E67,6,06,
7784,001E68,204,CC,
7785,001E69,52,34,4
7786,001E6A,107,6B,k
7787,001E6B,45,2D,-
7788,001E6C,96,60,`
7789,001E6D,0,00,
7790,001E6E,0,00,
7791,001E6F,6,06,
7792,001E70,206,CE,
7793,001E71,52,34,4
7794,001E72,107,6B,k
7795,001E73,46,2E,.
7796,001E74,160,A0,
7797,001E75,0,00,
7798,001E76,0,00,
7799,001E77,6,06,
7800,001E78,209,D1,
7801,001E79,52,34,4
7802,001E7A,107,6B,k
7803,001E7B,48,30,0
7804,001E7C,96,60,`
7805,001E7D,0,00,
7806,001E7E,0,00,
7807,001E7F,6,06,
7808,001E80,211,D3,
7809,001E81,52,34,4
7810,001E82,107,6B,k
7811,001E83,49,31,1
7812,001E84,160,A0,
7813,001E85,0,00,
7814,001E86,0,00,
7815,001E87,6,06,
7816,001E88,213,D5,
7817,001E89,52,34,4
7818,001E8A,107,6B,k
7819,001E8B,50,32,2
7820,001E8C,224,E0,
7821,001E8D,0,00,
7822,001E8E,0,00,
7823,001E8F,6,06,
7824,001E90,214,D6,
7825,001E91,52,34,4
7826,001E92,107,6B,k
7827,001E93,52,34,4
7828,001E94,32,20, 
7829,001E95,0,00,
7830,001E96,0,00,
7831,001E97,6,06,
7832,001E98,216,D8,
7833,001E99,52,34,4
7834,001E9A,107,6B,k
7835,001E9B,53,35,5
7836,001E9C,96,60,`
7837,001E9D,0,00,
7838,001E9E,0,00,
7839,001E9F,6,06,
7840,001EA0,218,DA,
7841,001EA1,52,34,4
7842,001EA2,107,6B,k
7843,001EA3,54,36,6
7844,001EA4,160,A0,
7845,001EA5,0,00,
7846,001EA6,0,00,
7847,001EA7,6,06,
7848,001EA8,220,DC,
7849,001EA9,52,34,4
7850,001EAA,107,6B,k
7851,001EAB,56,38,8
7852,001EAC,96,60,`
7853,001EAD,0,00,
7854,001EAE,0,00,
7855,001EAF,6,06,
7856,001EB0,222,DE,
7857,001EB1,52,34,4
7858,001EB2,107,6B,k
7859,001EB3,57,39,9
7860,001EB4,160,A0,
7861,001EB5,0,00,
7862,001EB6,0,00,
7863,001EB7,6,06,
7864,001EB8,224,E0,
7865,001EB9,52,34,4
7866,001EBA,107,6B,k
7867,001EBB,58,3A,:
7868,001EBC,224,E0,
7869,001EBD,0,00,
7870,001EBE,0,00,
7871,001EBF,6,06,
7872,001EC0,226,E2,
7873,001EC1,52,34,4
7874,001EC2,107,6B,k
7875,001EC3,60,3C,<
7876,001EC4,32,20, 
7877,001EC5,0,00,
7878,001EC6,0,00,
7879,001EC7,6,06,
7880,001EC8,228,E4,
7881,001EC9,52,34,4
7882,001ECA,107,6B,k
7883,001ECB,61,3D,=
7884,001ECC,96,60,`
7885,001ECD,0,00,
7886,001ECE,0,00,
7887,001ECF,6,06,
7888,001ED0,230,E6,
7889,001ED1,52,34,4
7890,001ED2,107,6B,k
7891,001ED3,62,3E,>
7892,001ED4,160,A0,
7893,001ED5,0,00,
7894,001ED6,0,00,
7895,001ED7,6,06,
7896,001ED8,232,E8,
7897,001ED9,52,34,4
7898,001EDA,107,6B,k
7899,001EDB,64,40,@
7900,001EDC,96,60,`
7901,001EDD,0,00,
7902,001EDE,0,00,
7903,001EDF,6,06,
7904,001EE0,234,EA,
7905,001EE1,52,34,4
7906,001EE2,107,6B,k
7907,001EE3,65,41,A
7908,001EE4,160,A0,
7909,001EE5,0,00,
7910,001EE6,0,00,
7911,001EE7,6,06,
7912,001EE8,236,EC,
7913,001EE9,28,1C,
7914,001EEA,85,55,U
7915,001EEB,170,AA,
7916,001EEC,245,F5,
7917,001EED,3,03,
7918,001EEE,8,08,
7919,001EEF,52,34,4
7920,001EF0,107,6B,k
7921,001EF1,66,42,B
7922,001EF2,224,E0,
7923,001EF3,0,00,
7924,001EF4,0,00,
7925,001EF5,6,06,
7926,001EF6,238,EE,
7927,001EF7,52,34,4
7928,001EF8,107,6B,k
7929,001EF9,68,44,D
7930,001EFA,32,20, 
7931,001EFB,0,00,
7932,001EFC,0,00,
7933,001EFD,6,06,
7934,001EFE,240,F0,
7935,001EFF,52,34,4
7936,001F00,107,6B,k
7937,001F01,69,45,E
7938,001F02,96,60,`
7939,001F03,0,00,
7940,001F04,0,00,
7941,001F05,6,06,
7942,001F06,242,F2,
7943,001F07,52,34,4
7944,001F08,107,6B,k
7945,001F09,70,46,F
7946,001F0A,160,A0,
7947,001F0B,0,00,
7948,001F0C,0,00,
7949,001F0D,6,06,
7950,001F0E,244,F4,
7951,001F0F,52,34,4
7952,001F10,107,6B,k
7953,001F11,72,48,H
7954,001F12,96,60,`
7955,001F13,0,00,
7956,001F14,0,00,
7957,001F15,6,06,
7958,001F16,246,F6,
7959,001F17,52,34,4
7960,001F18,107,6B,k
7961,001F19,73,49,I
7962,001F1A,160,A0,
7963,001F1B,0,00,
7964,001F1C,0,00,
7965,001F1D,6,06,
7966,001F1E,248,F8,
7967,001F1F,52,34,4
7968,001F20,107,6B,k
7969,001F21,74,4A,J
7970,001F22,224,E0,
7971,001F23,0,00,
7972,001F24,0,00,
7973,001F25,6,06,
7974,001F26,250,FA,
7975,001F27,52,34,4
7976,001F28,107,6B,k
7977,001F29,76,4C,L
7978,001F2A,32,20, 
7979,001F2B,0,00,
7980,001F2C,0,00,
7981,001F2D,6,06,
7982,001F2E,252,FC,
7983,001F2F,52,34,4
7984,001F30,107,6B,k
7985,001F31,77,4D,M
7986,001F32,96,60,`
7987,001F33,0,00,
7988,001F34,0,00,
7989,001F35,6,06,
7990,001F36,254,FE,
7991,001F37,52,34,4
7992,001F38,107,6B,k
7993,001F39,78,4E,N
7994,001F3A,160,A0,
7995,001F3B,0,00,
7996,001F3C,0,00,
7997,001F3D,7,07,
7998,001F3E,0,00,
7999,001F3F,52,34,4
8000,001F40,107,6B,k
8001,001F41,80,50,P
8002,001F42,96,60,`
8003,001F43,0,00,
8004,001F44,0,00,
8005,001F45,7,07,
8006,001F46,2,02,
8007,001F47,52,34,4
8008,001F48,107,6B,k
8009,001F49,81,51,Q
8010,001F4A,160,A0,
8011,001F4B,0,00,
8012,001F4C,0,00,
8013,001F4D,7,07,
8014,001F4E,4,04,
8015,001F4F,52,34,4
8016,001F50,107,6B,k
8017,001F51,82,52,R
8018,001F52,224,E0,
8019,001F53,0,00,
8020,001F54,0,00,
8021,001F55,7,07,
8022,001F56,6,06,
8023,001F57,52,34,4
8024,001F58,107,6B,k
8025,001F59,84,54,T
8026,001F5A,32,20, 
8027,001F5B,0,00,
8028,001F5C,0,00,
8029,001F5D,7,07,
8030,001F5E,8,08,
8031,001F5F,52,34,4
8032,001F60,107,6B,k
8033,001F61,85,55,U
8034,001F62,96,60,`
8035,001F63,0,00,
8036,001F64,0,00,
8037,001F65,7,07,
8038,001F66,10,0A,
8039,001F67,52,34,4
8040,001F68,107,6B,k
8041,001F69,86,56,V
8042,001F6A,160,A0,
8043,001F6B,0,00,
8044,001F6C,0,00,
8045,001F6D,7,07,
8046,001F6E,12,0C,
8047,001F6F,52,34,4
8048,001F70,107,6B,k
8049,001F71,88,58,X
8050,001F72,96,60,`
8051,001F73,0,00,
8052,001F74,0,00,
8053,001F75,7,07,
8054,001F76,14,0E,
8055,001F77,52,34,4
8056,001F78,107,6B,k
8057,001F79,89,59,Y
8058,001F7A,192,C0,
8059,001F7B,0,00,
8060,001F7C,0,00,
8061,001F7D,7,07,
8062,001F7E,16,10,
8063,001F7F,52,34,4
8064,001F80,107,6B,k
8065,001F81,91,5B,[
8066,001F82,0,00,
8067,001F83,0,00,
8068,001F84,0,00,
8069,001F85,7,07,
8070,001F86,18,12,
8071,001F87,52,34,4
8072,001F88,107,6B,k
8073,001F89,92,5C,\
8074,001F8A,64,40,@
8075,001F8B,0,00,
8076,001F8C,0,00,
8077,001F8D,7,07,
8078,001F8E,20,14,
8079,001F8F,52,34,4
8080,001F90,107,6B,k
8081,001F91,93,5D,]
8082,001F92,128,80,
8083,001F93,0,00,
8084,001F94,0,00,
8085,001F95,7,07,
8086,001F96,22,16,
8087,001F97,52,34,4
8088,001F98,107,6B,k
8089,001F99,94,5E,^
8090,001F9A,192,C0,
8091,001F9B,0,00,
8092,001F9C,0,00,
8093,001F9D,7,07,
8094,001F9E,24,18,
8095,001F9F,52,34,4
8096,001FA0,107,6B,k
8097,001FA1,96,60,`
8098,001FA2,128,80,
8099,001FA3,0,00,
8100,001FA4,0,00,
8101,001FA5,7,07,
8102,001FA6,26,1A,
8103,001FA7,52,34,4
8104,001FA8,107,6B,k
8105,001FA9,97,61,a
8106,001FAA,192,C0,
8107,001FAB,0,00,
8108,001FAC,0,00,
8109,001FAD,7,07,
8110,001FAE,28,1C,
8111,001FAF,52,34,4
8112,001FB0,107,6B,k
8113,001FB1,99,63,c
8114,001FB2,0,00,
8115,001FB3,0,00,
8116,001FB4,0,00,
8117,001FB5,7,07,
8118,001FB6,30,1E,
8119,001FB7,52,34,4
8120,001FB8,107,6B,k
8121,001FB9,100,64,d
8122,001FBA,64,40,@
8123,001FBB,0,00,
8124,001FBC,0,00,
8125,001FBD,7,07,
8126,001FBE,32,20, 
8127,001FBF,52,34,4
8128,001FC0,107,6B,k
8129,001FC1,101,65,e
8130,001FC2,128,80,
8131,001FC3,0,00,
8132,001FC4,0,00,
8133,001FC5,7,07,
8134,001FC6,35,23,#
8135,001FC7,52,34,4
8136,001FC8,107,6B,k
8137,001FC9,102,66,f
8138,001FCA,192,C0,
8139,001FCB,0,00,
8140,001FCC,0,00,
8141,001FCD,7,07,
8142,001FCE,37,25,%
8143,001FCF,52,34,4
8144,001FD0,107,6B,k
8145,001FD1,104,68,h
8146,001FD2,128,80,
8147,001FD3,0,00,
8148,001FD4,0,00,
8149,001FD5,7,07,
8150,001FD6,39,27,'
8151,001FD7,52,34,4
8152,001FD8,107,6B,k
8153,001FD9,105,69,i
8154,001FDA,192,C0,
8155,001FDB,0,00,
8156,001FDC,0,00,
8157,001FDD,7,07,
8158,001FDE,41,29,)
8159,001FDF,15,0F,
8160,001FE0,85,55,U
8161,001FE1,170,AA,
8162,001FE2,245,F5,
8163,001FE3,3,03,
8164,001FE4,9,09,
8165,001FE5,52,34,4
8166,001FE6,107,6B,k
8167,001FE7,107,6B,k
8168,001FE8,0,00,
8169,001FE9,0,00,
8170,001FEA,0,00,
8171,001FEB,7,07,
8172,001FEC,43,2B,+
8173,001FED,52,34,4
8174,001FEE,107,6B,k
8175,001FEF,108,6C,l
8176,001FF0,64,40,@
8177,001FF1,0,00,
8178,001FF2,0,00,
8179,001FF3,7,07,
8180,001FF4,45,2D,-
8181,001FF5,52,34,4
8182,001FF6,107,6B,k
8183,001FF7,109,6D,m
8184,001FF8,128,80,
8185,001FF9,0,00,
8186,001FFA,0,00,
8187,001FFB,7,07,
8188,001FFC,48,30,0
8189,001FFD,52,34,4
8190,001FFE,107,6B,k
8191,001FFF,110,6E,n
8192,002000,192,C0,
8193,002001,0,00,
8194,002002,0,00,
8195,002003,7,07,
8196,002004,50,32,2
8197,002005,52,34,4
8198,002006,107,6B,k
8199,002007,112,70,p
8200,002008,128,80,
8201,002009,0,00,
8202,00200A,0,00,
8203,00200B,7,07,
8204,00200C,52,34,4
8205,00200D,52,34,4
8206,00200E,107,6B,k
8207,00200F,113,71,q
8208,002010,192,C0,
8209,002011,0,00,
8210,002012,0,00,
8211,002013,7,07,
8212,002014,54,36,6
8213,002015,52,34,4
8214,002016,107,6B,k
8215,002017,115,73,s
8216,002018,0,00,
8217,002019,0,00,
8218,00201A,0,00,
8219,00201B,7,07,
8220,00201C,56,38,8
8221,00201D,52,34,4
8222,00201E,107,6B,k
8223,00201F,116,74,t
8224,002020,64,40,@
8225,002021,0,00,
8226,002022,0,00,
8227,002023,7,07,
8228,002024,58,3A,:
8229,002025,52,34,4
8230,002026,107,6B,k
8231,002027,117,75,u
8232,002028,128,80,
8233,002029,0,00,
8234,00202A,0,00,
8235,00202B,7,07,
8236,00202C,60,3C,<
8237,00202D,52,34,4
8238,00202E,107,6B,k
8239,00202F,118,76,v
8240,002030,192,C0,
8241,002031,0,00,
8242,002032,0,00,
8243,002033,7,07,
8244,002034,62,3E,>
8245,002035,52,34,4
8246,002036,107,6B,k
8247,002037,120,78,x
8248,002038,128,80,
8249,002039,0,00,
8250,00203A,0,00,
8251,00203B,7,07,
8252,00203C,64,40,@
8253,00203D,52,34,4
8254,00203E,107,6B,k
8255,00203F,121,79,y
8256,002040,192,C0,
8257,002041,0,00,
8258,002042,0,00,
8259,002043,7,07,
8260,002044,66,42,B
8261,002045,52,34,4
8262,002046,107,6B,k
8263,002047,123,7B,{
8264,002048,0,00,
8265,002049,0,00,
8266,00204A,0,00,
8267,00204B,7,07,
8268,00204C,68,44,D
8269,00204D,52,34,4
8270,00204E,107,6B,k
8271,00204F,124,7C,|
8272,002050,64,40,@
8273,002051,0,00,
8274,002052,0,00,
8275,002053,7,07,
8276,002054,70,46,F
8277,002055,52,34,4
8278,002056,107,6B,k
8279,002057,125,7D,}
8280,002058,128,80,
8281,002059,0,00,
8282,00205A,0,00,
8283,00205B,7,07,
8284,00205C,72,48,H
8285,00205D,52,34,4
8286,00205E,107,6B,k
8287,00205F,126,7E,~
8288,002060,192,C0,
8289,002061,0,00,
8290,002062,0,00,
8291,002063,7,07,
8292,002064,74,4A,J
8293,002065,52,34,4
8294,002066,107,6B,k
8295,002067,128,80,
8296,002068,128,80,
8297,002069,0,00,
8298,00206A,0,00,
8299,00206B,7,07,
8300,00206C,76,4C,L
8301,00206D,52,34,4
8302,00206E,107,6B,k
8303,00206F,129,81,
8304,002070,192,C0,
8305,002071,0,00,
8306,002072,0,00,
8307,002073,7,07,
8308,002074,78,4E,N
8309,002075,52,34,4
8310,002076,107,6B,k
8311,002077,131,83,
8312,002078,0,00,
8313,002079,0,00,
8314,00207A,0,00,
8315,00207B,7,07,
8316,00207C,80,50,P
8317,00207D,52,34,4
8318,00207E,107,6B,k
8319,00207F,132,84,
8320,002080,64,40,@
8321,002081,0,00,
8322,002082,0,00,
8323,002083,7,07,
8324,002084,82,52,R
8325,002085,52,34,4
8326,002086,107,6B,k
8327,002087,133,85,
8328,002088,128,80,
8329,002089,0,00,
8330,00208A,0,00,
8331,00208B,7,07,
8332,00208C,84,54,T
8333,00208D,52,34,4
8334,00208E,107,6B,k
8335,00208F,134,86,
8336,002090,192,C0,
8337,002091,0,00,
8338,002092,0,00,
8339,002093,7,07,
8340,002094,86,56,V
8341,002095,52,34,4
8342,002096,107,6B,k
8343,002097,136,88,
8344,002098,128,80,
8345,002099,0,00,
8346,00209A,0,00,
8347,00209B,7,07,
8348,00209C,88,58,X
8349,00209D,52,34,4
8350,00209E,107,6B,k
8351,00209F,137,89,
8352,0020A0,224,E0,
8353,0020A1,0,00,
8354,0020A2,0,00,
8355,0020A3,7,07,
8356,0020A4,91,5B,[
8357,0020A5,52,34,4
8358,0020A6,107,6B,k
8359,0020A7,139,8B,
8360,0020A8,32,20, 
8361,0020A9,0,00,
8362,0020AA,0,00,
8363,0020AB,7,07,
8364,0020AC,93,5D,]
8365,0020AD,52,34,4
8366,0020AE,107,6B,k
8367,0020AF,140,8C,
8368,0020B0,96,60,`
8369,0020B1,0,00,
8370,0020B2,0,00,
8371,0020B3,7,07,
8372,0020B4,95,5F,_
8373,0020B5,52,34,4
8374,0020B6,107,6B,k
8375,0020B7,141,8D,
8376,0020B8,160,A0,
8377,0020B9,0,00,
8378,0020BA,0,00,
8379,0020BB,7,07,
8380,0020BC,97,61,a
8381,0020BD,52,34,4
8382,0020BE,107,6B,k
8383,0020BF,142,8E,
8384,0020C0,224,E0,
8385,0020C1,0,00,
8386,0020C2,0,00,
8387,0020C3,7,07,
8388,0020C4,99,63,c
8389,0020C5,52,34,4
8390,0020C6,107,6B,k
8391,0020C7,144,90,
8392,0020C8,160,A0,
8393,0020C9,0,00,
8394,0020CA,0,00,
8395,0020CB,7,07,
8396,0020CC,101,65,e
8397,0020CD,52,34,4
8398,0020CE,107,6B,k
8399,0020CF,145,91,
8400,0020D0,224,E0,
8401,0020D1,0,00,
8402,0020D2,0,00,
8403,0020D3,7,07,
8404,0020D4,103,67,g
8405,0020D5,17,11,
8406,0020D6,85,55,U
8407,0020D7,170,AA,
8408,0020D8,245,F5,
8409,0020D9,3,03,
8410,0020DA,10,0A,
8411,0020DB,52,34,4
8412,0020DC,107,6B,k
8413,0020DD,147,93,
8414,0020DE,32,20, 
8415,0020DF,0,00,
8416,0020E0,0,00,
8417,0020E1,7,07,
8418,0020E2,105,69,i
8419,0020E3,52,34,4
8420,0020E4,107,6B,k
8421,0020E5,148,94,
8422,0020E6,96,60,`
8423,0020E7,0,00,
8424,0020E8,0,00,
8425,0020E9,7,07,
8426,0020EA,107,6B,k
8427,0020EB,52,34,4
8428,0020EC,107,6B,k
8429,0020ED,149,95,
8430,0020EE,160,A0,
8431,0020EF,0,00,
8432,0020F0,0,00,
8433,0020F1,7,07,
8434,0020F2,109,6D,m
8435,0020F3,52,34,4
8436,0020F4,107,6B,k
8437,0020F5,150,96,
8438,0020F6,224,E0,
8439,0020F7,0,00,
8440,0020F8,0,00,
8441,0020F9,7,07,
8442,0020FA,111,6F,o
8443,0020FB,52,34,4
8444,0020FC,107,6B,k
8445,0020FD,152,98,
8446,0020FE,160,A0,
8447,0020FF,0,00,
8448,002100,0,00,
8449,002101,7,07,
8450,002102,113,71,q
8451,002103,52,34,4
8452,002104,107,6B,k
8453,002105,153,99,
8454,002106,224,E0,
8455,002107,0,00,
8456,002108,0,00,
8457,002109,7,07,
8458,00210A,116,74,t
8459,00210B,52,34,4
8460,00210C,107,6B,k
8461,00210D,155,9B,
8462,00210E,32,20, 
8463,00210F,0,00,
8464,002110,0,00,
8465,002111,7,07,
8466,002112,118,76,v
8467,002113,52,34,4
8468,002114,107,6B,k
8469,002115,156,9C,
8470,002116,96,60,`
8471,002117,0,00,
8472,002118,0,00,
8473,002119,7,07,
8474,00211A,120,78,x
8475,00211B,52,34,4
8476,00211C,107,6B,k
8477,00211D,157,9D,
8478,00211E,160,A0,
8479,00211F,0,00,
8480,002120,0,00,
8481,002121,7,07,
8482,002122,122,7A,z
8483,002123,52,34,4
8484,002124,107,6B,k
8485,002125,158,9E,
8486,002126,224,E0,
8487,002127,0,00,
8488,002128,0,00,
8489,002129,7,07,
8490,00212A,124,7C,|
8491,00212B,52,34,4
8492,00212C,107,6B,k
8493,00212D,160,A0,
8494,00212E,160,A0,
8495,00212F,0,00,
8496,002130,0,00,
8497,002131,7,07,
8498,002132,126,7E,~
8499,002133,52,34,4
8500,002134,107,6B,k
8501,002135,161,A1,
8502,002136,224,E0,
8503,002137,0,00,
8504,002138,0,00,
8505,002139,7,07,
8506,00213A,128,80,
8507,00213B,52,34,4
8508,00213C,107,6B,k
8509,00213D,163,A3,
8510,00213E,32,20, 
8511,00213F,0,00,
8512,002140,0,00,
8513,002141,7,07,
8514,002142,130,82,
8515,002143,52,34,4
8516,002144,107,6B,k
8517,002145,164,A4,
8518,002146,96,60,`
8519,002147,0,00,
8520,002148,0,00,
8521,002149,7,07,
8522,00214A,132,84,
8523,00214B,52,34,4
8524,00214C,107,6B,k
8525,00214D,165,A5,
8526,00214E,160,A0,
8527,00214F,0,00,
8528,002150,0,00,
8529,002151,7,07,
8530,002152,134,86,
8531,002153,52,34,4
8532,002154,107,6B,k
8533,002155,166,A6,
8534,002156,224,E0,
8535,002157,0,00,
8536,002158,0,00,
8537,002159,7,07,
8538,00215A,136,88,
8539,00215B,52,34,4
8540,00215C,107,6B,k
8541,00215D,168,A8,
8542,00215E,160,A0,
8543,00215F,0,00,
8544,002160,0,00,
8545,002161,7,07,
8546,002162,138,8A,
8547,002163,52,34,4
8548,002164,107,6B,k
8549,002165,169,A9,
8550,002166,224,E0,
8551,002167,0,00,
8552,002168,0,00,
8553,002169,7,07,
8554,00216A,140,8C,
8555,00216B,52,34,4
8556,00216C,107,6B,k
8557,00216D,171,AB,
8558,00216E,32,20, 
8559,00216F,0,00,
8560,002170,0,00,
8561,002171,7,07,
8562,002172,142,8E,
8563,002173,52,34,4
8564,002174,107,6B,k
8565,002175,172,AC,
8566,002176,96,60,`
8567,002177,0,00,
8568,002178,0,00,
8569,002179,7,07,
8570,00217A,144,90,
8571,00217B,52,34,4
8572,00217C,107,6B,k
8573,00217D,173,AD,
8574,00217E,160,A0,
8575,00217F,0,00,
8576,002180,0,00,
8577,002181,7,07,
8578,002182,146,92,
8579,002183,52,34,4
8580,002184,107,6B,k
8581,002185,174,AE,
8582,002186,224,E0,
8583,002187,0,00,
8584,002188,0,00,
8585,002189,7,07,
8586,00218A,148,94,
8587,00218B,52,34,4
8588,00218C,107,6B,k
8589,00218D,176,B0,
8590,00218E,160,A0,
8591,00218F,0,00,
8592,002190,0,00,
8593,002191,7,07,
8594,002192,150,96,
8595,002193,52,34,4
8596,002194,107,6B,k
8597,002195,177,B1,
8598,002196,224,E0,
8599,002197,0,00,
8600,002198,0,00,
8601,002199,7,07,
8602,00219A,152,98,
8603,00219B,52,34,4
8604,00219C,107,6B,k
8605,00219D,179,B3,
8606,00219E,64,40,@
8607,00219F,0,00,
8608,0021A0,0,00,
8609,0021A1,7,07,
8610,0021A2,155,9B,
8611,0021A3,52,34,4
8612,0021A4,107,6B,k
8613,0021A5,180,B4,
8614,0021A6,128,80,
8615,0021A7,0,00,
8616,0021A8,0,00,
8617,0021A9,7,07,
8618,0021AA,157,9D,
8619,0021AB,52,34,4
8620,0021AC,107,6B,k
8621,0021AD,181,B5,
8622,0021AE,192,C0,
8623,0021AF,0,00,
8624,0021B0,0,00,
8625,0021B1,7,07,
8626,0021B2,159,9F,
8627,0021B3,52,34,4
8628,0021B4,107,6B,k
8629,0021B5,183,B7,
8630,0021B6,0,00,
8631,0021B7,0,00,
8632,0021B8,0,00,
8633,0021B9,7,07,
8634,0021BA,161,A1,
8635,0021BB,52,34,4
8636,0021BC,107,6B,k
8637,0021BD,184,B8,
8638,0021BE,192,C0,
8639,0021BF,0,00,
8640,0021C0,0,00,
8641,0021C1,7,07,
8642,0021C2,163,A3,
8643,0021C3,52,34,4
8644,0021C4,107,6B,k
8645,0021C5,186,BA,
8646,0021C6,0,00,
8647,0021C7,0,00,
8648,0021C8,0,00,
8649,0021C9,7,07,
8650,0021CA,165,A5,
8651,0021CB,164,A4,
8652,0021CC,85,55,U
8653,0021CD,170,AA,
8654,0021CE,245,F5,
8655,0021CF,3,03,
8656,0021D0,11,0B,
8657,0021D1,52,34,4
8658,0021D2,107,6B,k
8659,0021D3,187,BB,
8660,0021D4,64,40,@
8661,0021D5,0,00,
8662,0021D6,0,00,
8663,0021D7,7,07,
8664,0021D8,167,A7,
8665,0021D9,52,34,4
8666,0021DA,107,6B,k
8667,0021DB,188,BC,
8668,0021DC,128,80,
8669,0021DD,0,00,
8670,0021DE,0,00,
8671,0021DF,7,07,
8672,0021E0,170,AA,
8673,0021E1,52,34,4
8674,0021E2,107,6B,k
8675,0021E3,189,BD,
8676,0021E4,192,C0,
8677,0021E5,0,00,
8678,0021E6,0,00,
8679,0021E7,7,07,
8680,0021E8,171,AB,
8681,0021E9,52,34,4
8682,0021EA,107,6B,k
8683,0021EB,191,BF,
8684,0021EC,0,00,
8685,0021ED,0,00,
8686,0021EE,0,00,
8687,0021EF,7,07,
8688,0021F0,173,AD,
8689,0021F1,52,34,4
8690,0021F2,108,6C,l
8691,0021F3,0,00,
8692,0021F4,192,C0,
8693,0021F5,0,00,
8694,0021F6,0,00,
8695,0021F7,7,07,
8696,0021F8,176,B0,
8697,0021F9,52,34,4
8698,0021FA,108,6C,l
8699,0021FB,2,02,
8700,0021FC,0,00,
8701,0021FD,0,00,
8702,0021FE,0,00,
8703,0021FF,7,07,
8704,002200,178,B2,
8705,002201,52,34,4
8706,002202,108,6C,l
8707,002203,3,03,
8708,002204,64,40,@
8709,002205,0,00,
8710,002206,0,00,
8711,002207,7,07,
8712,002208,180,B4,
8713,002209,52,34,4
8714,00220A,108,6C,l
8715,00220B,4,04,
8716,00220C,128,80,
8717,00220D,0,00,
8718,00220E,0,00,
8719,00220F,7,07,
8720,002210,182,B6,
8721,002211,52,34,4
8722,002212,108,6C,l
8723,002213,5,05,
8724,002214,192,C0,
8725,002215,0,00,
8726,002216,0,00,
8727,002217,7,07,
8728,002218,184,B8,
8729,002219,52,34,4
8730,00221A,108,6C,l
8731,00221B,7,07,
8732,00221C,0,00,
8733,00221D,0,00,
8734,00221E,0,00,
8735,00221F,7,07,
8736,002220,186,BA,
8737,002221,52,34,4
8738,002222,108,6C,l
8739,002223,8,08,
8740,002224,192,C0,
8741,002225,0,00,
8742,002226,0,00,
8743,002227,7,07,
8744,002228,188,BC,
8745,002229,52,34,4
8746,00222A,108,6C,l
8747,00222B,10,0A,
8748,00222C,0,00,
8749,00222D,0,00,
8750,00222E,0,00,
8751,00222F,7,07,
8752,002230,190,BE,
8753,002231,52,34,4
8754,002232,108,6C,l
8755,002233,11,0B,
8756,002234,64,40,@
8757,002235,0,00,
8758,002236,0,00,
8759,002237,7,07,
8760,002238,192,C0,
8761,002239,52,34,4
8762,00223A,108,6C,l
8763,00223B,12,0C,
8764,00223C,128,80,
8765,00223D,0,00,
8766,00223E,0,00,
8767,00223F,7,07,
8768,002240,193,C1,
8769,002241,52,34,4
8770,002242,108,6C,l
8771,002243,13,0D,
8772,002244,192,C0,
8773,002245,0,00,
8774,002246,0,00,
8775,002247,7,07,
8776,002248,195,C3,
8777,002249,52,34,4
8778,00224A,108,6C,l
8779,00224B,15,0F,
8780,00224C,0,00,
8781,00224D,0,00,
8782,00224E,0,00,
8783,00224F,7,07,
8784,002250,198,C6,
8785,002251,52,34,4
8786,002252,108,6C,l
8787,002253,16,10,
8788,002254,192,C0,
8789,002255,0,00,
8790,002256,0,00,
8791,002257,7,07,
8792,002258,199,C7,
8793,002259,52,34,4
8794,00225A,108,6C,l
8795,00225B,18,12,
8796,00225C,0,00,
8797,00225D,0,00,
8798,00225E,0,00,
8799,00225F,7,07,
8800,002260,202,CA,
8801,002261,52,34,4
8802,002262,108,6C,l
8803,002263,19,13,
8804,002264,64,40,@
8805,002265,0,00,
8806,002266,0,00,
8807,002267,7,07,
8808,002268,204,CC,
8809,002269,52,34,4
8810,00226A,108,6C,l
8811,00226B,20,14,
8812,00226C,128,80,
8813,00226D,0,00,
8814,00226E,0,00,
8815,00226F,7,07,
8816,002270,206,CE,
8817,002271,52,34,4
8818,002272,108,6C,l
8819,002273,21,15,
8820,002274,192,C0,
8821,002275,0,00,
8822,002276,0,00,
8823,002277,7,07,
8824,002278,208,D0,
8825,002279,52,34,4
8826,00227A,108,6C,l
8827,00227B,23,17,
8828,00227C,0,00,
8829,00227D,0,00,
8830,00227E,0,00,
8831,00227F,7,07,
8832,002280,210,D2,
8833,002281,52,34,4
8834,002282,108,6C,l
8835,002283,24,18,
8836,002284,192,C0,
8837,002285,0,00,
8838,002286,0,00,
8839,002287,7,07,
8840,002288,212,D4,
8841,002289,52,34,4
8842,00228A,108,6C,l
8843,00228B,26,1A,
8844,00228C,0,00,
8845,00228D,0,00,
8846,00228E,0,00,
8847,00228F,7,07,
8848,002290,214,D6,
8849,002291,52,34,4
8850,002292,108,6C,l
8851,002293,27,1B,
8852,002294,64,40,@
8853,002295,0,00,
8854,002296,0,00,
8855,002297,7,07,
8856,002298,217,D9,
8857,002299,52,34,4
8858,00229A,108,6C,l
8859,00229B,28,1C,
8860,00229C,128,80,
8861,00229D,0,00,
8862,00229E,0,00,
8863,00229F,7,07,
8864,0022A0,219,DB,
8865,0022A1,52,34,4
8866,0022A2,108,6C,l
8867,0022A3,29,1D,
8868,0022A4,192,C0,
8869,0022A5,0,00,
8870,0022A6,0,00,
8871,0022A7,7,07,
8872,0022A8,221,DD,
8873,0022A9,52,34,4
8874,0022AA,108,6C,l
8875,0022AB,31,1F,
8876,0022AC,0,00,
8877,0022AD,0,00,
8878,0022AE,0,00,
8879,0022AF,7,07,
8880,0022B0,223,DF,
8881,0022B1,52,34,4
8882,0022B2,108,6C,l
8883,0022B3,32,20, 
8884,0022B4,192,C0,
8885,0022B5,0,00,
8886,0022B6,0,00,
8887,0022B7,7,07,
8888,0022B8,225,E1,
8889,0022B9,52,34,4
8890,0022BA,108,6C,l
8891,0022BB,34,22,"
8892,0022BC,32,20, 
8893,0022BD,0,00,
8894,0022BE,0,00,
8895,0022BF,7,07,
8896,0022C0,227,E3,
8897,0022C1,90,5A,Z
8898,0022C2,85,55,U
8899,0022C3,170,AA,
8900,0022C4,245,F5,
8901,0022C5,3,03,
8902,0022C6,12,0C,
8903,0022C7,52,34,4
8904,0022C8,108,6C,l
8905,0022C9,35,23,#
8906,0022CA,96,60,`
8907,0022CB,0,00,
8908,0022CC,0,00,
8909,0022CD,7,07,
8910,0022CE,229,E5,
8911,0022CF,52,34,4
8912,0022D0,108,6C,l
8913,0022D1,36,24,$
8914,0022D2,160,A0,
8915,0022D3,0,00,
8916,0022D4,0,00,
8917,0022D5,7,07,
8918,0022D6,231,E7,
8919,0022D7,52,34,4
8920,0022D8,108,6C,l
8921,0022D9,37,25,%
8922,0022DA,224,E0,
8923,0022DB,0,00,
8924,0022DC,0,00,
8925,0022DD,7,07,
8926,0022DE,233,E9,
8927,0022DF,52,34,4
8928,0022E0,108,6C,l
8929,0022E1,39,27,'
8930,0022E2,32,20, 
8931,0022E3,0,00,
8932,0022E4,0,00,
8933,0022E5,7,07,
8934,0022E6,235,EB,
8935,0022E7,52,34,4
8936,0022E8,108,6C,l
8937,0022E9,40,28,(
8938,0022EA,224,E0,
8939,0022EB,0,00,
8940,0022EC,0,00,
8941,0022ED,7,07,
8942,0022EE,237,ED,
8943,0022EF,52,34,4
8944,0022F0,108,6C,l
8945,0022F1,42,2A,*
8946,0022F2,32,20, 
8947,0022F3,0,00,
8948,0022F4,0,00,
8949,0022F5,7,07,
8950,0022F6,239,EF,
8951,0022F7,52,34,4
8952,0022F8,108,6C,l
8953,0022F9,43,2B,+
8954,0022FA,96,60,`
8955,0022FB,0,00,
8956,0022FC,0,00,
8957,0022FD,7,07,
8958,0022FE,241,F1,
8959,0022FF,52,34,4
8960,002300,108,6C,l
8961,002301,44,2C,,
8962,002302,160,A0,
8963,002303,0,00,
8964,002304,0,00,
8965,002305,7,07,
8966,002306,243,F3,
8967,002307,52,34,4
8968,002308,108,6C,l
8969,002309,45,2D,-
8970,00230A,224,E0,
8971,00230B,0,00,
8972,00230C,0,00,
8973,00230D,7,07,
8974,00230E,245,F5,
8975,00230F,52,34,4
8976,002310,108,6C,l
8977,002311,47,2F,/
8978,002312,32,20, 
8979,002313,0,00,
8980,002314,0,00,
8981,002315,7,07,
8982,002316,247,F7,
8983,002317,52,34,4
8984,002318,108,6C,l
8985,002319,48,30,0
8986,00231A,224,E0,
8987,00231B,0,00,
8988,00231C,0,00,
8989,00231D,7,07,
8990,00231E,249,F9,
8991,00231F,52,34,4
8992,002320,108,6C,l
8993,002321,50,32,2
8994,002322,32,20, 
8995,002323,0,00,
8996,002324,0,00,
8997,002325,7,07,
8998,002326,251,FB,
8999,002327,52,34,4
9000,002328,108,6C,l
9001,002329,51,33,3
9002,00232A,96,60,`
9003,00232B,0,00,
9004,00232C,0,00,
9005,00232D,7,07,
9006,00232E,253,FD,
9007,00232F,52,34,4
9008,002330,108,6C,l
9009,002331,52,34,4
9010,002332,160,A0,
9011,002333,0,00,
9012,002334,0,00,
9013,002335,7,07,
9014,002336,255,FF,
9015,002337,52,34,4
9016,002338,108,6C,l
9017,002339,53,35,5
9018,00233A,224,E0,
9019,00233B,0,00,
9020,00233C,0,00,
9021,00233D,8,08,
9022,00233E,1,01,
9023,00233F,52,34,4
9024,002340,108,6C,l
9025,002341,55,37,7
9026,002342,32,20, 
9027,002343,0,00,
9028,002344,0,00,
9029,002345,8,08,
9030,002346,4,04,
9031,002347,52,34,4
9032,002348,108,6C,l
9033,002349,56,38,8
9034,00234A,224,E0,
9035,00234B,0,00,
9036,00234C,0,00,
9037,00234D,8,08,
9038,00234E,6,06,
9039,00234F,52,34,4
9040,002350,108,6C,l
9041,002351,58,3A,:
9042,002352,32,20, 
9043,002353,0,00,
9044,002354,0,00,
9045,002355,8,08,
9046,002356,8,08,
9047,002357,52,34,4
9048,002358,108,6C,l
9049,002359,59,3B,;
9050,00235A,96,60,`
9051,00235B,0,00,
9052,00235C,0,00,
9053,00235D,8,08,
9054,00235E,10,0A,
9055,00235F,52,34,4
9056,002360,108,6C,l
9057,002361,60,3C,<
9058,002362,160,A0,
9059,002363,0,00,
9060,002364,0,00,
9061,002365,8,08,
9062,002366,12,0C,
9063,002367,52,34,4
9064,002368,108,6C,l
9065,002369,61,3D,=
9066,00236A,224,E0,
9067,00236B,0,00,
9068,00236C,0,00,
9069,00236D,8,08,
9070,00236E,14,0E,
9071,00236F,52,34,4
9072,002370,108,6C,l
9073,002371,63,3F,?
9074,002372,32,20, 
9075,002373,0,00,
9076,002374,0,00,
9077,002375,8,08,
9078,002376,16,10,
9079,002377,52,34,4
9080,002378,108,6C,l
9081,002379,64,40,@
9082,00237A,224,E0,
9083,00237B,0,00,
9084,00237C,0,00,
9085,00237D,8,08,
9086,00237E,18,12,
9087,00237F,52,34,4
9088,002380,108,6C,l
9089,002381,66,42,B
9090,002382,32,20, 
9091,002383,0,00,
9092,002384,0,00,
9093,002385,8,08,
9094,002386,20,14,
9095,002387,52,34,4
9096,002388,108,6C,l
9097,002389,67,43,C
9098,00238A,96,60,`
9099,00238B,0,00,
9100,00238C,0,00,
9101,00238D,8,08,
9102,00238E,22,16,
9103,00238F,52,34,4
9104,002390,108,6C,l
9105,002391,68,44,D
9106,002392,160,A0,
9107,002393,0,00,
9108,002394,0,00,
9109,002395,8,08,
9110,002396,25,19,
9111,002397,52,34,4
9112,002398,108,6C,l
9113,002399,69,45,E
9114,00239A,224,E0,
9115,00239B,0,00,
9116,00239C,0,00,
9117,00239D,8,08,
9118,00239E,27,1B,
9119,00239F,52,34,4
9120,0023A0,108,6C,l
9121,0023A1,71,47,G
9122,0023A2,32,20, 
9123,0023A3,0,00,
9124,0023A4,0,00,
9125,0023A5,8,08,
9126,0023A6,29,1D,
9127,0023A7,52,34,4
9128,0023A8,108,6C,l
9129,0023A9,72,48,H
9130,0023AA,224,E0,
9131,0023AB,0,00,
9132,0023AC,0,00,
9133,0023AD,8,08,
9134,0023AE,31,1F,
9135,0023AF,52,34,4
9136,0023B0,108,6C,l
9137,0023B1,74,4A,J
9138,0023B2,32,20, 
9139,0023B3,0,00,
9140,0023B4,0,00,
9141,0023B5,8,08,
9142,0023B6,33,21,!
9143,0023B7,249,F9,
9144,0023B8,85,55,U
9145,0023B9,170,AA,
9146,0023BA,245,F5,
9147,0023BB,3,03,
9148,0023BC,13,0D,
9149,0023BD,52,34,4
9150,0023BE,108,6C,l
9151,0023BF,75,4B,K
9152,0023C0,96,60,`
9153,0023C1,0,00,
9154,0023C2,0,00,
9155,0023C3,8,08,
9156,0023C4,35,23,#
9157,0023C5,52,34,4
9158,0023C6,108,6C,l
9159,0023C7,76,4C,L
9160,0023C8,160,A0,
9161,0023C9,0,00,
9162,0023CA,0,00,
9163,0023CB,8,08,
9164,0023CC,37,25,%
9165,0023CD,52,34,4
9166,0023CE,108,6C,l
9167,0023CF,77,4D,M
9168,0023D0,224,E0,
9169,0023D1,0,00,
9170,0023D2,0,00,
9171,0023D3,8,08,
9172,0023D4,39,27,'
9173,0023D5,52,34,4
9174,0023D6,108,6C,l
9175,0023D7,79,4F,O
9176,0023D8,64,40,@
9177,0023D9,0,00,
9178,0023DA,0,00,
9179,0023DB,8,08,
9180,0023DC,41,29,)
9181,0023DD,52,34,4
9182,0023DE,108,6C,l
9183,0023DF,81,51,Q
9184,0023E0,0,00,
9185,0023E1,0,00,
9186,0023E2,0,00,
9187,0023E3,8,08,
9188,0023E4,44,2C,,
9189,0023E5,52,34,4
9190,0023E6,108,6C,l
9191,0023E7,82,52,R
9192,0023E8,64,40,@
9193,0023E9,0,00,
9194,0023EA,0,00,
9195,0023EB,8,08,
9196,0023EC,46,2E,.
9197,0023ED,52,34,4
9198,0023EE,108,6C,l
9199,0023EF,83,53,S
9200,0023F0,128,80,
9201,0023F1,0,00,
9202,0023F2,0,00,
9203,0023F3,8,08,
9204,0023F4,48,30,0
9205,0023F5,52,34,4
9206,0023F6,108,6C,l
9207,0023F7,84,54,T
9208,0023F8,192,C0,
9209,0023F9,0,00,
9210,0023FA,0,00,
9211,0023FB,8,08,
9212,0023FC,50,32,2
9213,0023FD,52,34,4
9214,0023FE,108,6C,l
9215,0023FF,86,56,V
9216,002400,0,00,
9217,002401,0,00,
9218,002402,0,00,
9219,002403,8,08,
9220,002404,52,34,4
9221,002405,52,34,4
9222,002406,108,6C,l
9223,002407,87,57,W
9224,002408,64,40,@
9225,002409,0,00,
9226,00240A,0,00,
9227,00240B,8,08,
9228,00240C,54,36,6
9229,00240D,52,34,4
9230,00240E,108,6C,l
9231,00240F,89,59,Y
9232,002410,0,00,
9233,002411,0,00,
9234,002412,0,00,
9235,002413,8,08,
9236,002414,56,38,8
9237,002415,52,34,4
9238,002416,108,6C,l
9239,002417,90,5A,Z
9240,002418,64,40,@
9241,002419,0,00,
9242,00241A,0,00,
9243,00241B,8,08,
9244,00241C,59,3B,;
9245,00241D,52,34,4
9246,00241E,108,6C,l
9247,00241F,91,5B,[
9248,002420,128,80,
9249,002421,0,00,
9250,002422,0,00,
9251,002423,8,08,
9252,002424,61,3D,=
9253,002425,52,34,4
9254,002426,108,6C,l
9255,002427,92,5C,\
9256,002428,192,C0,
9257,002429,0,00,
9258,00242A,0,00,
9259,00242B,8,08,
9260,00242C,63,3F,?
9261,00242D,52,34,4
9262,00242E,108,6C,l
9263,00242F,94,5E,^
9264,002430,0,00,
9265,002431,0,00,
9266,002432,0,00,
9267,002433,8,08,
9268,002434,65,41,A
9269,002435,52,34,4
9270,002436,108,6C,l
9271,002437,95,5F,_
9272,002438,64,40,@
9273,002439,0,00,
9274,00243A,0,00,
9275,00243B,8,08,
9276,00243C,67,43,C
9277,00243D,52,34,4
9278,00243E,108,6C,l
9279,00243F,97,61,a
9280,002440,0,00,
9281,002441,0,00,
9282,002442,0,00,
9283,002443,8,08,
9284,002444,69,45,E
9285,002445,52,34,4
9286,002446,108,6C,l
9287,002447,98,62,b
9288,002448,64,40,@
9289,002449,0,00,
9290,00244A,0,00,
9291,00244B,8,08,
9292,00244C,71,47,G
9293,00244D,52,34,4
9294,00244E,108,6C,l
9295,00244F,99,63,c
9296,002450,128,80,
9297,002451,0,00,
9298,002452,0,00,
9299,002453,8,08,
9300,002454,74,4A,J
9301,002455,52,34,4
9302,002456,108,6C,l
9303,002457,100,64,d
9304,002458,192,C0,
9305,002459,0,00,
9306,00245A,0,00,
9307,00245B,8,08,
9308,00245C,76,4C,L
9309,00245D,52,34,4
9310,00245E,108,6C,l
9311,00245F,102,66,f
9312,002460,0,00,
9313,002461,0,00,
9314,002462,0,00,
9315,002463,8,08,
9316,002464,78,4E,N
9317,002465,52,34,4
9318,002466,108,6C,l
9319,002467,103,67,g
9320,002468,64,40,@
9321,002469,0,00,
9322,00246A,0,00,
9323,00246B,8,08,
9324,00246C,80,50,P
9325,00246D,52,34,4
9326,00246E,108,6C,l
9327,00246F,105,69,i
9328,002470,0,00,
9329,002471,0,00,
9330,002472,0,00,
9331,002473,8,08,
9332,002474,82,52,R
9333,002475,52,34,4
9334,002476,108,6C,l
9335,002477,106,6A,j
9336,002478,64,40,@
9337,002479,0,00,
9338,00247A,0,00,
9339,00247B,8,08,
9340,00247C,84,54,T
9341,00247D,52,34,4
9342,00247E,108,6C,l
9343,00247F,107,6B,k
9344,002480,128,80,
9345,002481,0,00,
9346,002482,0,00,
9347,002483,8,08,
9348,002484,86,56,V
9349,002485,52,34,4
9350,002486,108,6C,l
9351,002487,108,6C,l
9352,002488,192,C0,
9353,002489,0,00,
9354,00248A,0,00,
9355,00248B,8,08,
9356,00248C,88,58,X
9357,00248D,52,34,4
9358,00248E,108,6C,l
9359,00248F,110,6E,n
9360,002490,0,00,
9361,002491,0,00,
9362,002492,0,00,
9363,002493,8,08,
9364,002494,90,5A,Z
9365,002495,52,34,4
9366,002496,108,6C,l
9367,002497,111,6F,o
9368,002498,64,40,@
9369,002499,0,00,
9370,00249A,0,00,
9371,00249B,8,08,
9372,00249C,92,5C,\
9373,00249D,52,34,4
9374,00249E,108,6C,l
9375,00249F,113,71,q
9376,0024A0,0,00,
9377,0024A1,0,00,
9378,0024A2,0,00,
9379,0024A3,8,08,
9380,0024A4,94,5E,^
9381,0024A5,52,34,4
9382,0024A6,108,6C,l
9383,0024A7,114,72,r
9384,0024A8,64,40,@
9385,0024A9,0,00,
9386,0024AA,0,00,
9387,0024AB,8,08,
9388,0024AC,96,60,`
9389,0024AD,138,8A,
9390,0024AE,85,55,U
9391,0024AF,170,AA,
9392,0024B0,245,F5,
9393,0024B1,3,03,
9394,0024B2,14,0E,
9395,0024B3,52,34,4
9396,0024B4,108,6C,l
9397,0024B5,115,73,s
9398,0024B6,128,80,
9399,0024B7,0,00,
9400,0024B8,0,00,
9401,0024B9,8,08,
9402,0024BA,98,62,b
9403,0024BB,52,34,4
9404,0024BC,108,6C,l
9405,0024BD,116,74,t
9406,0024BE,192,C0,
9407,0024BF,0,00,
9408,0024C0,0,00,
9409,0024C1,8,08,
9410,0024C2,100,64,d
9411,0024C3,52,34,4
9412,0024C4,108,6C,l
9413,0024C5,118,76,v
9414,0024C6,0,00,
9415,0024C7,0,00,
9416,0024C8,0,00,
9417,0024C9,8,08,
9418,0024CA,102,66,f
9419,0024CB,52,34,4
9420,0024CC,108,6C,l
9421,0024CD,119,77,w
9422,0024CE,64,40,@
9423,0024CF,0,00,
9424,0024D0,0,00,
9425,0024D1,8,08,
9426,0024D2,104,68,h
9427,0024D3,52,34,4
9428,0024D4,108,6C,l
9429,0024D5,121,79,y
9430,0024D6,0,00,
9431,0024D7,0,00,
9432,0024D8,0,00,
9433,0024D9,8,08,
9434,0024DA,106,6A,j
9435,0024DB,52,34,4
9436,0024DC,108,6C,l
9437,0024DD,122,7A,z
9438,0024DE,64,40,@
9439,0024DF,0,00,
9440,0024E0,0,00,
9441,0024E1,8,08,
9442,0024E2,108,6C,l
9443,0024E3,52,34,4
9444,0024E4,108,6C,l
9445,0024E5,123,7B,{
9446,0024E6,128,80,
9447,0024E7,0,00,
9448,0024E8,0,00,
9449,0024E9,8,08,
9450,0024EA,110,6E,n
9451,0024EB,52,34,4
9452,0024EC,108,6C,l
9453,0024ED,124,7C,|
9454,0024EE,192,C0,
9455,0024EF,0,00,
9456,0024F0,0,00,
9457,0024F1,8,08,
9458,0024F2,112,70,p
9459,0024F3,52,34,4
9460,0024F4,108,6C,l
9461,0024F5,126,7E,~
9462,0024F6,0,00,
9463,0024F7,0,00,
9464,0024F8,0,00,
9465,0024F9,8,08,
9466,0024FA,114,72,r
9467,0024FB,52,34,4
9468,0024FC,108,6C,l
9469,0024FD,127,7F,
9470,0024FE,64,40,@
9471,0024FF,0,00,
9472,002500,0,00,
9473,002501,8,08,
9474,002502,116,74,t
9475,002503,52,34,4
9476,002504,108,6C,l
9477,002505,129,81,
9478,002506,32,20, 
9479,002507,0,00,
9480,002508,0,00,
9481,002509,8,08,
9482,00250A,118,76,v
9483,00250B,52,34,4
9484,00250C,108,6C,l
9485,00250D,130,82,
9486,00250E,96,60,`
9487,00250F,0,00,
9488,002510,0,00,
9489,002511,8,08,
9490,002512,120,78,x
9491,002513,52,34,4
9492,002514,108,6C,l
9493,002515,131,83,
9494,002516,160,A0,
9495,002517,0,00,
9496,002518,0,00,
9497,002519,8,08,
9498,00251A,122,7A,z
9499,00251B,52,34,4
9500,00251C,108,6C,l
9501,00251D,132,84,
9502,00251E,224,E0,
9503,00251F,0,00,
9504,002520,0,00,
9505,002521,8,08,
9506,002522,124,7C,|
9507,002523,52,34,4
9508,002524,108,6C,l
9509,002525,134,86,
9510,002526,32,20, 
9511,002527,0,00,
9512,002528,0,00,
9513,002529,8,08,
9514,00252A,127,7F,
9515,00252B,52,34,4
9516,00252C,108,6C,l
9517,00252D,135,87,
9518,00252E,96,60,`
9519,00252F,0,00,
9520,002530,0,00,
9521,002531,8,08,
9522,002532,129,81,
9523,002533,52,34,4
9524,002534,108,6C,l
9525,002535,137,89,
9526,002536,32,20, 
9527,002537,0,00,
9528,002538,0,00,
9529,002539,8,08,
9530,00253A,131,83,
9531,00253B,52,34,4
9532,00253C,108,6C,l
9533,00253D,138,8A,
9534,00253E,96,60,`
9535,00253F,0,00,
9536,002540,0,00,
9537,002541,8,08,
9538,002542,133,85,
9539,002543,52,34,4
9540,002544,108,6C,l
9541,002545,139,8B,
9542,002546,160,A0,
9543,002547,0,00,
9544,002548,0,00,
9545,002549,8,08,
9546,00254A,136,88,
9547,00254B,52,34,4
9548,00254C,108,6C,l
9549,00254D,140,8C,
9550,00254E,224,E0,
9551,00254F,0,00,
9552,002550,0,00,
9553,002551,8,08,
9554,002552,137,89,
9555,002553,52,34,4
9556,002554,108,6C,l
9557,002555,142,8E,
9558,002556,32,20, 
9559,002557,0,00,
9560,002558,0,00,
9561,002559,8,08,
9562,00255A,139,8B,
9563,00255B,52,34,4
9564,00255C,108,6C,l
9565,00255D,143,8F,
9566,00255E,96,60,`
9567,00255F,0,00,
9568,002560,0,00,
9569,002561,8,08,
9570,002562,141,8D,
9571,002563,52,34,4
9572,002564,108,6C,l
9573,002565,145,91,
9574,002566,32,20, 
9575,002567,0,00,
9576,002568,0,00,
9577,002569,8,08,
9578,00256A,143,8F,
9579,00256B,52,34,4
9580,00256C,108,6C,l
9581,00256D,146,92,
9582,00256E,96,60,`
9583,00256F,0,00,
9584,002570,0,00,
9585,002571,8,08,
9586,002572,145,91,
9587,002573,52,34,4
9588,002574,108,6C,l
9589,002575,147,93,
9590,002576,160,A0,
9591,002577,0,00,
9592,002578,0,00,
9593,002579,8,08,
9594,00257A,147,93,
9595,00257B,52,34,4
9596,00257C,108,6C,l
9597,00257D,148,94,
9598,00257E,224,E0,
9599,00257F,0,00,
9600,002580,0,00,
9601,002581,8,08,
9602,002582,149,95,
9603,002583,52,34,4
9604,002584,108,6C,l
9605,002585,150,96,
9606,002586,32,20, 
9607,002587,0,00,
9608,002588,0,00,
9609,002589,8,08,
9610,00258A,151,97,
9611,00258B,52,34,4
9612,00258C,108,6C,l
9613,00258D,151,97,
9614,00258E,96,60,`
9615,00258F,0,00,
9616,002590,0,00,
9617,002591,8,08,
9618,002592,153,99,
9619,002593,52,34,4
9620,002594,108,6C,l
9621,002595,153,99,
9622,002596,32,20, 
9623,002597,0,00,
9624,002598,0,00,
9625,002599,8,08,
9626,00259A,155,9B,
9627,00259B,52,34,4
9628,00259C,108,6C,l
9629,00259D,154,9A,
9630,00259E,96,60,`
9631,00259F,0,00,
9632,0025A0,0,00,
9633,0025A1,8,08,
9634,0025A2,156,9C,
9635,0025A3,85,55,U
9636,0025A4,85,55,U
9637,0025A5,170,AA,
9638,0025A6,245,F5,
9639,0025A7,3,03,
9640,0025A8,15,0F,
9641,0025A9,52,34,4
9642,0025AA,108,6C,l
9643,0025AB,155,9B,
9644,0025AC,160,A0,
9645,0025AD,0,00,
9646,0025AE,0,00,
9647,0025AF,8,08,
9648,0025B0,158,9E,
9649,0025B1,52,34,4
9650,0025B2,108,6C,l
9651,0025B3,156,9C,
9652,0025B4,224,E0,
9653,0025B5,0,00,
9654,0025B6,0,00,
9655,0025B7,8,08,
9656,0025B8,160,A0,
9657,0025B9,52,34,4
9658,0025BA,108,6C,l
9659,0025BB,158,9E,
9660,0025BC,32,20, 
9661,0025BD,0,00,
9662,0025BE,0,00,
9663,0025BF,8,08,
9664,0025C0,162,A2,
9665,0025C1,52,34,4
9666,0025C2,108,6C,l
9667,0025C3,159,9F,
9668,0025C4,96,60,`
9669,0025C5,0,00,
9670,0025C6,0,00,
9671,0025C7,8,08,
9672,0025C8,164,A4,
9673,0025C9,52,34,4
9674,0025CA,108,6C,l
9675,0025CB,161,A1,
9676,0025CC,32,20, 
9677,0025CD,0,00,
9678,0025CE,0,00,
9679,0025CF,8,08,
9680,0025D0,166,A6,
9681,0025D1,52,34,4
9682,0025D2,108,6C,l
9683,0025D3,162,A2,
9684,0025D4,96,60,`
9685,0025D5,0,00,
9686,0025D6,0,00,
9687,0025D7,8,08,
9688,0025D8,168,A8,
9689,0025D9,52,34,4
9690,0025DA,108,6C,l
9691,0025DB,163,A3,
9692,0025DC,160,A0,
9693,0025DD,0,00,
9694,0025DE,0,00,
9695,0025DF,8,08,
9696,0025E0,170,AA,
9697,0025E1,52,34,4
9698,0025E2,108,6C,l
9699,0025E3,164,A4,
9700,0025E4,224,E0,
9701,0025E5,0,00,
9702,0025E6,0,00,
9703,0025E7,8,08,
9704,0025E8,171,AB,
9705,0025E9,52,34,4
9706,0025EA,108,6C,l
9707,0025EB,166,A6,
9708,0025EC,32,20, 
9709,0025ED,0,00,
9710,0025EE,0,00,
9711,0025EF,8,08,
9712,0025F0,173,AD,
9713,0025F1,52,34,4
9714,0025F2,108,6C,l
9715,0025F3,167,A7,
9716,0025F4,96,60,`
9717,0025F5,0,00,
9718,0025F6,0,00,
9719,0025F7,8,08,
9720,0025F8,175,AF,
9721,0025F9,52,34,4
9722,0025FA,108,6C,l
9723,0025FB,169,A9,
9724,0025FC,32,20, 
9725,0025FD,0,00,
9726,0025FE,0,00,
9727,0025FF,8,08,
9728,002600,177,B1,
9729,002601,52,34,4
9730,002602,108,6C,l
9731,002603,170,AA,
9732,002604,96,60,`
9733,002605,0,00,
9734,002606,0,00,
9735,002607,8,08,
9736,002608,179,B3,
9737,002609,52,34,4
9738,00260A,108,6C,l
9739,00260B,171,AB,
9740,00260C,160,A0,
9741,00260D,0,00,
9742,00260E,0,00,
9743,00260F,8,08,
9744,002610,181,B5,
9745,002611,52,34,4
9746,002612,108,6C,l
9747,002613,172,AC,
9748,002614,224,E0,
9749,002615,0,00,
9750,002616,0,00,
9751,002617,8,08,
9752,002618,183,B7,
9753,002619,52,34,4
9754,00261A,108,6C,l
9755,00261B,174,AE,
9756,00261C,32,20, 
9757,00261D,0,00,
9758,00261E,0,00,
9759,00261F,8,08,
9760,002620,185,B9,
9761,002621,52,34,4
9762,002622,108,6C,l
9763,002623,175,AF,
9764,002624,96,60,`
9765,002625,0,00,
9766,002626,0,00,
9767,002627,8,08,
9768,002628,187,BB,
9769,002629,52,34,4
9770,00262A,108,6C,l
9771,00262B,177,B1,
9772,00262C,32,20, 
9773,00262D,0,00,
9774,00262E,0,00,
9775,00262F,8,08,
9776,002630,189,BD,
9777,002631,52,34,4
9778,002632,108,6C,l
9779,002633,178,B2,
9780,002634,96,60,`
9781,002635,0,00,
9782,002636,0,00,
9783,002637,8,08,
9784,002638,191,BF,
9785,002639,52,34,4
9786,00263A,108,6C,l
9787,00263B,179,B3,
9788,00263C,192,C0,
9789,00263D,0,00,
9790,00263E,0,00,
9791,00263F,8,08,
9792,002640,193,C1,
9793,002641,52,34,4
9794,002642,108,6C,l
9795,002643,181,B5,
9796,002644,0,00,
9797,002645,0,00,
9798,002646,0,00,
9799,002647,8,08,
9800,002648,195,C3,
9801,002649,52,34,4
9802,00264A,108,6C,l
9803,00264B,182,B6,
9804,00264C,64,40,@
9805,00264D,0,00,
9806,00264E,0,00,
9807,00264F,8,08,
9808,002650,197,C5,
9809,002651,52,34,4
9810,002652,108,6C,l
9811,002653,184,B8,
9812,002654,0,00,
9813,002655,0,00,
9814,002656,0,00,
9815,002657,8,08,
9816,002658,199,C7,
9817,002659,52,34,4
9818,00265A,108,6C,l
9819,00265B,185,B9,
9820,00265C,64,40,@
9821,00265D,0,00,
9822,00265E,0,00,
9823,00265F,8,08,
9824,002660,201,C9,
9825,002661,52,34,4
9826,002662,108,6C,l
9827,002663,186,BA,
9828,002664,128,80,
9829,002665,0,00,
9830,002666,0,00,
9831,002667,8,08,
9832,002668,202,CA,
9833,002669,52,34,4
9834,00266A,108,6C,l
9835,00266B,187,BB,
9836,00266C,192,C0,
9837,00266D,0,00,
9838,00266E,0,00,
9839,00266F,8,08,
9840,002670,205,CD,
9841,002671,52,34,4
9842,002672,108,6C,l
9843,002673,189,BD,
9844,002674,0,00,
9845,002675,0,00,
9846,002676,0,00,
9847,002677,8,08,
9848,002678,207,CF,
9849,002679,52,34,4
9850,00267A,108,6C,l
9851,00267B,190,BE,
9852,00267C,64,40,@
9853,00267D,0,00,
9854,00267E,0,00,
9855,00267F,8,08,
9856,002680,209,D1,
9857,002681,52,34,4
9858,002682,109,6D,m
9859,002683,0,00,
9860,002684,0,00,
9861,002685,0,00,
9862,002686,0,00,
9863,002687,8,08,
9864,002688,212,D4,
9865,002689,52,34,4
9866,00268A,109,6D,m
9867,00268B,1,01,
9868,00268C,64,40,@
9869,00268D,0,00,
9870,00268E,0,00,
9871,00268F,8,08,
9872,002690,214,D6,
9873,002691,52,34,4
9874,002692,109,6D,m
9875,002693,2,02,
9876,002694,128,80,
9877,002695,0,00,
9878,002696,0,00,
9879,002697,8,08,
9880,002698,216,D8,
9881,002699,112,70,p
9882,00269A,85,55,U
9883,00269B,170,AA,
9884,00269C,245,F5,
9885,00269D,3,03,
9886,00269E,16,10,
9887,00269F,52,34,4
9888,0026A0,109,6D,m
9889,0026A1,3,03,
9890,0026A2,192,C0,
9891,0026A3,0,00,
9892,0026A4,0,00,
9893,0026A5,8,08,
9894,0026A6,218,DA,
9895,0026A7,52,34,4
9896,0026A8,109,6D,m
9897,0026A9,5,05,
9898,0026AA,0,00,
9899,0026AB,0,00,
9900,0026AC,0,00,
9901,0026AD,8,08,
9902,0026AE,219,DB,
9903,0026AF,52,34,4
9904,0026B0,109,6D,m
9905,0026B1,6,06,
9906,0026B2,64,40,@
9907,0026B3,0,00,
9908,0026B4,0,00,
9909,0026B5,8,08,
9910,0026B6,221,DD,
9911,0026B7,52,34,4
9912,0026B8,109,6D,m
9913,0026B9,8,08,
9914,0026BA,0,00,
9915,0026BB,0,00,
9916,0026BC,0,00,
9917,0026BD,8,08,
9918,0026BE,223,DF,
9919,0026BF,52,34,4
9920,0026C0,109,6D,m
9921,0026C1,9,09,
9922,0026C2,64,40,@
9923,0026C3,0,00,
9924,0026C4,0,00,
9925,0026C5,8,08,
9926,0026C6,225,E1,
9927,0026C7,52,34,4
9928,0026C8,109,6D,m
9929,0026C9,10,0A,
9930,0026CA,128,80,
9931,0026CB,0,00,
9932,0026CC,0,00,
9933,0026CD,8,08,
9934,0026CE,227,E3,
9935,0026CF,52,34,4
9936,0026D0,109,6D,m
9937,0026D1,11,0B,
9938,0026D2,192,C0,
9939,0026D3,0,00,
9940,0026D4,0,00,
9941,0026D5,8,08,
9942,0026D6,229,E5,
9943,0026D7,52,34,4
9944,0026D8,109,6D,m
9945,0026D9,13,0D,
9946,0026DA,0,00,
9947,0026DB,0,00,
9948,0026DC,0,00,
9949,0026DD,8,08,
9950,0026DE,231,E7,
9951,0026DF,52,34,4
9952,0026E0,109,6D,m
9953,0026E1,14,0E,
9954,0026E2,64,40,@
9955,0026E3,0,00,
9956,0026E4,0,00,
9957,0026E5,8,08,
9958,0026E6,234,EA,
9959,0026E7,52,34,4
9960,0026E8,109,6D,m
9961,0026E9,16,10,
9962,0026EA,0,00,
9963,0026EB,0,00,
9964,0026EC,0,00,
9965,0026ED,8,08,
9966,0026EE,236,EC,
9967,0026EF,52,34,4
9968,0026F0,109,6D,m
9969,0026F1,17,11,
9970,0026F2,64,40,@
9971,0026F3,0,00,
9972,0026F4,0,00,
9973,0026F5,8,08,
9974,0026F6,237,ED,
9975,0026F7,52,34,4
9976,0026F8,109,6D,m
9977,0026F9,18,12,
9978,0026FA,128,80,
9979,0026FB,0,00,
9980,0026FC,0,00,
9981,0026FD,8,08,
9982,0026FE,239,EF,
9983,0026FF,52,34,4
9984,002700,109,6D,m
9985,002701,19,13,
9986,002702,192,C0,
9987,002703,0,00,
9988,002704,0,00,
9989,002705,8,08,
9990,002706,241,F1,
9991,002707,52,34,4
9992,002708,109,6D,m
9993,002709,21,15,
9994,00270A,0,00,
9995,00270B,0,00,
9996,00270C,0,00,
9997,00270D,8,08,
9998,00270E,243,F3,
9999,00270F,52,34,4
10000,002710,109,6D,m
10001,002711,22,16,
10002,002712,64,40,@
10003,002713,0,00,
10004,002714,0,00,
10005,002715,8,08,
10006,002716,245,F5,
10007,002717,52,34,4
10008,002718,109,6D,m
10009,002719,24,18,
10010,00271A,0,00,
10011,00271B,0,00,
10012,00271C,0,00,
10013,00271D,8,08,
10014,00271E,247,F7,
10015,00271F,52,34,4
10016,002720,109,6D,m
10017,002721,25,19,
10018,002722,64,40,@
10019,002723,0,00,
10020,002724,0,00,
10021,002725,8,08,
10022,002726,249,F9,
10023,002727,52,34,4
10024,002728,109,6D,m
10025,002729,26,1A,
10026,00272A,128,80,
10027,00272B,0,00,
10028,00272C,0,00,
10029,00272D,8,08,
10030,00272E,251,FB,
10031,00272F,52,34,4
10032,002730,109,6D,m
10033,002731,27,1B,
10034,002732,192,C0,
10035,002733,0,00,
10036,002734,0,00,
10037,002735,8,08,
10038,002736,253,FD,
10039,002737,52,34,4
10040,002738,109,6D,m
10041,002739,29,1D,
10042,00273A,0,00,
10043,00273B,0,00,
10044,00273C,0,00,
10045,00273D,8,08,
10046,00273E,255,FF,
10047,00273F,52,34,4
10048,002740,109,6D,m
10049,002741,30,1E,
10050,002742,64,40,@
10051,002743,0,00,
10052,002744,0,00,
10053,002745,9,09,
10054,002746,1,01,
10055,002747,52,34,4
10056,002748,109,6D,m
10057,002749,32,20, 
10058,00274A,0,00,
10059,00274B,0,00,
10060,00274C,0,00,
10061,00274D,9,09,
10062,00274E,3,03,
10063,00274F,52,34,4
10064,002750,109,6D,m
10065,002751,33,21,!
10066,002752,64,40,@
10067,002753,0,00,
10068,002754,0,00,
10069,002755,9,09,
10070,002756,5,05,
10071,002757,52,34,4
10072,002758,109,6D,m
10073,002759,34,22,"
10074,00275A,128,80,
10075,00275B,0,00,
10076,00275C,0,00,
10077,00275D,9,09,
10078,00275E,7,07,
10079,00275F,52,34,4
10080,002760,109,6D,m
10081,002761,35,23,#
10082,002762,192,C0,
10083,002763,0,00,
10084,002764,0,00,
10085,002765,9,09,
10086,002766,9,09,
10087,002767,52,34,4
10088,002768,109,6D,m
10089,002769,37,25,%
10090,00276A,32,20, 
10091,00276B,0,00,
10092,00276C,0,00,
10093,00276D,9,09,
10094,00276E,11,0B,
10095,00276F,52,34,4
10096,002770,109,6D,m
10097,002771,38,26,&
10098,002772,96,60,`
10099,002773,0,00,
10100,002774,0,00,
10101,002775,9,09,
10102,002776,13,0D,
10103,002777,52,34,4
10104,002778,109,6D,m
10105,002779,40,28,(
10106,00277A,32,20, 
10107,00277B,0,00,
10108,00277C,0,00,
10109,00277D,9,09,
10110,00277E,15,0F,
10111,00277F,52,34,4
10112,002780,109,6D,m
10113,002781,41,29,)
10114,002782,96,60,`
10115,002783,0,00,
10116,002784,0,00,
10117,002785,9,09,
10118,002786,17,11,
10119,002787,52,34,4
10120,002788,109,6D,m
10121,002789,42,2A,*
10122,00278A,160,A0,
10123,00278B,0,00,
10124,00278C,0,00,
10125,00278D,9,09,
10126,00278E,19,13,
10127,00278F,110,6E,n
10128,002790,85,55,U
10129,002791,170,AA,
10130,002792,245,F5,
10131,002793,3,03,
10132,002794,17,11,
10133,002795,52,34,4
10134,002796,109,6D,m
10135,002797,43,2B,+
10136,002798,224,E0,
10137,002799,0,00,
10138,00279A,0,00,
10139,00279B,9,09,
10140,00279C,21,15,
10141,00279D,52,34,4
10142,00279E,109,6D,m
10143,00279F,45,2D,-
10144,0027A0,32,20, 
10145,0027A1,0,00,
10146,0027A2,0,00,
10147,0027A3,9,09,
10148,0027A4,23,17,
10149,0027A5,52,34,4
10150,0027A6,109,6D,m
10151,0027A7,46,2E,.
10152,0027A8,96,60,`
10153,0027A9,0,00,
10154,0027AA,0,00,
10155,0027AB,9,09,
10156,0027AC,25,19,
10157,0027AD,52,34,4
10158,0027AE,109,6D,m
10159,0027AF,48,30,0
10160,0027B0,32,20, 
10161,0027B1,0,00,
10162,0027B2,0,00,
10163,0027B3,9,09,
10164,0027B4,27,1B,
10165,0027B5,52,34,4
10166,0027B6,109,6D,m
10167,0027B7,49,31,1
10168,0027B8,96,60,`
10169,0027B9,0,00,
10170,0027BA,0,00,
10171,0027BB,9,09,
10172,0027BC,29,1D,
10173,0027BD,52,34,4
10174,0027BE,109,6D,m
10175,0027BF,50,32,2
10176,0027C0,160,A0,
10177,0027C1,0,00,
10178,0027C2,0,00,
10179,0027C3,9,09,
10180,0027C4,31,1F,
10181,0027C5,52,34,4
10182,0027C6,109,6D,m
10183,0027C7,51,33,3
10184,0027C8,224,E0,
10185,0027C9,0,00,
10186,0027CA,0,00,
10187,0027CB,9,09,
10188,0027CC,33,21,!
10189,0027CD,52,34,4
10190,0027CE,109,6D,m
10191,0027CF,53,35,5
10192,0027D0,32,20, 
10193,0027D1,0,00,
10194,0027D2,0,00,
10195,0027D3,9,09,
10196,0027D4,35,23,#
10197,0027D5,52,34,4
10198,0027D6,109,6D,m
10199,0027D7,54,36,6
10200,0027D8,96,60,`
10201,0027D9,0,00,
10202,0027DA,0,00,
10203,0027DB,9,09,
10204,0027DC,37,25,%
10205,0027DD,52,34,4
10206,0027DE,109,6D,m
10207,0027DF,56,38,8
10208,0027E0,32,20, 
10209,0027E1,0,00,
10210,0027E2,0,00,
10211,0027E3,9,09,
10212,0027E4,39,27,'
10213,0027E5,52,34,4
10214,0027E6,109,6D,m
10215,0027E7,57,39,9
10216,0027E8,96,60,`
10217,0027E9,0,00,
10218,0027EA,0,00,
10219,0027EB,9,09,
10220,0027EC,41,29,)
10221,0027ED,52,34,4
10222,0027EE,109,6D,m
10223,0027EF,58,3A,:
10224,0027F0,160,A0,
10225,0027F1,0,00,
10226,0027F2,0,00,
10227,0027F3,9,09,
10228,0027F4,43,2B,+
10229,0027F5,52,34,4
10230,0027F6,109,6D,m
10231,0027F7,59,3B,;
10232,0027F8,224,E0,
10233,0027F9,0,00,
10234,0027FA,0,00,
10235,0027FB,9,09,
10236,0027FC,45,2D,-
10237,0027FD,52,34,4
10238,0027FE,109,6D,m
10239,0027FF,61,3D,=
10240,002800,32,20, 
10241,002801,0,00,
10242,002802,0,00,
10243,002803,9,09,
10244,002804,47,2F,/
10245,002805,52,34,4
10246,002806,109,6D,m
10247,002807,62,3E,>
10248,002808,96,60,`
10249,002809,0,00,
10250,00280A,0,00,
10251,00280B,9,09,
10252,00280C,49,31,1
10253,00280D,52,34,4
10254,00280E,109,6D,m
10255,00280F,64,40,@
10256,002810,32,20, 
10257,002811,0,00,
10258,002812,0,00,
10259,002813,9,09,
10260,002814,51,33,3
10261,002815,52,34,4
10262,002816,109,6D,m
10263,002817,65,41,A
10264,002818,96,60,`
10265,002819,0,00,
10266,00281A,0,00,
10267,00281B,9,09,
10268,00281C,53,35,5
10269,00281D,52,34,4
10270,00281E,109,6D,m
10271,00281F,66,42,B
10272,002820,160,A0,
10273,002821,0,00,
10274,002822,0,00,
10275,002823,9,09,
10276,002824,55,37,7
10277,002825,52,34,4
10278,002826,109,6D,m
10279,002827,67,43,C
10280,002828,224,E0,
10281,002829,0,00,
10282,00282A,0,00,
10283,00282B,9,09,
10284,00282C,57,39,9
10285,00282D,52,34,4
10286,00282E,109,6D,m
10287,00282F,69,45,E
10288,002830,32,20, 
10289,002831,0,00,
10290,002832,0,00,
10291,002833,9,09,
10292,002834,59,3B,;
10293,002835,52,34,4
10294,002836,109,6D,m
10295,002837,70,46,F
10296,002838,96,60,`
10297,002839,0,00,
10298,00283A,0,00,
10299,00283B,9,09,
10300,00283C,61,3D,=
10301,00283D,52,34,4
10302,00283E,109,6D,m
10303,00283F,72,48,H
10304,002840,32,20, 
10305,002841,0,00,
10306,002842,0,00,
10307,002843,9,09,
10308,002844,63,3F,?
10309,002845,52,34,4
10310,002846,109,6D,m
10311,002847,73,49,I
10312,002848,96,60,`
10313,002849,0,00,
10314,00284A,0,00,
10315,00284B,9,09,
10316,00284C,65,41,A
10317,00284D,52,34,4
10318,00284E,109,6D,m
10319,00284F,74,4A,J
10320,002850,160,A0,
10321,002851,0,00,
10322,002852,0,00,
10323,002853,9,09,
10324,002854,67,43,C
10325,002855,52,34,4
10326,002856,109,6D,m
10327,002857,75,4B,K
10328,002858,224,E0,
10329,002859,0,00,
10330,00285A,0,00,
10331,00285B,9,09,
10332,00285C,69,45,E
10333,00285D,52,34,4
10334,00285E,109,6D,m
10335,00285F,77,4D,M
10336,002860,32,20, 
10337,002861,0,00,
10338,002862,0,00,
10339,002863,9,09,
10340,002864,71,47,G
10341,002865,52,34,4
10342,002866,109,6D,m
10343,002867,78,4E,N
10344,002868,96,60,`
10345,002869,0,00,
10346,00286A,0,00,
10347,00286B,9,09,
10348,00286C,73,49,I
10349,00286D,52,34,4
10350,00286E,109,6D,m
10351,00286F,80,50,P
10352,002870,32,20, 
10353,002871,0,00,
10354,002872,0,00,
10355,002873,9,09,
10356,002874,75,4B,K
10357,002875,52,34,4
10358,002876,109,6D,m
10359,002877,81,51,Q
10360,002878,96,60,`
10361,002879,0,00,
10362,00287A,0,00,
10363,00287B,9,09,
10364,00287C,77,4D,M
10365,00287D,52,34,4
10366,00287E,109,6D,m
10367,00287F,82,52,R
10368,002880,160,A0,
10369,002881,0,00,
10370,002882,0,00,
10371,002883,9,09,
10372,002884,80,50,P
10373,002885,89,59,Y
10374,002886,85,55,U
10375,002887,170,AA,
10376,002888,245,F5,
10377,002889,3,03,
10378,00288A,18,12,
10379,00288B,52,34,4
10380,00288C,109,6D,m
10381,00288D,83,53,S
10382,00288E,224,E0,
10383,00288F,0,00,
10384,002890,0,00,
10385,002891,9,09,
10386,002892,82,52,R
10387,002893,52,34,4
10388,002894,109,6D,m
10389,002895,85,55,U
10390,002896,32,20, 
10391,002897,0,00,
10392,002898,0,00,
10393,002899,9,09,
10394,00289A,84,54,T
10395,00289B,52,34,4
10396,00289C,109,6D,m
10397,00289D,86,56,V
10398,00289E,96,60,`
10399,00289F,0,00,
10400,0028A0,0,00,
10401,0028A1,9,09,
10402,0028A2,86,56,V
10403,0028A3,52,34,4
10404,0028A4,109,6D,m
10405,0028A5,88,58,X
10406,0028A6,32,20, 
10407,0028A7,0,00,
10408,0028A8,0,00,
10409,0028A9,9,09,
10410,0028AA,88,58,X
10411,0028AB,52,34,4
10412,0028AC,109,6D,m
10413,0028AD,89,59,Y
10414,0028AE,128,80,
10415,0028AF,0,00,
10416,0028B0,0,00,
10417,0028B1,9,09,
10418,0028B2,90,5A,Z
10419,0028B3,52,34,4
10420,0028B4,109,6D,m
10421,0028B5,90,5A,Z
10422,0028B6,192,C0,
10423,0028B7,0,00,
10424,0028B8,0,00,
10425,0028B9,9,09,
10426,0028BA,92,5C,\
10427,0028BB,52,34,4
10428,0028BC,109,6D,m
10429,0028BD,92,5C,\
10430,0028BE,0,00,
10431,0028BF,0,00,
10432,0028C0,0,00,
10433,0028C1,9,09,
10434,0028C2,94,5E,^
10435,0028C3,52,34,4
10436,0028C4,109,6D,m
10437,0028C5,93,5D,]
10438,0028C6,64,40,@
10439,0028C7,0,00,
10440,0028C8,0,00,
10441,0028C9,9,09,
10442,0028CA,96,60,`
10443,0028CB,52,34,4
10444,0028CC,109,6D,m
10445,0028CD,94,5E,^
10446,0028CE,128,80,
10447,0028CF,0,00,
10448,0028D0,0,00,
10449,0028D1,9,09,
10450,0028D2,98,62,b
10451,0028D3,52,34,4
10452,0028D4,109,6D,m
10453,0028D5,96,60,`
10454,0028D6,64,40,@
10455,0028D7,0,00,
10456,0028D8,0,00,
10457,0028D9,9,09,
10458,0028DA,100,64,d
10459,0028DB,52,34,4
10460,0028DC,109,6D,m
10461,0028DD,97,61,a
10462,0028DE,128,80,
10463,0028DF,0,00,
10464,0028E0,0,00,
10465,0028E1,9,09,
10466,0028E2,102,66,f
10467,0028E3,52,34,4
10468,0028E4,109,6D,m
10469,0028E5,98,62,b
10470,0028E6,192,C0,
10471,0028E7,0,00,
10472,0028E8,0,00,
10473,0028E9,9,09,
10474,0028EA,104,68,h
10475,0028EB,52,34,4
10476,0028EC,109,6D,m
10477,0028ED,100,64,d
10478,0028EE,0,00,
10479,0028EF,0,00,
10480,0028F0,0,00,
10481,0028F1,9,09,
10482,0028F2,106,6A,j
10483,0028F3,52,34,4
10484,0028F4,109,6D,m
10485,0028F5,101,65,e
10486,0028F6,64,40,@
10487,0028F7,0,00,
10488,0028F8,0,00,
10489,0028F9,9,09,
10490,0028FA,108,6C,l
10491,0028FB,52,34,4
10492,0028FC,109,6D,m
10493,0028FD,102,66,f
10494,0028FE,128,80,
10495,0028FF,0,00,
10496,002900,0,00,
10497,002901,9,09,
10498,002902,110,6E,n
10499,002903,52,34,4
10500,002904,109,6D,m
10501,002905,104,68,h
10502,002906,64,40,@
10503,002907,0,00,
10504,002908,0,00,
10505,002909,9,09,
10506,00290A,112,70,p
10507,00290B,52,34,4
10508,00290C,109,6D,m
10509,00290D,105,69,i
10510,00290E,128,80,
10511,00290F,0,00,
10512,002910,0,00,
10513,002911,9,09,
10514,002912,114,72,r
10515,002913,52,34,4
10516,002914,109,6D,m
10517,002915,106,6A,j
10518,002916,192,C0,
10519,002917,0,00,
10520,002918,0,00,
10521,002919,9,09,
10522,00291A,117,75,u
10523,00291B,52,34,4
10524,00291C,109,6D,m
10525,00291D,108,6C,l
10526,00291E,0,00,
10527,00291F,0,00,
10528,002920,0,00,
10529,002921,9,09,
10530,002922,119,77,w
10531,002923,52,34,4
10532,002924,109,6D,m
10533,002925,109,6D,m
10534,002926,64,40,@
10535,002927,0,00,
10536,002928,0,00,
10537,002929,9,09,
10538,00292A,121,79,y
10539,00292B,52,34,4
10540,00292C,109,6D,m
10541,00292D,110,6E,n
10542,00292E,128,80,
10543,00292F,0,00,
10544,002930,0,00,
10545,002931,9,09,
10546,002932,123,7B,{
10547,002933,52,34,4
10548,002934,109,6D,m
10549,002935,112,70,p
10550,002936,64,40,@
10551,002937,0,00,
10552,002938,0,00,
10553,002939,9,09,
10554,00293A,125,7D,}
10555,00293B,52,34,4
10556,00293C,109,6D,m
10557,00293D,113,71,q
10558,00293E,128,80,
10559,00293F,0,00,
10560,002940,0,00,
10561,002941,9,09,
10562,002942,127,7F,
10563,002943,52,34,4
10564,002944,109,6D,m
10565,002945,114,72,r
10566,002946,192,C0,
10567,002947,0,00,
10568,002948,0,00,
10569,002949,9,09,
10570,00294A,129,81,
10571,00294B,52,34,4
10572,00294C,109,6D,m
10573,00294D,116,74,t
10574,00294E,0,00,
10575,00294F,0,00,
10576,002950,0,00,
10577,002951,9,09,
10578,002952,131,83,
10579,002953,52,34,4
10580,002954,109,6D,m
10581,002955,117,75,u
10582,002956,64,40,@
10583,002957,0,00,
10584,002958,0,00,
10585,002959,9,09,
10586,00295A,133,85,
10587,00295B,52,34,4
10588,00295C,109,6D,m
10589,00295D,118,76,v
10590,00295E,128,80,
10591,00295F,0,00,
10592,002960,0,00,
10593,002961,9,09,
10594,002962,135,87,
10595,002963,52,34,4
10596,002964,109,6D,m
10597,002965,120,78,x
10598,002966,64,40,@
10599,002967,0,00,
10600,002968,0,00,
10601,002969,9,09,
10602,00296A,137,89,
10603,00296B,52,34,4
10604,00296C,109,6D,m
10605,00296D,121,79,y
10606,00296E,128,80,
10607,00296F,0,00,
10608,002970,0,00,
10609,002971,9,09,
10610,002972,139,8B,
10611,002973,52,34,4
10612,002974,109,6D,m
10613,002975,122,7A,z
10614,002976,192,C0,
10615,002977,0,00,
10616,002978,0,00,
10617,002979,9,09,
10618,00297A,141,8D,
10619,00297B,128,80,
10620,00297C,85,55,U
10621,00297D,170,AA,
10622,00297E,245,F5,
10623,00297F,3,03,
10624,002980,19,13,
10625,002981,52,34,4
10626,002982,109,6D,m
10627,002983,124,7C,|
10628,002984,0,00,
10629,002985,0,00,
10630,002986,0,00,
10631,002987,9,09,
10632,002988,143,8F,
10633,002989,52,34,4
10634,00298A,109,6D,m
10635,00298B,125,7D,}
10636,00298C,64,40,@
10637,00298D,0,00,
10638,00298E,0,00,
10639,00298F,9,09,
10640,002990,145,91,
10641,002991,52,34,4
10642,002992,109,6D,m
10643,002993,126,7E,~
10644,002994,128,80,
10645,002995,0,00,
10646,002996,0,00,
10647,002997,9,09,
10648,002998,147,93,
10649,002999,52,34,4
10650,00299A,109,6D,m
10651,00299B,128,80,
10652,00299C,64,40,@
10653,00299D,0,00,
10654,00299E,0,00,
10655,00299F,9,09,
10656,0029A0,150,96,
10657,0029A1,52,34,4
10658,0029A2,109,6D,m
10659,0029A3,129,81,
10660,0029A4,128,80,
10661,0029A5,0,00,
10662,0029A6,0,00,
10663,0029A7,9,09,
10664,0029A8,152,98,
10665,0029A9,52,34,4
10666,0029AA,109,6D,m
10667,0029AB,130,82,
10668,0029AC,192,C0,
10669,0029AD,0,00,
10670,0029AE,0,00,
10671,0029AF,9,09,
10672,0029B0,154,9A,
10673,0029B1,52,34,4
10674,0029B2,109,6D,m
10675,0029B3,132,84,
10676,0029B4,0,00,
10677,0029B5,0,00,
10678,0029B6,0,00,
10679,0029B7,9,09,
10680,0029B8,156,9C,
10681,0029B9,52,34,4
10682,0029BA,109,6D,m
10683,0029BB,133,85,
10684,0029BC,64,40,@
10685,0029BD,0,00,
10686,0029BE,0,00,
10687,0029BF,9,09,
10688,0029C0,158,9E,
10689,0029C1,52,34,4
10690,0029C2,109,6D,m
10691,0029C3,134,86,
10692,0029C4,128,80,
10693,0029C5,0,00,
10694,0029C6,0,00,
10695,0029C7,9,09,
10696,0029C8,160,A0,
10697,0029C9,52,34,4
10698,0029CA,109,6D,m
10699,0029CB,136,88,
10700,0029CC,64,40,@
10701,0029CD,0,00,
10702,0029CE,0,00,
10703,0029CF,9,09,
10704,0029D0,162,A2,
10705,0029D1,52,34,4
10706,0029D2,109,6D,m
10707,0029D3,137,89,
10708,0029D4,128,80,
10709,0029D5,0,00,
10710,0029D6,0,00,
10711,0029D7,9,09,
10712,0029D8,165,A5,
10713,0029D9,52,34,4
10714,0029DA,109,6D,m
10715,0029DB,138,8A,
10716,0029DC,224,E0,
10717,0029DD,0,00,
10718,0029DE,0,00,
10719,0029DF,9,09,
10720,0029E0,167,A7,
10721,0029E1,52,34,4
10722,0029E2,109,6D,m
10723,0029E3,140,8C,
10724,0029E4,32,20, 
10725,0029E5,0,00,
10726,0029E6,0,00,
10727,0029E7,9,09,
10728,0029E8,169,A9,
10729,0029E9,52,34,4
10730,0029EA,109,6D,m
10731,0029EB,141,8D,
10732,0029EC,96,60,`
10733,0029ED,0,00,
10734,0029EE,0,00,
10735,0029EF,9,09,
10736,0029F0,171,AB,
10737,0029F1,52,34,4
10738,0029F2,109,6D,m
10739,0029F3,142,8E,
10740,0029F4,160,A0,
10741,0029F5,0,00,
10742,0029F6,0,00,
10743,0029F7,9,09,
10744,0029F8,173,AD,
10745,0029F9,52,34,4
10746,0029FA,109,6D,m
10747,0029FB,144,90,
10748,0029FC,96,60,`
10749,0029FD,0,00,
10750,0029FE,0,00,
10751,0029FF,9,09,
10752,002A00,175,AF,
10753,002A01,52,34,4
10754,002A02,109,6D,m
10755,002A03,145,91,
10756,002A04,160,A0,
10757,002A05,0,00,
10758,002A06,0,00,
10759,002A07,9,09,
10760,002A08,177,B1,
10761,002A09,52,34,4
10762,002A0A,109,6D,m
10763,002A0B,146,92,
10764,002A0C,224,E0,
10765,002A0D,0,00,
10766,002A0E,0,00,
10767,002A0F,9,09,
10768,002A10,179,B3,
10769,002A11,52,34,4
10770,002A12,109,6D,m
10771,002A13,148,94,
10772,002A14,32,20, 
10773,002A15,0,00,
10774,002A16,0,00,
10775,002A17,9,09,
10776,002A18,181,B5,
10777,002A19,52,34,4
10778,002A1A,109,6D,m
10779,002A1B,149,95,
10780,002A1C,96,60,`
10781,002A1D,0,00,
10782,002A1E,0,00,
10783,002A1F,9,09,
10784,002A20,183,B7,
10785,002A21,52,34,4
10786,002A22,109,6D,m
10787,002A23,150,96,
10788,002A24,160,A0,
10789,002A25,0,00,
10790,002A26,0,00,
10791,002A27,9,09,
10792,002A28,185,B9,
10793,002A29,52,34,4
10794,002A2A,109,6D,m
10795,002A2B,152,98,
10796,002A2C,96,60,`
10797,002A2D,0,00,
10798,002A2E,0,00,
10799,002A2F,9,09,
10800,002A30,187,BB,
10801,002A31,52,34,4
10802,002A32,109,6D,m
10803,002A33,153,99,
10804,002A34,160,A0,
10805,002A35,0,00,
10806,002A36,0,00,
10807,002A37,9,09,
10808,002A38,189,BD,
10809,002A39,52,34,4
10810,002A3A,109,6D,m
10811,002A3B,154,9A,
10812,002A3C,224,E0,
10813,002A3D,0,00,
10814,002A3E,0,00,
10815,002A3F,9,09,
10816,002A40,191,BF,
10817,002A41,52,34,4
10818,002A42,109,6D,m
10819,002A43,156,9C,
10820,002A44,32,20, 
10821,002A45,0,00,
10822,002A46,0,00,
10823,002A47,9,09,
10824,002A48,193,C1,
10825,002A49,52,34,4
10826,002A4A,109,6D,m
10827,002A4B,157,9D,
10828,002A4C,96,60,`
10829,002A4D,0,00,
10830,002A4E,0,00,
10831,002A4F,9,09,
10832,002A50,195,C3,
10833,002A51,52,34,4
10834,002A52,109,6D,m
10835,002A53,158,9E,
10836,002A54,160,A0,
10837,002A55,0,00,
10838,002A56,0,00,
10839,002A57,9,09,
10840,002A58,197,C5,
10841,002A59,52,34,4
10842,002A5A,109,6D,m
10843,002A5B,160,A0,
10844,002A5C,96,60,`
10845,002A5D,0,00,
10846,002A5E,0,00,
10847,002A5F,9,09,
10848,002A60,199,C7,
10849,002A61,52,34,4
10850,002A62,109,6D,m
10851,002A63,161,A1,
10852,002A64,160,A0,
10853,002A65,0,00,
10854,002A66,0,00,
10855,002A67,9,09,
10856,002A68,201,C9,
10857,002A69,52,34,4
10858,002A6A,109,6D,m
10859,002A6B,162,A2,
10860,002A6C,224,E0,
10861,002A6D,0,00,
10862,002A6E,0,00,
10863,002A6F,9,09,
10864,002A70,203,CB,
10865,002A71,90,5A,Z
10866,002A72,85,55,U
10867,002A73,170,AA,
10868,002A74,245,F5,
10869,002A75,3,03,
10870,002A76,20,14,
10871,002A77,52,34,4
10872,002A78,109,6D,m
10873,002A79,164,A4,
10874,002A7A,32,20, 
10875,002A7B,0,00,
10876,002A7C,0,00,
10877,002A7D,9,09,
10878,002A7E,205,CD,
10879,002A7F,52,34,4
10880,002A80,109,6D,m
10881,002A81,165,A5,
10882,002A82,96,60,`
10883,002A83,0,00,
10884,002A84,0,00,
10885,002A85,9,09,
10886,002A86,208,D0,
10887,002A87,52,34,4
10888,002A88,109,6D,m
10889,002A89,166,A6,
10890,002A8A,160,A0,
10891,002A8B,0,00,
10892,002A8C,0,00,
10893,002A8D,9,09,
10894,002A8E,210,D2,
10895,002A8F,52,34,4
10896,002A90,109,6D,m
10897,002A91,168,A8,
10898,002A92,96,60,`
10899,002A93,0,00,
10900,002A94,0,00,
10901,002A95,9,09,
10902,002A96,212,D4,
10903,002A97,52,34,4
10904,002A98,109,6D,m
10905,002A99,169,A9,
10906,002A9A,160,A0,
10907,002A9B,0,00,
10908,002A9C,0,00,
10909,002A9D,9,09,
10910,002A9E,214,D6,
10911,002A9F,52,34,4
10912,002AA0,109,6D,m
10913,002AA1,170,AA,
10914,002AA2,224,E0,
10915,002AA3,0,00,
10916,002AA4,0,00,
10917,002AA5,9,09,
10918,002AA6,216,D8,
10919,002AA7,52,34,4
10920,002AA8,109,6D,m
10921,002AA9,172,AC,
10922,002AAA,32,20, 
10923,002AAB,0,00,
10924,002AAC,0,00,
10925,002AAD,9,09,
10926,002AAE,218,DA,
10927,002AAF,52,34,4
10928,002AB0,109,6D,m
10929,002AB1,173,AD,
10930,002AB2,96,60,`
10931,002AB3,0,00,
10932,002AB4,0,00,
10933,002AB5,9,09,
10934,002AB6,220,DC,
10935,002AB7,52,34,4
10936,002AB8,109,6D,m
10937,002AB9,174,AE,
10938,002ABA,160,A0,
10939,002ABB,0,00,
10940,002ABC,0,00,
10941,002ABD,9,09,
10942,002ABE,222,DE,
10943,002ABF,52,34,4
10944,002AC0,109,6D,m
10945,002AC1,176,B0,
10946,002AC2,96,60,`
10947,002AC3,0,00,
10948,002AC4,0,00,
10949,002AC5,9,09,
10950,002AC6,224,E0,
10951,002AC7,52,34,4
10952,002AC8,109,6D,m
10953,002AC9,177,B1,
10954,002ACA,160,A0,
10955,002ACB,0,00,
10956,002ACC,0,00,
10957,002ACD,9,09,
10958,002ACE,226,E2,
10959,002ACF,52,34,4
10960,002AD0,109,6D,m
10961,002AD1,178,B2,
10962,002AD2,224,E0,
10963,002AD3,0,00,
10964,002AD4,0,00,
10965,002AD5,9,09,
10966,002AD6,228,E4,
10967,002AD7,52,34,4
10968,002AD8,109,6D,m
10969,002AD9,180,B4,
10970,002ADA,32,20, 
10971,002ADB,0,00,
10972,002ADC,0,00,
10973,002ADD,9,09,
10974,002ADE,230,E6,
10975,002ADF,52,34,4
10976,002AE0,109,6D,m
10977,002AE1,181,B5,
10978,002AE2,96,60,`
10979,002AE3,0,00,
10980,002AE4,0,00,
10981,002AE5,9,09,
10982,002AE6,232,E8,
10983,002AE7,52,34,4
10984,002AE8,109,6D,m
10985,002AE9,182,B6,
10986,002AEA,160,A0,
10987,002AEB,0,00,
10988,002AEC,0,00,
10989,002AED,9,09,
10990,002AEE,234,EA,
10991,002AEF,52,34,4
10992,002AF0,109,6D,m
10993,002AF1,184,B8,
10994,002AF2,96,60,`
10995,002AF3,0,00,
10996,002AF4,0,00,
10997,002AF5,9,09,
10998,002AF6,237,ED,
10999,002AF7,52,34,4
11000,002AF8,109,6D,m
11001,002AF9,185,B9,
11002,002AFA,160,A0,
11003,002AFB,0,00,
11004,002AFC,0,00,
11005,002AFD,9,09,
11006,002AFE,239,EF,
11007,002AFF,52,34,4
11008,002B00,109,6D,m
11009,002B01,187,BB,
11010,002B02,0,00,
11011,002B03,0,00,
11012,002B04,0,00,
11013,002B05,9,09,
11014,002B06,241,F1,
11015,002B07,52,34,4
11016,002B08,109,6D,m
11017,002B09,188,BC,
11018,002B0A,64,40,@
11019,002B0B,0,00,
11020,002B0C,0,00,
11021,002B0D,9,09,
11022,002B0E,243,F3,
11023,002B0F,52,34,4
11024,002B10,109,6D,m
11025,002B11,189,BD,
11026,002B12,128,80,
11027,002B13,0,00,
11028,002B14,0,00,
11029,002B15,9,09,
11030,002B16,245,F5,
11031,002B17,52,34,4
11032,002B18,109,6D,m
11033,002B19,190,BE,
11034,002B1A,192,C0,
11035,002B1B,0,00,
11036,002B1C,0,00,
11037,002B1D,9,09,
11038,002B1E,247,F7,
11039,002B1F,52,34,4
11040,002B20,110,6E,n
11041,002B21,0,00,
11042,002B22,128,80,
11043,002B23,0,00,
11044,002B24,0,00,
11045,002B25,9,09,
11046,002B26,249,F9,
11047,002B27,52,34,4
11048,002B28,110,6E,n
11049,002B29,1,01,
11050,002B2A,192,C0,
11051,002B2B,0,00,
11052,002B2C,0,00,
11053,002B2D,9,09,
11054,002B2E,251,FB,
11055,002B2F,52,34,4
11056,002B30,110,6E,n
11057,002B31,3,03,
11058,002B32,0,00,
11059,002B33,0,00,
11060,002B34,0,00,
11061,002B35,9,09,
11062,002B36,253,FD,
11063,002B37,52,34,4
11064,002B38,110,6E,n
11065,002B39,4,04,
11066,002B3A,64,40,@
11067,002B3B,0,00,
11068,002B3C,0,00,
11069,002B3D,9,09,
11070,002B3E,255,FF,
11071,002B3F,52,34,4
11072,002B40,110,6E,n
11073,002B41,5,05,
11074,002B42,128,80,
11075,002B43,0,00,
11076,002B44,0,00,
11077,002B45,10,0A,
11078,002B46,1,01,
11079,002B47,52,34,4
11080,002B48,110,6E,n
11081,002B49,6,06,
11082,002B4A,192,C0,
11083,002B4B,0,00,
11084,002B4C,0,00,
11085,002B4D,10,0A,
11086,002B4E,4,04,
11087,002B4F,52,34,4
11088,002B50,110,6E,n
11089,002B51,8,08,
11090,002B52,128,80,
11091,002B53,0,00,
11092,002B54,0,00,
11093,002B55,10,0A,
11094,002B56,6,06,
11095,002B57,52,34,4
11096,002B58,110,6E,n
11097,002B59,9,09,
11098,002B5A,192,C0,
11099,002B5B,0,00,
11100,002B5C,0,00,
11101,002B5D,10,0A,
11102,002B5E,8,08,
11103,002B5F,52,34,4
11104,002B60,110,6E,n
11105,002B61,11,0B,
11106,002B62,0,00,
11107,002B63,0,00,
11108,002B64,0,00,
11109,002B65,10,0A,
11110,002B66,10,0A,
11111,002B67,161,A1,
11112,002B68,85,55,U
11113,002B69,170,AA,
11114,002B6A,245,F5,
11115,002B6B,3,03,
11116,002B6C,21,15,
11117,002B6D,52,34,4
11118,002B6E,110,6E,n
11119,002B6F,12,0C,
11120,002B70,64,40,@
11121,002B71,0,00,
11122,002B72,0,00,
11123,002B73,10,0A,
11124,002B74,13,0D,
11125,002B75,52,34,4
11126,002B76,110,6E,n
11127,002B77,13,0D,
11128,002B78,128,80,
11129,002B79,0,00,
11130,002B7A,0,00,
11131,002B7B,10,0A,
11132,002B7C,14,0E,
11133,002B7D,52,34,4
11134,002B7E,110,6E,n
11135,002B7F,14,0E,
11136,002B80,192,C0,
11137,002B81,0,00,
11138,002B82,0,00,
11139,002B83,10,0A,
11140,002B84,16,10,
11141,002B85,52,34,4
11142,002B86,110,6E,n
11143,002B87,16,10,
11144,002B88,128,80,
11145,002B89,0,00,
11146,002B8A,0,00,
11147,002B8B,10,0A,
11148,002B8C,18,12,
11149,002B8D,52,34,4
11150,002B8E,110,6E,n
11151,002B8F,17,11,
11152,002B90,192,C0,
11153,002B91,0,00,
11154,002B92,0,00,
11155,002B93,10,0A,
11156,002B94,20,14,
11157,002B95,52,34,4
11158,002B96,110,6E,n
11159,002B97,19,13,
11160,002B98,0,00,
11161,002B99,0,00,
11162,002B9A,0,00,
11163,002B9B,10,0A,
11164,002B9C,23,17,
11165,002B9D,52,34,4
11166,002B9E,110,6E,n
11167,002B9F,20,14,
11168,002BA0,64,40,@
11169,002BA1,0,00,
11170,002BA2,0,00,
11171,002BA3,10,0A,
11172,002BA4,25,19,
11173,002BA5,52,34,4
11174,002BA6,110,6E,n
11175,002BA7,21,15,
11176,002BA8,128,80,
11177,002BA9,0,00,
11178,002BAA,0,00,
11179,002BAB,10,0A,
11180,002BAC,27,1B,
11181,002BAD,52,34,4
11182,002BAE,110,6E,n
11183,002BAF,22,16,
11184,002BB0,192,C0,
11185,002BB1,0,00,
11186,002BB2,0,00,
11187,002BB3,10,0A,
11188,002BB4,29,1D,
11189,002BB5,52,34,4
11190,002BB6,110,6E,n
11191,002BB7,24,18,
11192,002BB8,128,80,
11193,002BB9,0,00,
11194,002BBA,0,00,
11195,002BBB,10,0A,
11196,002BBC,31,1F,
11197,002BBD,52,34,4
11198,002BBE,110,6E,n
11199,002BBF,25,19,
11200,002BC0,192,C0,
11201,002BC1,0,00,
11202,002BC2,0,00,
11203,002BC3,10,0A,
11204,002BC4,33,21,!
11205,002BC5,52,34,4
11206,002BC6,110,6E,n
11207,002BC7,27,1B,
11208,002BC8,0,00,
11209,002BC9,0,00,
11210,002BCA,0,00,
11211,002BCB,10,0A,
11212,002BCC,35,23,#
11213,002BCD,52,34,4
11214,002BCE,110,6E,n
11215,002BCF,28,1C,
11216,002BD0,64,40,@
11217,002BD1,0,00,
11218,002BD2,0,00,
11219,002BD3,10,0A,
11220,002BD4,37,25,%
11221,002BD5,52,34,4
11222,002BD6,110,6E,n
11223,002BD7,29,1D,
11224,002BD8,128,80,
11225,002BD9,0,00,
11226,002BDA,0,00,
11227,002BDB,10,0A,
11228,002BDC,39,27,'
11229,002BDD,52,34,4
11230,002BDE,110,6E,n
11231,002BDF,30,1E,
11232,002BE0,192,C0,
11233,002BE1,0,00,
11234,002BE2,0,00,
11235,002BE3,10,0A,
11236,002BE4,41,29,)
11237,002BE5,52,34,4
11238,002BE6,110,6E,n
11239,002BE7,32,20, 
11240,002BE8,128,80,
11241,002BE9,0,00,
11242,002BEA,0,00,
11243,002BEB,10,0A,
11244,002BEC,44,2C,,
11245,002BED,52,34,4
11246,002BEE,110,6E,n
11247,002BEF,33,21,!
11248,002BF0,192,C0,
11249,002BF1,0,00,
11250,002BF2,0,00,
11251,002BF3,10,0A,
11252,002BF4,46,2E,.
11253,002BF5,52,34,4
11254,002BF6,110,6E,n
11255,002BF7,35,23,#
11256,002BF8,0,00,
11257,002BF9,0,00,
11258,002BFA,0,00,
11259,002BFB,10,0A,
11260,002BFC,48,30,0
11261,002BFD,52,34,4
11262,002BFE,110,6E,n
11263,002BFF,36,24,$
11264,002C00,64,40,@
11265,002C01,0,00,
11266,002C02,0,00,
11267,002C03,10,0A,
11268,002C04,50,32,2
11269,002C05,52,34,4
11270,002C06,110,6E,n
11271,002C07,37,25,%
11272,002C08,128,80,
11273,002C09,0,00,
11274,002C0A,0,00,
11275,002C0B,10,0A,
11276,002C0C,52,34,4
11277,002C0D,52,34,4
11278,002C0E,110,6E,n
11279,002C0F,38,26,&
11280,002C10,192,C0,
11281,002C11,0,00,
11282,002C12,0,00,
11283,002C13,10,0A,
11284,002C14,54,36,6
11285,002C15,52,34,4
11286,002C16,110,6E,n
11287,002C17,40,28,(
11288,002C18,128,80,
11289,002C19,0,00,
11290,002C1A,0,00,
11291,002C1B,10,0A,
11292,002C1C,56,38,8
11293,002C1D,52,34,4
11294,002C1E,110,6E,n
11295,002C1F,41,29,)
11296,002C20,192,C0,
11297,002C21,0,00,
11298,002C22,0,00,
11299,002C23,10,0A,
11300,002C24,59,3B,;
11301,002C25,52,34,4
11302,002C26,110,6E,n
11303,002C27,43,2B,+
11304,002C28,0,00,
11305,002C29,0,00,
11306,002C2A,0,00,
11307,002C2B,10,0A,
11308,002C2C,61,3D,=
11309,002C2D,52,34,4
11310,002C2E,110,6E,n
11311,002C2F,44,2C,,
11312,002C30,64,40,@
11313,002C31,0,00,
11314,002C32,0,00,
11315,002C33,10,0A,
11316,002C34,63,3F,?
11317,002C35,52,34,4
11318,002C36,110,6E,n
11319,002C37,45,2D,-
11320,002C38,160,A0,
11321,002C39,0,00,
11322,002C3A,0,00,
11323,002C3B,10,0A,
11324,002C3C,65,41,A
11325,002C3D,52,34,4
11326,002C3E,110,6E,n
11327,002C3F,46,2E,.
11328,002C40,224,E0,
11329,002C41,0,00,
11330,002C42,0,00,
11331,002C43,10,0A,
11332,002C44,67,43,C
11333,002C45,52,34,4
11334,002C46,110,6E,n
11335,002C47,48,30,0
11336,002C48,160,A0,
11337,002C49,0,00,
11338,002C4A,0,00,
11339,002C4B,10,0A,
11340,002C4C,69,45,E
11341,002C4D,52,34,4
11342,002C4E,110,6E,n
11343,002C4F,49,31,1
11344,002C50,224,E0,
11345,002C51,0,00,
11346,002C52,0,00,
11347,002C53,10,0A,
11348,002C54,71,47,G
11349,002C55,52,34,4
11350,002C56,110,6E,n
11351,002C57,51,33,3
11352,002C58,32,20, 
11353,002C59,0,00,
11354,002C5A,0,00,
11355,002C5B,10,0A,
11356,002C5C,74,4A,J
11357,002C5D,230,E6,
11358,002C5E,85,55,U
