offset_dec,offset_hex,byte_dec,byte_hex,ascii
0,000000,170,AA,
1,000001,245,F5,
2,000002,3,03,
3,000003,22,16,
4,000004,52,34,4
5,000005,110,6E,n
6,000006,52,34,4
7,000007,96,60,`
8,000008,0,00,
9,000009,0,00,
10,00000A,10,0A,
11,00000B,76,4C,L
12,00000C,52,34,4
13,00000D,110,6E,n
14,00000E,53,35,5
15,00000F,160,A0,
16,000010,0,00,
17,000011,0,00,
18,000012,10,0A,
19,000013,78,4E,N
20,000014,52,34,4
21,000015,110,6E,n
22,000016,54,36,6
23,000017,224,E0,
24,000018,0,00,
25,000019,0,00,
26,00001A,10,0A,
27,00001B,80,50,P
28,00001C,52,34,4
29,00001D,110,6E,n
30,00001E,56,38,8
31,00001F,160,A0,
32,000020,0,00,
33,000021,0,00,
34,000022,10,0A,
35,000023,82,52,R
36,000024,52,34,4
37,000025,110,6E,n
38,000026,57,39,9
39,000027,224,E0,
40,000028,0,00,
41,000029,0,00,
42,00002A,10,0A,
43,00002B,85,55,U
44,00002C,52,34,4
45,00002D,110,6E,n
46,00002E,59,3B,;
47,00002F,32,20, 
48,000030,0,00,
49,000031,0,00,
50,000032,10,0A,
51,000033,87,57,W
52,000034,52,34,4
53,000035,110,6E,n
54,000036,60,3C,<
55,000037,96,60,`
56,000038,0,00,
57,000039,0,00,
58,00003A,10,0A,
59,00003B,89,59,Y
60,00003C,52,34,4
61,00003D,110,6E,n
62,00003E,61,3D,=
63,00003F,160,A0,
64,000040,0,00,
65,000041,0,00,
66,000042,10,0A,
67,000043,91,5B,[
68,000044,52,34,4
69,000045,110,6E,n
70,000046,62,3E,>
71,000047,224,E0,
72,000048,0,00,
73,000049,0,00,
74,00004A,10,0A,
75,00004B,93,5D,]
76,00004C,52,34,4
77,00004D,110,6E,n
78,00004E,64,40,@
79,00004F,160,A0,
80,000050,0,00,
81,000051,0,00,
82,000052,10,0A,
83,000053,95,5F,_
84,000054,52,34,4
85,000055,110,6E,n
86,000056,65,41,A
87,000057,224,E0,
88,000058,0,00,
89,000059,0,00,
90,00005A,10,0A,
91,00005B,97,61,a
92,00005C,52,34,4
93,00005D,110,6E,n
94,00005E,67,43,C
95,00005F,32,20, 
96,000060,0,00,
97,000061,0,00,
98,000062,10,0A,
99,000063,100,64,d
100,000064,52,34,4
101,000065,110,6E,n
102,000066,68,44,D
103,000067,96,60,`
104,000068,0,00,
105,000069,0,00,
106,00006A,10,0A,
107,00006B,102,66,f
108,00006C,52,34,4
109,00006D,110,6E,n
110,00006E,69,45,E
111,00006F,160,A0,
112,000070,0,00,
113,000071,0,00,
114,000072,10,0A,
115,000073,104,68,h
116,000074,52,34,4
117,000075,110,6E,n
118,000076,70,46,F
119,000077,224,E0,
120,000078,0,00,
121,000079,0,00,
122,00007A,10,0A,
123,00007B,106,6A,j
124,00007C,52,34,4
125,00007D,110,6E,n
126,00007E,72,48,H
127,00007F,160,A0,
128,000080,0,00,
129,000081,0,00,
130,000082,10,0A,
131,000083,108,6C,l
132,000084,52,34,4
133,000085,110,6E,n
134,000086,73,49,I
135,000087,224,E0,
136,000088,0,00,
137,000089,0,00,
138,00008A,10,0A,
139,00008B,110,6E,n
140,00008C,52,34,4
141,00008D,110,6E,n
142,00008E,75,4B,K
143,00008F,32,20, 
144,000090,0,00,
145,000091,0,00,
146,000092,10,0A,
147,000093,112,70,p
148,000094,52,34,4
149,000095,110,6E,n
150,000096,76,4C,L
151,000097,96,60,`
152,000098,0,00,
153,000099,0,00,
154,00009A,10,0A,
155,00009B,114,72,r
156,00009C,52,34,4
157,00009D,110,6E,n
158,00009E,77,4D,M
159,00009F,160,A0,
160,0000A0,0,00,
161,0000A1,0,00,
162,0000A2,10,0A,
163,0000A3,117,75,u
164,0000A4,52,34,4
165,0000A5,110,6E,n
166,0000A6,78,4E,N
167,0000A7,224,E0,
168,0000A8,0,00,
169,0000A9,0,00,
170,0000AA,10,0A,
171,0000AB,118,76,v
172,0000AC,52,34,4
173,0000AD,110,6E,n
174,0000AE,80,50,P
175,0000AF,160,A0,
176,0000B0,0,00,
177,0000B1,0,00,
178,0000B2,10,0A,
179,0000B3,121,79,y
180,0000B4,52,34,4
181,0000B5,110,6E,n
182,0000B6,81,51,Q
183,0000B7,224,E0,
184,0000B8,0,00,
185,0000B9,0,00,
186,0000BA,10,0A,
187,0000BB,123,7B,{
188,0000BC,52,34,4
189,0000BD,110,6E,n
190,0000BE,83,53,S
191,0000BF,32,20, 
192,0000C0,0,00,
193,0000C1,0,00,
194,0000C2,10,0A,
195,0000C3,125,7D,}
196,0000C4,52,34,4
197,0000C5,110,6E,n
198,0000C6,84,54,T
199,0000C7,96,60,`
200,0000C8,0,00,
201,0000C9,0,00,
202,0000CA,10,0A,
203,0000CB,128,80,
204,0000CC,52,34,4
205,0000CD,110,6E,n
206,0000CE,85,55,U
207,0000CF,160,A0,
208,0000D0,0,00,
209,0000D1,0,00,
210,0000D2,10,0A,
211,0000D3,130,82,
212,0000D4,52,34,4
213,0000D5,110,6E,n
214,0000D6,86,56,V
215,0000D7,224,E0,
216,0000D8,0,00,
217,0000D9,0,00,
218,0000DA,10,0A,
219,0000DB,132,84,
220,0000DC,52,34,4
221,0000DD,110,6E,n
222,0000DE,88,58,X
223,0000DF,160,A0,
224,0000E0,0,00,
225,0000E1,0,00,
226,0000E2,10,0A,
227,0000E3,134,86,
228,0000E4,52,34,4
229,0000E5,110,6E,n
230,0000E6,89,59,Y
231,0000E7,224,E0,
232,0000E8,0,00,
233,0000E9,0,00,
234,0000EA,10,0A,
235,0000EB,136,88,
236,0000EC,52,34,4
237,0000ED,110,6E,n
238,0000EE,91,5B,[
239,0000EF,32,20, 
240,0000F0,0,00,
241,0000F1,0,00,
242,0000F2,10,0A,
243,0000F3,138,8A,
244,0000F4,66,42,B
245,0000F5,85,55,U
246,0000F6,170,AA,
247,0000F7,245,F5,
248,0000F8,3,03,
249,0000F9,23,17,
250,0000FA,52,34,4
251,0000FB,110,6E,n
252,0000FC,92,5C,\
253,0000FD,128,80,
254,0000FE,0,00,
255,0000FF,0,00,
256,000100,10,0A,
257,000101,141,8D,
258,000102,52,34,4
259,000103,110,6E,n
260,000104,93,5D,]
261,000105,192,C0,
262,000106,0,00,
263,000107,0,00,
264,000108,10,0A,
265,000109,143,8F,
266,00010A,52,34,4
267,00010B,110,6E,n
268,00010C,95,5F,_
269,00010D,0,00,
270,00010E,0,00,
271,00010F,0,00,
272,000110,10,0A,
273,000111,145,91,
274,000112,52,34,4
275,000113,110,6E,n
276,000114,96,60,`
277,000115,192,C0,
278,000116,0,00,
279,000117,0,00,
280,000118,10,0A,
281,000119,147,93,
282,00011A,52,34,4
283,00011B,110,6E,n
284,00011C,98,62,b
285,00011D,0,00,
286,00011E,0,00,
287,00011F,0,00,
288,000120,10,0A,
289,000121,149,95,
290,000122,52,34,4
291,000123,110,6E,n
292,000124,99,63,c
293,000125,64,40,@
294,000126,0,00,
295,000127,0,00,
296,000128,10,0A,
297,000129,151,97,
298,00012A,52,34,4
299,00012B,110,6E,n
300,00012C,100,64,d
301,00012D,128,80,
302,00012E,0,00,
303,00012F,0,00,
304,000130,10,0A,
305,000131,153,99,
306,000132,52,34,4
307,000133,110,6E,n
308,000134,101,65,e
309,000135,192,C0,
310,000136,0,00,
311,000137,0,00,
312,000138,10,0A,
313,000139,155,9B,
314,00013A,52,34,4
315,00013B,110,6E,n
316,00013C,103,67,g
317,00013D,0,00,
318,00013E,0,00,
319,00013F,0,00,
320,000140,10,0A,
321,000141,157,9D,
322,000142,52,34,4
323,000143,110,6E,n
324,000144,104,68,h
325,000145,192,C0,
326,000146,0,00,
327,000147,0,00,
328,000148,10,0A,
329,000149,159,9F,
330,00014A,52,34,4
331,00014B,110,6E,n
332,00014C,106,6A,j
333,00014D,0,00,
334,00014E,0,00,
335,00014F,0,00,
336,000150,10,0A,
337,000151,161,A1,
338,000152,52,34,4
339,000153,110,6E,n
340,000154,107,6B,k
341,000155,64,40,@
342,000156,0,00,
343,000157,0,00,
344,000158,10,0A,
345,000159,163,A3,
346,00015A,52,34,4
347,00015B,110,6E,n
348,00015C,108,6C,l
349,00015D,128,80,
350,00015E,0,00,
351,00015F,0,00,
352,000160,10,0A,
353,000161,165,A5,
354,000162,52,34,4
355,000163,110,6E,n
356,000164,109,6D,m
357,000165,192,C0,
358,000166,0,00,
359,000167,0,00,
360,000168,10,0A,
361,000169,167,A7,
362,00016A,52,34,4
363,00016B,110,6E,n
364,00016C,111,6F,o
365,00016D,0,00,
366,00016E,0,00,
367,00016F,0,00,
368,000170,10,0A,
369,000171,169,A9,
370,000172,52,34,4
371,000173,110,6E,n
372,000174,112,70,p
373,000175,192,C0,
374,000176,0,00,
375,000177,0,00,
376,000178,10,0A,
377,000179,172,AC,
378,00017A,52,34,4
379,00017B,110,6E,n
380,00017C,114,72,r
381,00017D,0,00,
382,00017E,0,00,
383,00017F,0,00,
384,000180,10,0A,
385,000181,174,AE,
386,000182,52,34,4
387,000183,110,6E,n
388,000184,115,73,s
389,000185,64,40,@
390,000186,0,00,
391,000187,0,00,
392,000188,10,0A,
393,000189,176,B0,
394,00018A,52,34,4
395,00018B,110,6E,n
396,00018C,116,74,t
397,00018D,128,80,
398,00018E,0,00,
399,00018F,0,00,
400,000190,10,0A,
401,000191,178,B2,
402,000192,52,34,4
403,000193,110,6E,n
404,000194,117,75,u
405,000195,192,C0,
406,000196,0,00,
407,000197,0,00,
408,000198,10,0A,
409,000199,179,B3,
410,00019A,52,34,4
411,00019B,110,6E,n
412,00019C,119,77,w
413,00019D,0,00,
414,00019E,0,00,
415,00019F,0,00,
416,0001A0,10,0A,
417,0001A1,182,B6,
418,0001A2,52,34,4
419,0001A3,110,6E,n
420,0001A4,120,78,x
421,0001A5,192,C0,
422,0001A6,0,00,
423,0001A7,0,00,
424,0001A8,10,0A,
425,0001A9,183,B7,
426,0001AA,52,34,4
427,0001AB,110,6E,n
428,0001AC,122,7A,z
429,0001AD,0,00,
430,0001AE,0,00,
431,0001AF,0,00,
432,0001B0,10,0A,
433,0001B1,185,B9,
434,0001B2,52,34,4
435,0001B3,110,6E,n
436,0001B4,123,7B,{
437,0001B5,64,40,@
438,0001B6,0,00,
439,0001B7,0,00,
440,0001B8,10,0A,
441,0001B9,188,BC,
442,0001BA,52,34,4
443,0001BB,110,6E,n
444,0001BC,124,7C,|
445,0001BD,128,80,
446,0001BE,0,00,
447,0001BF,0,00,
448,0001C0,10,0A,
449,0001C1,190,BE,
450,0001C2,52,34,4
451,0001C3,110,6E,n
452,0001C4,125,7D,}
453,0001C5,192,C0,
454,0001C6,0,00,
455,0001C7,0,00,
456,0001C8,10,0A,
457,0001C9,192,C0,
458,0001CA,52,34,4
459,0001CB,110,6E,n
460,0001CC,127,7F,
461,0001CD,0,00,
462,0001CE,0,00,
463,0001CF,0,00,
464,0001D0,10,0A,
465,0001D1,194,C2,
466,0001D2,52,34,4
467,0001D3,110,6E,n
468,0001D4,128,80,
469,0001D5,192,C0,
470,0001D6,0,00,
471,0001D7,0,00,
472,0001D8,10,0A,
473,0001D9,196,C4,
474,0001DA,52,34,4
475,0001DB,110,6E,n
476,0001DC,130,82,
477,0001DD,0,00,
478,0001DE,0,00,
479,0001DF,0,00,
480,0001E0,10,0A,
481,0001E1,198,C6,
482,0001E2,52,34,4
483,0001E3,110,6E,n
484,0001E4,131,83,
485,0001E5,64,40,@
486,0001E6,0,00,
487,0001E7,0,00,
488,0001E8,10,0A,
489,0001E9,200,C8,
490,0001EA,42,2A,*
491,0001EB,85,55,U
492,0001EC,170,AA,
493,0001ED,10,0A,
494,0001EE,15,0F,
495,0001EF,6,06,
496,0001F0,0,00,
497,0001F1,216,D8,
498,0001F2,0,00,
499,0001F3,26,1A,
500,0001F4,109,6D,m
501,0001F5,40,28,(
502,0001F6,85,55,U
503,0001F7,170,AA,
504,0001F8,246,F6,
505,0001F9,15,0F,
506,0001FA,0,00,
507,0001FB,1,01,
508,0001FC,52,34,4
509,0001FD,120,78,x
510,0001FE,147,93,
511,0001FF,185,B9,
512,000200,0,00,
513,000201,0,00,
514,000202,0,00,
515,000203,12,0C,
516,000204,52,34,4
517,000205,120,78,x
518,000206,147,93,
519,000207,185,B9,
520,000208,128,80,
521,000209,0,00,
522,00020A,0,00,
523,00020B,11,0B,
524,00020C,52,34,4
525,00020D,120,78,x
526,00020E,147,93,
527,00020F,186,BA,
528,000210,128,80,
529,000211,0,00,
530,000212,0,00,
531,000213,10,0A,
532,000214,52,34,4
533,000215,120,78,x
534,000216,147,93,
535,000217,188,BC,
536,000218,0,00,
537,000219,0,00,
538,00021A,0,00,
539,00021B,9,09,
540,00021C,52,34,4
541,00021D,120,78,x
542,00021E,147,93,
543,00021F,188,BC,
544,000220,128,80,
545,000221,0,00,
546,000222,0,00,
547,000223,9,09,
548,000224,52,34,4
549,000225,120,78,x
550,000226,147,93,
551,000227,189,BD,
552,000228,128,80,
553,000229,0,00,
554,00022A,0,00,
555,00022B,9,09,
556,00022C,52,34,4
557,00022D,120,78,x
558,00022E,147,93,
559,00022F,193,C1,
560,000230,0,00,
561,000231,0,00,
562,000232,0,00,
563,000233,8,08,
564,000234,52,34,4
565,000235,120,78,x
566,000236,147,93,
567,000237,193,C1,
568,000238,128,80,
569,000239,0,00,
570,00023A,0,00,
571,00023B,7,07,
572,00023C,52,34,4
573,00023D,120,78,x
574,00023E,147,93,
575,00023F,194,C2,
576,000240,128,80,
577,000241,0,00,
578,000242,0,00,
579,000243,7,07,
580,000244,52,34,4
581,000245,120,78,x
582,000246,147,93,
583,000247,196,C4,
584,000248,0,00,
585,000249,0,00,
586,00024A,0,00,
587,00024B,7,07,
588,00024C,52,34,4
589,00024D,120,78,x
590,00024E,147,93,
591,00024F,196,C4,
592,000250,128,80,
593,000251,0,00,
594,000252,0,00,
595,000253,6,06,
596,000254,52,34,4
597,000255,120,78,x
598,000256,147,93,
599,000257,197,C5,
600,000258,128,80,
601,000259,0,00,
602,00025A,0,00,
603,00025B,6,06,
604,00025C,52,34,4
605,00025D,120,78,x
606,00025E,147,93,
607,00025F,199,C7,
608,000260,0,00,
609,000261,0,00,
610,000262,0,00,
611,000263,7,07,
612,000264,52,34,4
613,000265,120,78,x
614,000266,147,93,
615,000267,199,C7,
616,000268,128,80,
617,000269,0,00,
618,00026A,0,00,
619,00026B,7,07,
620,00026C,52,34,4
621,00026D,120,78,x
622,00026E,147,93,
623,00026F,200,C8,
624,000270,128,80,
625,000271,0,00,
626,000272,0,00,
627,000273,8,08,
628,000274,52,34,4
629,000275,120,78,x
630,000276,147,93,
631,000277,202,CA,
632,000278,0,00,
633,000279,0,00,
634,00027A,0,00,
635,00027B,8,08,
636,00027C,52,34,4
637,00027D,120,78,x
638,00027E,147,93,
639,00027F,202,CA,
640,000280,128,80,
641,000281,0,00,
642,000282,0,00,
643,000283,8,08,
644,000284,52,34,4
645,000285,120,78,x
646,000286,147,93,
647,000287,203,CB,
648,000288,128,80,
649,000289,0,00,
650,00028A,0,00,
651,00028B,9,09,
652,00028C,52,34,4
653,00028D,120,78,x
654,00028E,147,93,
655,00028F,205,CD,
656,000290,0,00,
657,000291,0,00,
658,000292,0,00,
659,000293,11,0B,
660,000294,52,34,4
661,000295,120,78,x
662,000296,147,93,
663,000297,205,CD,
664,000298,128,80,
665,000299,0,00,
666,00029A,0,00,
667,00029B,12,0C,
668,00029C,52,34,4
669,00029D,120,78,x
670,00029E,147,93,
671,00029F,206,CE,
672,0002A0,128,80,
673,0002A1,0,00,
674,0002A2,0,00,
675,0002A3,14,0E,
676,0002A4,52,34,4
677,0002A5,120,78,x
678,0002A6,147,93,
679,0002A7,208,D0,
680,0002A8,0,00,
681,0002A9,0,00,
682,0002AA,0,00,
683,0002AB,16,10,
684,0002AC,52,34,4
685,0002AD,120,78,x
686,0002AE,147,93,
687,0002AF,208,D0,
688,0002B0,128,80,
689,0002B1,0,00,
690,0002B2,0,00,
691,0002B3,17,11,
692,0002B4,52,34,4
693,0002B5,120,78,x
694,0002B6,147,93,
695,0002B7,209,D1,
696,0002B8,128,80,
697,0002B9,0,00,
698,0002BA,0,00,
699,0002BB,18,12,
700,0002BC,52,34,4
701,0002BD,120,78,x
702,0002BE,147,93,
703,0002BF,211,D3,
704,0002C0,0,00,
705,0002C1,0,00,
706,0002C2,0,00,
707,0002C3,18,12,
708,0002C4,52,34,4
709,0002C5,120,78,x
710,0002C6,147,93,
711,0002C7,211,D3,
712,0002C8,128,80,
713,0002C9,0,00,
714,0002CA,0,00,
715,0002CB,18,12,
716,0002CC,52,34,4
717,0002CD,120,78,x
718,0002CE,147,93,
719,0002CF,212,D4,
720,0002D0,128,80,
721,0002D1,0,00,
722,0002D2,0,00,
723,0002D3,18,12,
724,0002D4,52,34,4
725,0002D5,120,78,x
726,0002D6,147,93,
727,0002D7,214,D6,
728,0002D8,0,00,
729,0002D9,0,00,
730,0002DA,0,00,
731,0002DB,17,11,
732,0002DC,52,34,4
733,0002DD,120,78,x
734,0002DE,147,93,
735,0002DF,214,D6,
736,0002E0,128,80,
737,0002E1,0,00,
738,0002E2,0,00,
739,0002E3,16,10,
740,0002E4,52,34,4
741,0002E5,120,78,x
742,0002E6,147,93,
743,0002E7,215,D7,
744,0002E8,128,80,
745,0002E9,0,00,
746,0002EA,0,00,
747,0002EB,15,0F,
748,0002EC,225,E1,
749,0002ED,85,55,U
750,0002EE,170,AA,
751,0002EF,246,F6,
752,0002F0,15,0F,
753,0002F1,0,00,
754,0002F2,2,02,
755,0002F3,52,34,4
756,0002F4,120,78,x
757,0002F5,147,93,
758,0002F6,217,D9,
759,0002F7,0,00,
760,0002F8,0,00,
761,0002F9,0,00,
762,0002FA,14,0E,
763,0002FB,52,34,4
764,0002FC,120,78,x
765,0002FD,147,93,
766,0002FE,217,D9,
767,0002FF,128,80,
768,000300,0,00,
769,000301,0,00,
770,000302,14,0E,
771,000303,52,34,4
772,000304,120,78,x
773,000305,147,93,
774,000306,218,DA,
775,000307,128,80,
776,000308,0,00,
777,000309,0,00,
778,00030A,14,0E,
779,00030B,52,34,4
780,00030C,120,78,x
781,00030D,147,93,
782,00030E,220,DC,
783,00030F,0,00,
784,000310,0,00,
785,000311,0,00,
786,000312,13,0D,
787,000313,52,34,4
788,000314,120,78,x
789,000315,147,93,
790,000316,220,DC,
791,000317,128,80,
792,000318,0,00,
793,000319,0,00,
794,00031A,13,0D,
795,00031B,52,34,4
796,00031C,120,78,x
797,00031D,147,93,
798,00031E,221,DD,
799,00031F,128,80,
800,000320,0,00,
801,000321,0,00,
802,000322,13,0D,
803,000323,52,34,4
804,000324,120,78,x
805,000325,147,93,
806,000326,225,E1,
807,000327,0,00,
808,000328,0,00,
809,000329,0,00,
810,00032A,12,0C,
811,00032B,52,34,4
812,00032C,120,78,x
813,00032D,147,93,
814,00032E,225,E1,
815,00032F,128,80,
816,000330,0,00,
817,000331,0,00,
818,000332,12,0C,
819,000333,52,34,4
820,000334,120,78,x
821,000335,147,93,
822,000336,226,E2,
823,000337,128,80,
824,000338,0,00,
825,000339,0,00,
826,00033A,11,0B,
827,00033B,52,34,4
828,00033C,120,78,x
829,00033D,147,93,
830,00033E,228,E4,
831,00033F,0,00,
832,000340,0,00,
833,000341,0,00,
834,000342,11,0B,
835,000343,52,34,4
836,000344,120,78,x
837,000345,147,93,
838,000346,228,E4,
839,000347,128,80,
840,000348,0,00,
841,000349,0,00,
842,00034A,11,0B,
843,00034B,52,34,4
844,00034C,120,78,x
845,00034D,147,93,
846,00034E,229,E5,
847,00034F,128,80,
848,000350,0,00,
849,000351,0,00,
850,000352,11,0B,
851,000353,52,34,4
852,000354,120,78,x
853,000355,147,93,
854,000356,231,E7,
855,000357,0,00,
856,000358,0,00,
857,000359,0,00,
858,00035A,11,0B,
859,00035B,52,34,4
860,00035C,120,78,x
861,00035D,147,93,
862,00035E,231,E7,
863,00035F,128,80,
864,000360,0,00,
865,000361,0,00,
866,000362,13,0D,
867,000363,52,34,4
868,000364,120,78,x
869,000365,147,93,
870,000366,232,E8,
871,000367,128,80,
872,000368,0,00,
873,000369,0,00,
874,00036A,14,0E,
875,00036B,52,34,4
876,00036C,120,78,x
877,00036D,147,93,
878,00036E,234,EA,
879,00036F,0,00,
880,000370,0,00,
881,000371,0,00,
882,000372,16,10,
883,000373,52,34,4
884,000374,120,78,x
885,000375,147,93,
886,000376,234,EA,
887,000377,128,80,
888,000378,0,00,
889,000379,0,00,
890,00037A,18,12,
891,00037B,52,34,4
892,00037C,120,78,x
893,00037D,147,93,
894,00037E,235,EB,
895,00037F,128,80,
896,000380,0,00,
897,000381,0,00,
898,000382,20,14,
899,000383,52,34,4
900,000384,120,78,x
901,000385,147,93,
902,000386,237,ED,
903,000387,0,00,
904,000388,0,00,
905,000389,0,00,
906,00038A,21,15,
907,00038B,52,34,4
908,00038C,120,78,x
909,00038D,147,93,
910,00038E,237,ED,
911,00038F,128,80,
912,000390,0,00,
913,000391,0,00,
914,000392,22,16,
915,000393,52,34,4
916,000394,120,78,x
917,000395,147,93,
918,000396,238,EE,
919,000397,128,80,
920,000398,0,00,
921,000399,0,00,
922,00039A,22,16,
923,00039B,52,34,4
924,00039C,120,78,x
925,00039D,147,93,
926,00039E,240,F0,
927,00039F,0,00,
928,0003A0,0,00,
929,0003A1,0,00,
930,0003A2,22,16,
931,0003A3,52,34,4
932,0003A4,120,78,x
933,0003A5,147,93,
934,0003A6,240,F0,
935,0003A7,128,80,
936,0003A8,0,00,
937,0003A9,0,00,
938,0003AA,20,14,
939,0003AB,52,34,4
940,0003AC,120,78,x
941,0003AD,147,93,
942,0003AE,241,F1,
943,0003AF,128,80,
944,0003B0,0,00,
945,0003B1,0,00,
946,0003B2,18,12,
947,0003B3,52,34,4
948,0003B4,120,78,x
949,0003B5,147,93,
950,0003B6,243,F3,
951,0003B7,0,00,
952,0003B8,0,00,
953,0003B9,0,00,
954,0003BA,16,10,
955,0003BB,52,34,4
956,0003BC,120,78,x
957,0003BD,147,93,
958,0003BE,243,F3,
959,0003BF,128,80,
960,0003C0,0,00,
961,0003C1,0,00,
962,0003C2,14,0E,
963,0003C3,52,34,4
964,0003C4,120,78,x
965,0003C5,147,93,
966,0003C6,244,F4,
967,0003C7,128,80,
968,0003C8,0,00,
969,0003C9,0,00,
970,0003CA,12,0C,
971,0003CB,52,34,4
972,0003CC,120,78,x
973,0003CD,147,93,
974,0003CE,246,F6,
975,0003CF,0,00,
976,0003D0,0,00,
977,0003D1,0,00,
978,0003D2,11,0B,
979,0003D3,52,34,4
980,0003D4,120,78,x
981,0003D5,147,93,
982,0003D6,246,F6,
983,0003D7,128,80,
984,0003D8,0,00,
985,0003D9,0,00,
986,0003DA,10,0A,
987,0003DB,52,34,4
988,0003DC,120,78,x
989,0003DD,147,93,
990,0003DE,247,F7,
991,0003DF,128,80,
992,0003E0,0,00,
993,0003E1,0,00,
994,0003E2,10,0A,
995,0003E3,7,07,
996,0003E4,85,55,U
997,0003E5,170,AA,
998,0003E6,246,F6,
999,0003E7,15,0F,
1000,0003E8,0,00,
1001,0003E9,3,03,
1002,0003EA,52,34,4
1003,0003EB,120,78,x
1004,0003EC,147,93,
1005,0003ED,249,F9,
1006,0003EE,0,00,
1007,0003EF,0,00,
1008,0003F0,0,00,
1009,0003F1,9,09,
1010,0003F2,52,34,4
1011,0003F3,120,78,x
1012,0003F4,147,93,
1013,0003F5,249,F9,
1014,0003F6,128,80,
1015,0003F7,0,00,
1016,0003F8,0,00,
1017,0003F9,10,0A,
1018,0003FA,52,34,4
1019,0003FB,120,78,x
1020,0003FC,147,93,
1021,0003FD,250,FA,
1022,0003FE,128,80,
1023,0003FF,0,00,
1024,000400,0,00,
1025,000401,10,0A,
1026,000402,52,34,4
1027,000403,120,78,x
1028,000404,147,93,
1029,000405,252,FC,
1030,000406,0,00,
1031,000407,0,00,
1032,000408,0,00,
1033,000409,10,0A,
1034,00040A,52,34,4
1035,00040B,120,78,x
1036,00040C,147,93,
1037,00040D,252,FC,
1038,00040E,128,80,
1039,00040F,0,00,
1040,000410,0,00,
1041,000411,9,09,
1042,000412,52,34,4
1043,000413,120,78,x
1044,000414,147,93,
1045,000415,253,FD,
1046,000416,128,80,
1047,000417,0,00,
1048,000418,0,00,
1049,000419,8,08,
1050,00041A,52,34,4
1051,00041B,120,78,x
1052,00041C,148,94,
1053,00041D,1,01,
1054,00041E,0,00,
1055,00041F,0,00,
1056,000420,0,00,
1057,000421,7,07,
1058,000422,52,34,4
1059,000423,120,78,x
1060,000424,148,94,
1061,000425,1,01,
1062,000426,128,80,
1063,000427,0,00,
1064,000428,0,00,
1065,000429,7,07,
1066,00042A,52,34,4
1067,00042B,120,78,x
1068,00042C,148,94,
1069,00042D,2,02,
1070,00042E,128,80,
1071,00042F,0,00,
1072,000430,0,00,
1073,000431,8,08,
1074,000432,52,34,4
1075,000433,120,78,x
1076,000434,148,94,
1077,000435,4,04,
1078,000436,0,00,
1079,000437,0,00,
1080,000438,0,00,
1081,000439,9,09,
1082,00043A,52,34,4
1083,00043B,120,78,x
1084,00043C,148,94,
1085,00043D,4,04,
1086,00043E,128,80,
1087,00043F,0,00,
1088,000440,0,00,
1089,000441,10,0A,
1090,000442,52,34,4
1091,000443,120,78,x
1092,000444,148,94,
1093,000445,5,05,
1094,000446,128,80,
1095,000447,0,00,
1096,000448,0,00,
1097,000449,11,0B,
1098,00044A,52,34,4
1099,00044B,120,78,x
1100,00044C,148,94,
1101,00044D,6,06,
1102,00044E,128,80,
1103,00044F,0,00,
1104,000450,0,00,
1105,000451,11,0B,
1106,000452,52,34,4
1107,000453,120,78,x
1108,000454,148,94,
1109,000455,8,08,
1110,000456,0,00,
1111,000457,0,00,
1112,000458,0,00,
1113,000459,13,0D,
1114,00045A,52,34,4
1115,00045B,120,78,x
1116,00045C,148,94,
1117,00045D,8,08,
1118,00045E,128,80,
1119,00045F,0,00,
1120,000460,0,00,
1121,000461,15,0F,
1122,000462,52,34,4
1123,000463,120,78,x
1124,000464,148,94,
1125,000465,9,09,
1126,000466,128,80,
1127,000467,0,00,
1128,000468,0,00,
1129,000469,17,11,
1130,00046A,52,34,4
1131,00046B,120,78,x
1132,00046C,148,94,
1133,00046D,11,0B,
1134,00046E,0,00,
1135,00046F,0,00,
1136,000470,0,00,
1137,000471,19,13,
1138,000472,52,34,4
1139,000473,120,78,x
1140,000474,148,94,
1141,000475,11,0B,
1142,000476,128,80,
1143,000477,0,00,
1144,000478,0,00,
1145,000479,20,14,
1146,00047A,52,34,4
1147,00047B,120,78,x
1148,00047C,148,94,
1149,00047D,12,0C,
1150,00047E,128,80,
1151,00047F,0,00,
1152,000480,0,00,
1153,000481,19,13,
1154,000482,52,34,4
1155,000483,120,78,x
1156,000484,148,94,
1157,000485,14,0E,
1158,000486,0,00,
1159,000487,0,00,
1160,000488,0,00,
1161,000489,18,12,
1162,00048A,52,34,4
1163,00048B,120,78,x
1164,00048C,148,94,
1165,00048D,14,0E,
1166,00048E,128,80,
1167,00048F,0,00,
1168,000490,0,00,
1169,000491,16,10,
1170,000492,52,34,4
1171,000493,120,78,x
1172,000494,148,94,
1173,000495,15,0F,
1174,000496,128,80,
1175,000497,0,00,
1176,000498,0,00,
1177,000499,14,0E,
1178,00049A,52,34,4
1179,00049B,120,78,x
1180,00049C,148,94,
1181,00049D,17,11,
1182,00049E,0,00,
1183,00049F,0,00,
1184,0004A0,0,00,
1185,0004A1,13,0D,
1186,0004A2,52,34,4
1187,0004A3,120,78,x
1188,0004A4,148,94,
1189,0004A5,17,11,
1190,0004A6,128,80,
1191,0004A7,0,00,
1192,0004A8,0,00,
1193,0004A9,11,0B,
1194,0004AA,52,34,4
1195,0004AB,120,78,x
1196,0004AC,148,94,
1197,0004AD,18,12,
1198,0004AE,128,80,
1199,0004AF,0,00,
1200,0004B0,0,00,
1201,0004B1,10,0A,
1202,0004B2,52,34,4
1203,0004B3,120,78,x
1204,0004B4,148,94,
1205,0004B5,20,14,
1206,0004B6,0,00,
1207,0004B7,0,00,
1208,0004B8,0,00,
1209,0004B9,9,09,
1210,0004BA,52,34,4
1211,0004BB,120,78,x
1212,0004BC,148,94,
1213,0004BD,20,14,
1214,0004BE,128,80,
1215,0004BF,0,00,
1216,0004C0,0,00,
1217,0004C1,7,07,
1218,0004C2,52,34,4
1219,0004C3,120,78,x
1220,0004C4,148,94,
1221,0004C5,21,15,
1222,0004C6,128,80,
1223,0004C7,0,00,
1224,0004C8,0,00,
1225,0004C9,6,06,
1226,0004CA,52,34,4
1227,0004CB,120,78,x
1228,0004CC,148,94,
1229,0004CD,23,17,
1230,0004CE,0,00,
1231,0004CF,0,00,
1232,0004D0,0,00,
1233,0004D1,6,06,
1234,0004D2,52,34,4
1235,0004D3,120,78,x
1236,0004D4,148,94,
1237,0004D5,23,17,
1238,0004D6,128,80,
1239,0004D7,0,00,
1240,0004D8,0,00,
1241,0004D9,5,05,
1242,0004DA,122,7A,z
1243,0004DB,85,55,U
1244,0004DC,170,AA,
1245,0004DD,246,F6,
1246,0004DE,15,0F,
1247,0004DF,0,00,
1248,0004E0,4,04,
1249,0004E1,52,34,4
1250,0004E2,120,78,x
1251,0004E3,148,94,
1252,0004E4,24,18,
1253,0004E5,128,80,
1254,0004E6,0,00,
1255,0004E7,0,00,
1256,0004E8,5,05,
1257,0004E9,52,34,4
1258,0004EA,120,78,x
1259,0004EB,148,94,
1260,0004EC,26,1A,
1261,0004ED,0,00,
1262,0004EE,0,00,
1263,0004EF,0,00,
1264,0004F0,6,06,
1265,0004F1,52,34,4
1266,0004F2,120,78,x
1267,0004F3,148,94,
1268,0004F4,26,1A,
1269,0004F5,128,80,
1270,0004F6,0,00,
1271,0004F7,0,00,
1272,0004F8,6,06,
1273,0004F9,52,34,4
1274,0004FA,120,78,x
1275,0004FB,148,94,
1276,0004FC,27,1B,
1277,0004FD,128,80,
1278,0004FE,0,00,
1279,0004FF,0,00,
1280,000500,5,05,
1281,000501,52,34,4
1282,000502,120,78,x
1283,000503,148,94,
1284,000504,29,1D,
1285,000505,0,00,
1286,000506,0,00,
1287,000507,0,00,
1288,000508,5,05,
1289,000509,52,34,4
1290,00050A,120,78,x
1291,00050B,148,94,
1292,00050C,29,1D,
1293,00050D,128,80,
1294,00050E,0,00,
1295,00050F,0,00,
1296,000510,4,04,
1297,000511,52,34,4
1298,000512,120,78,x
1299,000513,148,94,
1300,000514,32,20, 
1301,000515,128,80,
1302,000516,0,00,
1303,000517,0,00,
1304,000518,3,03,
1305,000519,52,34,4
1306,00051A,120,78,x
1307,00051B,148,94,
1308,00051C,34,22,"
1309,00051D,0,00,
1310,00051E,0,00,
1311,00051F,0,00,
1312,000520,3,03,
1313,000521,52,34,4
1314,000522,120,78,x
1315,000523,148,94,
1316,000524,34,22,"
1317,000525,128,80,
1318,000526,0,00,
1319,000527,0,00,
1320,000528,3,03,
1321,000529,52,34,4
1322,00052A,120,78,x
1323,00052B,148,94,
1324,00052C,35,23,#
1325,00052D,128,80,
1326,00052E,0,00,
1327,00052F,0,00,
1328,000530,2,02,
1329,000531,52,34,4
1330,000532,120,78,x
1331,000533,148,94,
1332,000534,37,25,%
1333,000535,0,00,
1334,000536,0,00,
1335,000537,0,00,
1336,000538,3,03,
1337,000539,52,34,4
1338,00053A,120,78,x
1339,00053B,148,94,
1340,00053C,37,25,%
1341,00053D,128,80,
1342,00053E,0,00,
1343,00053F,0,00,
1344,000540,3,03,
1345,000541,52,34,4
1346,000542,120,78,x
1347,000543,148,94,
1348,000544,38,26,&
1349,000545,128,80,
1350,000546,0,00,
1351,000547,0,00,
1352,000548,4,04,
1353,000549,52,34,4
1354,00054A,120,78,x
1355,00054B,148,94,
1356,00054C,40,28,(
1357,00054D,0,00,
1358,00054E,0,00,
1359,00054F,0,00,
1360,000550,5,05,
1361,000551,52,34,4
1362,000552,120,78,x
1363,000553,148,94,
1364,000554,40,28,(
1365,000555,128,80,
1366,000556,0,00,
1367,000557,0,00,
1368,000558,6,06,
1369,000559,52,34,4
1370,00055A,120,78,x
1371,00055B,148,94,
1372,00055C,41,29,)
1373,00055D,128,80,
1374,00055E,0,00,
1375,00055F,0,00,
1376,000560,6,06,
1377,000561,52,34,4
1378,000562,120,78,x
1379,000563,148,94,
1380,000564,43,2B,+
1381,000565,0,00,
1382,000566,0,00,
1383,000567,0,00,
1384,000568,6,06,
1385,000569,52,34,4
1386,00056A,120,78,x
1387,00056B,148,94,
1388,00056C,43,2B,+
1389,00056D,128,80,
1390,00056E,0,00,
1391,00056F,0,00,
1392,000570,6,06,
1393,000571,52,34,4
1394,000572,120,78,x
1395,000573,148,94,
1396,000574,45,2D,-
1397,000575,0,00,
1398,000576,0,00,
1399,000577,0,00,
1400,000578,6,06,
1401,000579,52,34,4
1402,00057A,120,78,x
1403,00057B,148,94,
1404,00057C,46,2E,.
1405,00057D,0,00,
1406,00057E,0,00,
1407,00057F,0,00,
1408,000580,6,06,
1409,000581,52,34,4
1410,000582,120,78,x
1411,000583,148,94,
1412,000584,46,2E,.
1413,000585,128,80,
1414,000586,0,00,
1415,000587,0,00,
1416,000588,5,05,
1417,000589,52,34,4
1418,00058A,120,78,x
1419,00058B,148,94,
1420,00058C,48,30,0
1421,00058D,0,00,
1422,00058E,0,00,
1423,00058F,0,00,
1424,000590,5,05,
1425,000591,52,34,4
1426,000592,120,78,x
1427,000593,148,94,
1428,000594,49,31,1
1429,000595,0,00,
1430,000596,0,00,
1431,000597,0,00,
1432,000598,5,05,
1433,000599,52,34,4
1434,00059A,120,78,x
1435,00059B,148,94,
1436,00059C,49,31,1
1437,00059D,128,80,
1438,00059E,0,00,
1439,00059F,0,00,
1440,0005A0,6,06,
1441,0005A1,52,34,4
1442,0005A2,120,78,x
1443,0005A3,148,94,
1444,0005A4,51,33,3
1445,0005A5,0,00,
1446,0005A6,0,00,
1447,0005A7,0,00,
1448,0005A8,6,06,
1449,0005A9,52,34,4
1450,0005AA,120,78,x
1451,0005AB,148,94,
1452,0005AC,52,34,4
1453,0005AD,0,00,
1454,0005AE,0,00,
1455,0005AF,0,00,
1456,0005B0,7,07,
1457,0005B1,52,34,4
1458,0005B2,120,78,x
1459,0005B3,148,94,
1460,0005B4,52,34,4
1461,0005B5,128,80,
1462,0005B6,0,00,
1463,0005B7,0,00,
1464,0005B8,8,08,
1465,0005B9,52,34,4
1466,0005BA,120,78,x
1467,0005BB,148,94,
1468,0005BC,54,36,6
1469,0005BD,0,00,
1470,0005BE,0,00,
1471,0005BF,0,00,
1472,0005C0,8,08,
1473,0005C1,52,34,4
1474,0005C2,120,78,x
1475,0005C3,148,94,
1476,0005C4,55,37,7
1477,0005C5,0,00,
1478,0005C6,0,00,
1479,0005C7,0,00,
1480,0005C8,9,09,
1481,0005C9,52,34,4
1482,0005CA,120,78,x
1483,0005CB,148,94,
1484,0005CC,55,37,7
1485,0005CD,128,80,
1486,0005CE,0,00,
1487,0005CF,0,00,
1488,0005D0,9,09,
1489,0005D1,149,95,
1490,0005D2,85,55,U
1491,0005D3,170,AA,
1492,0005D4,246,F6,
1493,0005D5,15,0F,
1494,0005D6,0,00,
1495,0005D7,5,05,
1496,0005D8,52,34,4
1497,0005D9,120,78,x
1498,0005DA,148,94,
1499,0005DB,57,39,9
1500,0005DC,0,00,
1501,0005DD,0,00,
1502,0005DE,0,00,
1503,0005DF,10,0A,
1504,0005E0,52,34,4
1505,0005E1,120,78,x
1506,0005E2,148,94,
1507,0005E3,58,3A,:
1508,0005E4,0,00,
1509,0005E5,0,00,
1510,0005E6,0,00,
1511,0005E7,10,0A,
1512,0005E8,52,34,4
1513,0005E9,120,78,x
1514,0005EA,148,94,
1515,0005EB,58,3A,:
1516,0005EC,128,80,
1517,0005ED,0,00,
1518,0005EE,0,00,
1519,0005EF,10,0A,
1520,0005F0,52,34,4
1521,0005F1,120,78,x
1522,0005F2,148,94,
1523,0005F3,60,3C,<
1524,0005F4,0,00,
1525,0005F5,0,00,
1526,0005F6,0,00,
1527,0005F7,9,09,
1528,0005F8,52,34,4
1529,0005F9,120,78,x
1530,0005FA,148,94,
1531,0005FB,61,3D,=
1532,0005FC,0,00,
1533,0005FD,0,00,
1534,0005FE,0,00,
1535,0005FF,9,09,
1536,000600,52,34,4
1537,000601,120,78,x
1538,000602,148,94,
1539,000603,61,3D,=
1540,000604,128,80,
1541,000605,0,00,
1542,000606,0,00,
1543,000607,9,09,
1544,000608,52,34,4
1545,000609,120,78,x
1546,00060A,148,94,
1547,00060B,65,41,A
1548,00060C,0,00,
1549,00060D,0,00,
1550,00060E,0,00,
1551,00060F,8,08,
1552,000610,52,34,4
1553,000611,120,78,x
1554,000612,148,94,
1555,000613,66,42,B
1556,000614,0,00,
1557,000615,0,00,
1558,000616,0,00,
1559,000617,8,08,
1560,000618,52,34,4
1561,000619,120,78,x
1562,00061A,148,94,
1563,00061B,66,42,B
1564,00061C,128,80,
1565,00061D,0,00,
1566,00061E,0,00,
1567,00061F,8,08,
1568,000620,52,34,4
1569,000621,120,78,x
1570,000622,148,94,
1571,000623,68,44,D
1572,000624,0,00,
1573,000625,0,00,
1574,000626,0,00,
1575,000627,8,08,
1576,000628,52,34,4
1577,000629,120,78,x
1578,00062A,148,94,
1579,00062B,69,45,E
1580,00062C,0,00,
1581,00062D,0,00,
1582,00062E,0,00,
1583,00062F,7,07,
1584,000630,52,34,4
1585,000631,120,78,x
1586,000632,148,94,
1587,000633,69,45,E
1588,000634,128,80,
1589,000635,0,00,
1590,000636,0,00,
1591,000637,6,06,
1592,000638,52,34,4
1593,000639,120,78,x
1594,00063A,148,94,
1595,00063B,71,47,G
1596,00063C,0,00,
1597,00063D,0,00,
1598,00063E,0,00,
1599,00063F,6,06,
1600,000640,52,34,4
1601,000641,120,78,x
1602,000642,148,94,
1603,000643,72,48,H
1604,000644,0,00,
1605,000645,0,00,
1606,000646,0,00,
1607,000647,6,06,
1608,000648,52,34,4
1609,000649,120,78,x
1610,00064A,148,94,
1611,00064B,72,48,H
1612,00064C,128,80,
1613,00064D,0,00,
1614,00064E,0,00,
1615,00064F,7,07,
1616,000650,52,34,4
1617,000651,120,78,x
1618,000652,148,94,
1619,000653,74,4A,J
1620,000654,0,00,
1621,000655,0,00,
1622,000656,0,00,
1623,000657,7,07,
1624,000658,52,34,4
1625,000659,120,78,x
1626,00065A,148,94,
1627,00065B,75,4B,K
1628,00065C,0,00,
1629,00065D,0,00,
1630,00065E,0,00,
1631,00065F,7,07,
1632,000660,52,34,4
1633,000661,120,78,x
1634,000662,148,94,
1635,000663,75,4B,K
1636,000664,128,80,
1637,000665,0,00,
1638,000666,0,00,
1639,000667,8,08,
1640,000668,52,34,4
1641,000669,120,78,x
1642,00066A,148,94,
1643,00066B,77,4D,M
1644,00066C,0,00,
1645,00066D,0,00,
1646,00066E,0,00,
1647,00066F,8,08,
1648,000670,52,34,4
1649,000671,120,78,x
1650,000672,148,94,
1651,000673,78,4E,N
1652,000674,0,00,
1653,000675,0,00,
1654,000676,0,00,
1655,000677,9,09,
1656,000678,52,34,4
1657,000679,120,78,x
1658,00067A,148,94,
1659,00067B,78,4E,N
1660,00067C,128,80,
1661,00067D,0,00,
1662,00067E,0,00,
1663,00067F,10,0A,
1664,000680,52,34,4
1665,000681,120,78,x
1666,000682,148,94,
1667,000683,80,50,P
1668,000684,0,00,
1669,000685,0,00,
1670,000686,0,00,
1671,000687,11,0B,
1672,000688,52,34,4
1673,000689,120,78,x
1674,00068A,148,94,
1675,00068B,81,51,Q
1676,00068C,0,00,
1677,00068D,0,00,
1678,00068E,0,00,
1679,00068F,10,0A,
1680,000690,52,34,4
1681,000691,120,78,x
1682,000692,148,94,
1683,000693,81,51,Q
1684,000694,128,80,
1685,000695,0,00,
1686,000696,0,00,
1687,000697,10,0A,
1688,000698,52,34,4
1689,000699,120,78,x
1690,00069A,148,94,
1691,00069B,83,53,S
1692,00069C,0,00,
1693,00069D,0,00,
1694,00069E,0,00,
1695,00069F,9,09,
1696,0006A0,52,34,4
1697,0006A1,120,78,x
1698,0006A2,148,94,
1699,0006A3,84,54,T
1700,0006A4,0,00,
1701,0006A5,0,00,
1702,0006A6,0,00,
1703,0006A7,7,07,
1704,0006A8,52,34,4
1705,0006A9,120,78,x
1706,0006AA,148,94,
1707,0006AB,84,54,T
1708,0006AC,128,80,
1709,0006AD,0,00,
1710,0006AE,0,00,
1711,0006AF,6,06,
1712,0006B0,52,34,4
1713,0006B1,120,78,x
1714,0006B2,148,94,
1715,0006B3,86,56,V
1716,0006B4,0,00,
1717,0006B5,0,00,
1718,0006B6,0,00,
1719,0006B7,6,06,
1720,0006B8,52,34,4
1721,0006B9,120,78,x
1722,0006BA,148,94,
1723,0006BB,87,57,W
1724,0006BC,0,00,
1725,0006BD,0,00,
1726,0006BE,0,00,
1727,0006BF,7,07,
1728,0006C0,52,34,4
1729,0006C1,120,78,x
1730,0006C2,148,94,
1731,0006C3,87,57,W
1732,0006C4,128,80,
1733,0006C5,0,00,
1734,0006C6,0,00,
1735,0006C7,7,07,
1736,0006C8,174,AE,
1737,0006C9,85,55,U
1738,0006CA,170,AA,
1739,0006CB,246,F6,
1740,0006CC,15,0F,
1741,0006CD,0,00,
1742,0006CE,6,06,
1743,0006CF,52,34,4
1744,0006D0,120,78,x
1745,0006D1,148,94,
1746,0006D2,89,59,Y
1747,0006D3,0,00,
1748,0006D4,0,00,
1749,0006D5,0,00,
1750,0006D6,8,08,
1751,0006D7,52,34,4
1752,0006D8,120,78,x
1753,0006D9,148,94,
1754,0006DA,90,5A,Z
1755,0006DB,0,00,
1756,0006DC,0,00,
1757,0006DD,0,00,
1758,0006DE,9,09,
1759,0006DF,52,34,4
1760,0006E0,120,78,x
1761,0006E1,148,94,
1762,0006E2,90,5A,Z
1763,0006E3,128,80,
1764,0006E4,0,00,
1765,0006E5,0,00,
1766,0006E6,10,0A,
1767,0006E7,52,34,4
1768,0006E8,120,78,x
1769,0006E9,148,94,
1770,0006EA,92,5C,\
1771,0006EB,0,00,
1772,0006EC,0,00,
1773,0006ED,0,00,
1774,0006EE,11,0B,
1775,0006EF,52,34,4
1776,0006F0,120,78,x
1777,0006F1,148,94,
1778,0006F2,93,5D,]
1779,0006F3,0,00,
1780,0006F4,0,00,
1781,0006F5,0,00,
1782,0006F6,11,0B,
1783,0006F7,52,34,4
1784,0006F8,120,78,x
1785,0006F9,148,94,
1786,0006FA,93,5D,]
1787,0006FB,128,80,
1788,0006FC,0,00,
1789,0006FD,0,00,
1790,0006FE,12,0C,
1791,0006FF,52,34,4
1792,000700,120,78,x
1793,000701,148,94,
1794,000702,97,61,a
1795,000703,0,00,
1796,000704,0,00,
1797,000705,0,00,
1798,000706,13,0D,
1799,000707,52,34,4
1800,000708,120,78,x
1801,000709,148,94,
1802,00070A,98,62,b
1803,00070B,0,00,
1804,00070C,0,00,
1805,00070D,0,00,
1806,00070E,12,0C,
1807,00070F,52,34,4
1808,000710,120,78,x
1809,000711,148,94,
1810,000712,98,62,b
1811,000713,128,80,
1812,000714,0,00,
1813,000715,0,00,
1814,000716,12,0C,
1815,000717,52,34,4
1816,000718,120,78,x
1817,000719,148,94,
1818,00071A,100,64,d
1819,00071B,0,00,
1820,00071C,0,00,
1821,00071D,0,00,
1822,00071E,11,0B,
1823,00071F,52,34,4
1824,000720,120,78,x
1825,000721,148,94,
1826,000722,101,65,e
1827,000723,0,00,
1828,000724,0,00,
1829,000725,0,00,
1830,000726,10,0A,
1831,000727,52,34,4
1832,000728,120,78,x
1833,000729,148,94,
1834,00072A,101,65,e
1835,00072B,128,80,
1836,00072C,0,00,
1837,00072D,0,00,
1838,00072E,9,09,
1839,00072F,52,34,4
1840,000730,120,78,x
1841,000731,148,94,
1842,000732,103,67,g
1843,000733,0,00,
1844,000734,0,00,
1845,000735,0,00,
1846,000736,8,08,
1847,000737,52,34,4
1848,000738,120,78,x
1849,000739,148,94,
1850,00073A,104,68,h
1851,00073B,0,00,
1852,00073C,0,00,
1853,00073D,0,00,
1854,00073E,7,07,
1855,00073F,52,34,4
1856,000740,120,78,x
1857,000741,148,94,
1858,000742,104,68,h
1859,000743,128,80,
1860,000744,0,00,
1861,000745,0,00,
1862,000746,7,07,
1863,000747,52,34,4
1864,000748,120,78,x
1865,000749,148,94,
1866,00074A,106,6A,j
1867,00074B,0,00,
1868,00074C,0,00,
1869,00074D,0,00,
1870,00074E,7,07,
1871,00074F,52,34,4
1872,000750,120,78,x
1873,000751,148,94,
1874,000752,107,6B,k
1875,000753,0,00,
1876,000754,0,00,
1877,000755,0,00,
1878,000756,7,07,
1879,000757,52,34,4
1880,000758,120,78,x
1881,000759,148,94,
1882,00075A,107,6B,k
1883,00075B,128,80,
1884,00075C,0,00,
1885,00075D,0,00,
1886,00075E,8,08,
1887,00075F,52,34,4
1888,000760,120,78,x
1889,000761,148,94,
1890,000762,109,6D,m
1891,000763,0,00,
1892,000764,0,00,
1893,000765,0,00,
1894,000766,8,08,
1895,000767,52,34,4
1896,000768,120,78,x
1897,000769,148,94,
1898,00076A,110,6E,n
1899,00076B,0,00,
1900,00076C,0,00,
1901,00076D,0,00,
1902,00076E,8,08,
1903,00076F,52,34,4
1904,000770,120,78,x
1905,000771,148,94,
1906,000772,110,6E,n
1907,000773,128,80,
1908,000774,0,00,
1909,000775,0,00,
1910,000776,7,07,
1911,000777,52,34,4
1912,000778,120,78,x
1913,000779,148,94,
1914,00077A,112,70,p
1915,00077B,0,00,
1916,00077C,0,00,
1917,00077D,0,00,
1918,00077E,7,07,
1919,00077F,52,34,4
1920,000780,120,78,x
1921,000781,148,94,
1922,000782,113,71,q
1923,000783,0,00,
1924,000784,0,00,
1925,000785,0,00,
1926,000786,6,06,
1927,000787,52,34,4
1928,000788,120,78,x
1929,000789,148,94,
1930,00078A,113,71,q
1931,00078B,128,80,
1932,00078C,0,00,
1933,00078D,0,00,
1934,00078E,6,06,
1935,00078F,52,34,4
1936,000790,120,78,x
1937,000791,148,94,
1938,000792,115,73,s
1939,000793,0,00,
1940,000794,0,00,
1941,000795,0,00,
1942,000796,6,06,
1943,000797,52,34,4
1944,000798,120,78,x
1945,000799,148,94,
1946,00079A,116,74,t
1947,00079B,0,00,
1948,00079C,0,00,
1949,00079D,0,00,
1950,00079E,6,06,
1951,00079F,52,34,4
1952,0007A0,120,78,x
1953,0007A1,148,94,
1954,0007A2,116,74,t
1955,0007A3,128,80,
1956,0007A4,0,00,
1957,0007A5,0,00,
1958,0007A6,7,07,
1959,0007A7,52,34,4
1960,0007A8,120,78,x
1961,0007A9,148,94,
1962,0007AA,118,76,v
1963,0007AB,0,00,
1964,0007AC,0,00,
1965,0007AD,0,00,
1966,0007AE,8,08,
1967,0007AF,52,34,4
1968,0007B0,120,78,x
1969,0007B1,148,94,
1970,0007B2,119,77,w
1971,0007B3,0,00,
1972,0007B4,0,00,
1973,0007B5,0,00,
1974,0007B6,9,09,
1975,0007B7,52,34,4
1976,0007B8,120,78,x
1977,0007B9,148,94,
1978,0007BA,119,77,w
1979,0007BB,128,80,
1980,0007BC,0,00,
1981,0007BD,0,00,
1982,0007BE,11,0B,
1983,0007BF,129,81,
1984,0007C0,85,55,U
1985,0007C1,170,AA,
1986,0007C2,246,F6,
1987,0007C3,15,0F,
1988,0007C4,0,00,
1989,0007C5,7,07,
1990,0007C6,52,34,4
1991,0007C7,120,78,x
1992,0007C8,148,94,
1993,0007C9,121,79,y
1994,0007CA,0,00,
1995,0007CB,0,00,
1996,0007CC,0,00,
1997,0007CD,12,0C,
1998,0007CE,52,34,4
1999,0007CF,120,78,x
2000,0007D0,148,94,
2001,0007D1,122,7A,z
2002,0007D2,0,00,
2003,0007D3,0,00,
2004,0007D4,0,00,
2005,0007D5,13,0D,
2006,0007D6,52,34,4
2007,0007D7,120,78,x
2008,0007D8,148,94,
2009,0007D9,122,7A,z
2010,0007DA,128,80,
2011,0007DB,0,00,
2012,0007DC,0,00,
2013,0007DD,13,0D,
2014,0007DE,52,34,4
2015,0007DF,120,78,x
2016,0007E0,148,94,
2017,0007E1,124,7C,|
2018,0007E2,0,00,
2019,0007E3,0,00,
2020,0007E4,0,00,
2021,0007E5,13,0D,
2022,0007E6,52,34,4
2023,0007E7,120,78,x
2024,0007E8,148,94,
2025,0007E9,125,7D,}
2026,0007EA,0,00,
2027,0007EB,0,00,
2028,0007EC,0,00,
2029,0007ED,13,0D,
2030,0007EE,52,34,4
2031,0007EF,120,78,x
2032,0007F0,148,94,
2033,0007F1,125,7D,}
2034,0007F2,128,80,
2035,0007F3,0,00,
2036,0007F4,0,00,
2037,0007F5,12,0C,
2038,0007F6,52,34,4
2039,0007F7,120,78,x
2040,0007F8,148,94,
2041,0007F9,129,81,
2042,0007FA,0,00,
2043,0007FB,0,00,
2044,0007FC,0,00,
2045,0007FD,11,0B,
2046,0007FE,52,34,4
2047,0007FF,120,78,x
2048,000800,148,94,
2049,000801,130,82,
2050,000802,0,00,
2051,000803,0,00,
2052,000804,0,00,
2053,000805,9,09,
2054,000806,52,34,4
2055,000807,120,78,x
2056,000808,148,94,
2057,000809,130,82,
2058,00080A,128,80,
2059,00080B,0,00,
2060,00080C,0,00,
2061,00080D,8,08,
2062,00080E,52,34,4
2063,00080F,120,78,x
2064,000810,148,94,
2065,000811,132,84,
2066,000812,0,00,
2067,000813,0,00,
2068,000814,0,00,
2069,000815,7,07,
2070,000816,52,34,4
2071,000817,120,78,x
2072,000818,148,94,
2073,000819,133,85,
2074,00081A,0,00,
2075,00081B,0,00,
2076,00081C,0,00,
2077,00081D,7,07,
2078,00081E,52,34,4
2079,00081F,120,78,x
2080,000820,148,94,
2081,000821,133,85,
2082,000822,128,80,
2083,000823,0,00,
2084,000824,0,00,
2085,000825,7,07,
2086,000826,52,34,4
2087,000827,120,78,x
2088,000828,148,94,
2089,000829,135,87,
2090,00082A,0,00,
2091,00082B,0,00,
2092,00082C,0,00,
2093,00082D,8,08,
2094,00082E,52,34,4
2095,00082F,120,78,x
2096,000830,148,94,
2097,000831,136,88,
2098,000832,0,00,
2099,000833,0,00,
2100,000834,0,00,
2101,000835,9,09,
2102,000836,52,34,4
2103,000837,120,78,x
2104,000838,148,94,
2105,000839,136,88,
2106,00083A,128,80,
2107,00083B,0,00,
2108,00083C,0,00,
2109,00083D,9,09,
2110,00083E,52,34,4
2111,00083F,120,78,x
2112,000840,148,94,
2113,000841,138,8A,
2114,000842,0,00,
2115,000843,0,00,
2116,000844,0,00,
2117,000845,9,09,
2118,000846,52,34,4
2119,000847,120,78,x
2120,000848,148,94,
2121,000849,139,8B,
2122,00084A,0,00,
2123,00084B,0,00,
2124,00084C,0,00,
2125,00084D,10,0A,
2126,00084E,52,34,4
2127,00084F,120,78,x
2128,000850,148,94,
2129,000851,139,8B,
2130,000852,128,80,
2131,000853,0,00,
2132,000854,0,00,
2133,000855,11,0B,
2134,000856,52,34,4
2135,000857,120,78,x
2136,000858,148,94,
2137,000859,141,8D,
2138,00085A,0,00,
2139,00085B,0,00,
2140,00085C,0,00,
2141,00085D,13,0D,
2142,00085E,52,34,4
2143,00085F,120,78,x
2144,000860,148,94,
2145,000861,142,8E,
2146,000862,0,00,
2147,000863,0,00,
2148,000864,0,00,
2149,000865,13,0D,
2150,000866,52,34,4
2151,000867,120,78,x
2152,000868,148,94,
2153,000869,142,8E,
2154,00086A,128,80,
2155,00086B,0,00,
2156,00086C,0,00,
2157,00086D,14,0E,
2158,00086E,52,34,4
2159,00086F,120,78,x
2160,000870,148,94,
2161,000871,144,90,
2162,000872,0,00,
2163,000873,0,00,
2164,000874,0,00,
2165,000875,16,10,
2166,000876,52,34,4
2167,000877,120,78,x
2168,000878,148,94,
2169,000879,145,91,
2170,00087A,0,00,
2171,00087B,0,00,
2172,00087C,0,00,
2173,00087D,17,11,
2174,00087E,52,34,4
2175,00087F,120,78,x
2176,000880,148,94,
2177,000881,146,92,
2178,000882,0,00,
2179,000883,0,00,
2180,000884,0,00,
2181,000885,19,13,
2182,000886,52,34,4
2183,000887,120,78,x
2184,000888,148,94,
2185,000889,147,93,
2186,00088A,0,00,
2187,00088B,0,00,
2188,00088C,0,00,
2189,00088D,22,16,
2190,00088E,52,34,4
2191,00088F,120,78,x
2192,000890,148,94,
2193,000891,148,94,
2194,000892,0,00,
2195,000893,0,00,
2196,000894,0,00,
2197,000895,23,17,
2198,000896,52,34,4
2199,000897,120,78,x
2200,000898,148,94,
2201,000899,149,95,
2202,00089A,0,00,
2203,00089B,0,00,
2204,00089C,0,00,
2205,00089D,24,18,
2206,00089E,52,34,4
2207,00089F,120,78,x
2208,0008A0,148,94,
2209,0008A1,150,96,
2210,0008A2,0,00,
2211,0008A3,0,00,
2212,0008A4,0,00,
2213,0008A5,25,19,
2214,0008A6,52,34,4
2215,0008A7,120,78,x
2216,0008A8,148,94,
2217,0008A9,151,97,
2218,0008AA,0,00,
2219,0008AB,0,00,
2220,0008AC,0,00,
2221,0008AD,25,19,
2222,0008AE,52,34,4
2223,0008AF,120,78,x
2224,0008B0,148,94,
2225,0008B1,152,98,
2226,0008B2,0,00,
2227,0008B3,0,00,
2228,0008B4,0,00,
2229,0008B5,25,19,
2230,0008B6,97,61,a
2231,0008B7,85,55,U
2232,0008B8,170,AA,
2233,0008B9,246,F6,
2234,0008BA,15,0F,
2235,0008BB,0,00,
2236,0008BC,8,08,
2237,0008BD,52,34,4
2238,0008BE,120,78,x
2239,0008BF,148,94,
2240,0008C0,153,99,
2241,0008C1,0,00,
2242,0008C2,0,00,
2243,0008C3,0,00,
2244,0008C4,24,18,
2245,0008C5,52,34,4
2246,0008C6,120,78,x
2247,0008C7,148,94,
2248,0008C8,154,9A,
2249,0008C9,0,00,
2250,0008CA,0,00,
2251,0008CB,0,00,
2252,0008CC,23,17,
2253,0008CD,52,34,4
2254,0008CE,120,78,x
2255,0008CF,148,94,
2256,0008D0,155,9B,
2257,0008D1,0,00,
2258,0008D2,0,00,
2259,0008D3,0,00,
2260,0008D4,23,17,
2261,0008D5,52,34,4
2262,0008D6,120,78,x
2263,0008D7,148,94,
2264,0008D8,156,9C,
2265,0008D9,0,00,
2266,0008DA,0,00,
2267,0008DB,0,00,
2268,0008DC,21,15,
2269,0008DD,52,34,4
2270,0008DE,120,78,x
2271,0008DF,148,94,
2272,0008E0,157,9D,
2273,0008E1,0,00,
2274,0008E2,0,00,
2275,0008E3,0,00,
2276,0008E4,19,13,
2277,0008E5,52,34,4
2278,0008E6,120,78,x
2279,0008E7,148,94,
2280,0008E8,160,A0,
2281,0008E9,0,00,
2282,0008EA,0,00,
2283,0008EB,0,00,
2284,0008EC,17,11,
2285,0008ED,52,34,4
2286,0008EE,120,78,x
2287,0008EF,148,94,
2288,0008F0,161,A1,
2289,0008F1,0,00,
2290,0008F2,0,00,
2291,0008F3,0,00,
2292,0008F4,17,11,
2293,0008F5,52,34,4
2294,0008F6,120,78,x
2295,0008F7,148,94,
2296,0008F8,162,A2,
2297,0008F9,0,00,
2298,0008FA,0,00,
2299,0008FB,0,00,
2300,0008FC,15,0F,
2301,0008FD,52,34,4
2302,0008FE,120,78,x
2303,0008FF,148,94,
2304,000900,163,A3,
2305,000901,0,00,
2306,000902,0,00,
2307,000903,0,00,
2308,000904,14,0E,
2309,000905,52,34,4
2310,000906,120,78,x
2311,000907,148,94,
2312,000908,164,A4,
2313,000909,0,00,
2314,00090A,0,00,
2315,00090B,0,00,
2316,00090C,13,0D,
2317,00090D,52,34,4
2318,00090E,120,78,x
2319,00090F,148,94,
2320,000910,165,A5,
2321,000911,0,00,
2322,000912,0,00,
2323,000913,0,00,
2324,000914,11,0B,
2325,000915,52,34,4
2326,000916,120,78,x
2327,000917,148,94,
2328,000918,166,A6,
2329,000919,0,00,
2330,00091A,0,00,
2331,00091B,0,00,
2332,00091C,10,0A,
2333,00091D,52,34,4
2334,00091E,120,78,x
2335,00091F,148,94,
2336,000920,167,A7,
2337,000921,0,00,
2338,000922,0,00,
2339,000923,0,00,
2340,000924,9,09,
2341,000925,52,34,4
2342,000926,120,78,x
2343,000927,148,94,
2344,000928,168,A8,
2345,000929,0,00,
2346,00092A,0,00,
2347,00092B,0,00,
2348,00092C,8,08,
2349,00092D,52,34,4
2350,00092E,120,78,x
2351,00092F,148,94,
2352,000930,169,A9,
2353,000931,0,00,
2354,000932,0,00,
2355,000933,0,00,
2356,000934,8,08,
2357,000935,52,34,4
2358,000936,120,78,x
2359,000937,148,94,
2360,000938,170,AA,
2361,000939,0,00,
2362,00093A,0,00,
2363,00093B,0,00,
2364,00093C,8,08,
2365,00093D,52,34,4
2366,00093E,120,78,x
2367,00093F,148,94,
2368,000940,171,AB,
2369,000941,0,00,
2370,000942,0,00,
2371,000943,0,00,
2372,000944,9,09,
2373,000945,52,34,4
2374,000946,120,78,x
2375,000947,148,94,
2376,000948,172,AC,
2377,000949,0,00,
2378,00094A,0,00,
2379,00094B,0,00,
2380,00094C,9,09,
2381,00094D,52,34,4
2382,00094E,120,78,x
2383,00094F,148,94,
2384,000950,173,AD,
2385,000951,0,00,
2386,000952,0,00,
2387,000953,0,00,
2388,000954,10,0A,
2389,000955,52,34,4
2390,000956,120,78,x
2391,000957,148,94,
2392,000958,174,AE,
2393,000959,0,00,
2394,00095A,0,00,
2395,00095B,0,00,
2396,00095C,11,0B,
2397,00095D,52,34,4
2398,00095E,120,78,x
2399,00095F,148,94,
2400,000960,175,AF,
2401,000961,0,00,
2402,000962,0,00,
2403,000963,0,00,
2404,000964,13,0D,
2405,000965,52,34,4
2406,000966,120,78,x
2407,000967,148,94,
2408,000968,176,B0,
2409,000969,0,00,
2410,00096A,0,00,
2411,00096B,0,00,
2412,00096C,14,0E,
2413,00096D,52,34,4
2414,00096E,120,78,x
2415,00096F,148,94,
2416,000970,177,B1,
2417,000971,0,00,
2418,000972,0,00,
2419,000973,0,00,
2420,000974,16,10,
2421,000975,52,34,4
2422,000976,120,78,x
2423,000977,148,94,
2424,000978,178,B2,
2425,000979,0,00,
2426,00097A,0,00,
2427,00097B,0,00,
2428,00097C,17,11,
2429,00097D,52,34,4
2430,00097E,120,78,x
2431,00097F,148,94,
2432,000980,179,B3,
2433,000981,0,00,
2434,000982,0,00,
2435,000983,0,00,
2436,000984,16,10,
2437,000985,52,34,4
2438,000986,120,78,x
2439,000987,148,94,
2440,000988,180,B4,
2441,000989,0,00,
2442,00098A,0,00,
2443,00098B,0,00,
2444,00098C,16,10,
2445,00098D,52,34,4
2446,00098E,120,78,x
2447,00098F,148,94,
2448,000990,181,B5,
2449,000991,0,00,
2450,000992,0,00,
2451,000993,0,00,
2452,000994,15,0F,
2453,000995,52,34,4
2454,000996,120,78,x
2455,000997,148,94,
2456,000998,182,B6,
2457,000999,0,00,
2458,00099A,0,00,
2459,00099B,0,00,
2460,00099C,16,10,
2461,00099D,52,34,4
2462,00099E,120,78,x
2463,00099F,148,94,
2464,0009A0,183,B7,
2465,0009A1,0,00,
2466,0009A2,0,00,
2467,0009A3,0,00,
2468,0009A4,16,10,
2469,0009A5,52,34,4
2470,0009A6,120,78,x
2471,0009A7,148,94,
2472,0009A8,184,B8,
2473,0009A9,0,00,
2474,0009AA,0,00,
2475,0009AB,0,00,
2476,0009AC,17,11,
2477,0009AD,189,BD,
2478,0009AE,85,55,U
2479,0009AF,170,AA,
2480,0009B0,246,F6,
2481,0009B1,15,0F,
2482,0009B2,0,00,
2483,0009B3,9,09,
2484,0009B4,52,34,4
2485,0009B5,120,78,x
2486,0009B6,148,94,
2487,0009B7,185,B9,
2488,0009B8,0,00,
2489,0009B9,0,00,
2490,0009BA,0,00,
2491,0009BB,18,12,
2492,0009BC,52,34,4
2493,0009BD,120,78,x
2494,0009BE,148,94,
2495,0009BF,186,BA,
2496,0009C0,0,00,
2497,0009C1,0,00,
2498,0009C2,0,00,
2499,0009C3,19,13,
2500,0009C4,52,34,4
2501,0009C5,120,78,x
2502,0009C6,148,94,
2503,0009C7,187,BB,
2504,0009C8,0,00,
2505,0009C9,0,00,
2506,0009CA,0,00,
2507,0009CB,19,13,
2508,0009CC,52,34,4
2509,0009CD,120,78,x
2510,0009CE,148,94,
2511,0009CF,188,BC,
2512,0009D0,0,00,
2513,0009D1,0,00,
2514,0009D2,0,00,
2515,0009D3,20,14,
2516,0009D4,52,34,4
2517,0009D5,120,78,x
2518,0009D6,148,94,
2519,0009D7,189,BD,
2520,0009D8,0,00,
2521,0009D9,0,00,
2522,0009DA,0,00,
2523,0009DB,22,16,
2524,0009DC,52,34,4
2525,0009DD,120,78,x
2526,0009DE,148,94,
2527,0009DF,192,C0,
2528,0009E0,0,00,
2529,0009E1,0,00,
2530,0009E2,0,00,
2531,0009E3,23,17,
2532,0009E4,52,34,4
2533,0009E5,120,78,x
2534,0009E6,148,94,
2535,0009E7,193,C1,
2536,0009E8,0,00,
2537,0009E9,0,00,
2538,0009EA,0,00,
2539,0009EB,24,18,
2540,0009EC,52,34,4
2541,0009ED,120,78,x
2542,0009EE,148,94,
2543,0009EF,194,C2,
2544,0009F0,0,00,
2545,0009F1,0,00,
2546,0009F2,0,00,
2547,0009F3,23,17,
2548,0009F4,52,34,4
2549,0009F5,120,78,x
2550,0009F6,148,94,
2551,0009F7,195,C3,
2552,0009F8,0,00,
2553,0009F9,0,00,
2554,0009FA,0,00,
2555,0009FB,23,17,
2556,0009FC,52,34,4
2557,0009FD,120,78,x
2558,0009FE,148,94,
2559,0009FF,196,C4,
2560,000A00,0,00,
2561,000A01,0,00,
2562,000A02,0,00,
2563,000A03,21,15,
2564,000A04,52,34,4
2565,000A05,120,78,x
2566,000A06,148,94,
2567,000A07,197,C5,
2568,000A08,0,00,
2569,000A09,0,00,
2570,000A0A,0,00,
2571,000A0B,17,11,
2572,000A0C,52,34,4
2573,000A0D,120,78,x
2574,000A0E,148,94,
2575,000A0F,198,C6,
2576,000A10,0,00,
2577,000A11,0,00,
2578,000A12,0,00,
2579,000A13,16,10,
2580,000A14,52,34,4
2581,000A15,120,78,x
2582,000A16,148,94,
2583,000A17,199,C7,
2584,000A18,0,00,
2585,000A19,0,00,
2586,000A1A,0,00,
2587,000A1B,15,0F,
2588,000A1C,52,34,4
2589,000A1D,120,78,x
2590,000A1E,148,94,
2591,000A1F,200,C8,
2592,000A20,0,00,
2593,000A21,0,00,
2594,000A22,0,00,
2595,000A23,14,0E,
2596,000A24,52,34,4
2597,000A25,120,78,x
2598,000A26,148,94,
2599,000A27,201,C9,
2600,000A28,0,00,
2601,000A29,0,00,
2602,000A2A,0,00,
2603,000A2B,13,0D,
2604,000A2C,52,34,4
2605,000A2D,120,78,x
2606,000A2E,148,94,
2607,000A2F,202,CA,
2608,000A30,0,00,
2609,000A31,0,00,
2610,000A32,0,00,
2611,000A33,13,0D,
2612,000A34,52,34,4
2613,000A35,120,78,x
2614,000A36,148,94,
2615,000A37,203,CB,
2616,000A38,0,00,
2617,000A39,0,00,
2618,000A3A,0,00,
2619,000A3B,12,0C,
2620,000A3C,52,34,4
2621,000A3D,120,78,x
2622,000A3E,148,94,
2623,000A3F,204,CC,
2624,000A40,0,00,
2625,000A41,0,00,
2626,000A42,0,00,
2627,000A43,12,0C,
2628,000A44,52,34,4
2629,000A45,120,78,x
2630,000A46,148,94,
2631,000A47,205,CD,
2632,000A48,0,00,
2633,000A49,0,00,
2634,000A4A,0,00,
2635,000A4B,10,0A,
2636,000A4C,52,34,4
2637,000A4D,120,78,x
2638,000A4E,148,94,
2639,000A4F,206,CE,
2640,000A50,0,00,
2641,000A51,0,00,
2642,000A52,0,00,
2643,000A53,10,0A,
2644,000A54,52,34,4
2645,000A55,120,78,x
2646,000A56,148,94,
2647,000A57,207,CF,
2648,000A58,0,00,
2649,000A59,0,00,
2650,000A5A,0,00,
2651,000A5B,10,0A,
2652,000A5C,52,34,4
2653,000A5D,120,78,x
2654,000A5E,148,94,
2655,000A5F,208,D0,
2656,000A60,0,00,
2657,000A61,0,00,
2658,000A62,0,00,
2659,000A63,9,09,
2660,000A64,52,34,4
2661,000A65,120,78,x
2662,000A66,148,94,
2663,000A67,209,D1,
2664,000A68,0,00,
2665,000A69,0,00,
2666,000A6A,0,00,
2667,000A6B,9,09,
2668,000A6C,52,34,4
2669,000A6D,120,78,x
2670,000A6E,148,94,
2671,000A6F,210,D2,
2672,000A70,0,00,
2673,000A71,0,00,
2674,000A72,0,00,
2675,000A73,8,08,
2676,000A74,52,34,4
2677,000A75,120,78,x
2678,000A76,148,94,
2679,000A77,211,D3,
2680,000A78,0,00,
2681,000A79,0,00,
2682,000A7A,0,00,
2683,000A7B,7,07,
2684,000A7C,52,34,4
2685,000A7D,120,78,x
2686,000A7E,148,94,
2687,000A7F,212,D4,
2688,000A80,0,00,
2689,000A81,0,00,
2690,000A82,0,00,
2691,000A83,6,06,
2692,000A84,52,34,4
2693,000A85,120,78,x
2694,000A86,148,94,
2695,000A87,213,D5,
2696,000A88,0,00,
2697,000A89,0,00,
2698,000A8A,0,00,
2699,000A8B,5,05,
2700,000A8C,52,34,4
2701,000A8D,120,78,x
2702,000A8E,148,94,
2703,000A8F,214,D6,
2704,000A90,0,00,
2705,000A91,0,00,
2706,000A92,0,00,
2707,000A93,5,05,
2708,000A94,52,34,4
2709,000A95,120,78,x
2710,000A96,148,94,
2711,000A97,215,D7,
2712,000A98,0,00,
2713,000A99,0,00,
2714,000A9A,0,00,
2715,000A9B,5,05,
2716,000A9C,52,34,4
2717,000A9D,120,78,x
2718,000A9E,148,94,
2719,000A9F,216,D8,
2720,000AA0,0,00,
2721,000AA1,0,00,
2722,000AA2,0,00,
2723,000AA3,5,05,
2724,000AA4,104,68,h
2725,000AA5,85,55,U
2726,000AA6,170,AA,
2727,000AA7,246,F6,
2728,000AA8,15,0F,
2729,000AA9,0,00,
2730,000AAA,10,0A,
2731,000AAB,52,34,4
2732,000AAC,120,78,x
2733,000AAD,148,94,
2734,000AAE,217,D9,
2735,000AAF,0,00,
2736,000AB0,0,00,
2737,000AB1,0,00,
2738,000AB2,7,07,
2739,000AB3,52,34,4
2740,000AB4,120,78,x
2741,000AB5,148,94,
2742,000AB6,218,DA,
2743,000AB7,0,00,
2744,000AB8,0,00,
2745,000AB9,0,00,
2746,000ABA,9,09,
2747,000ABB,52,34,4
2748,000ABC,120,78,x
2749,000ABD,148,94,
2750,000ABE,219,DB,
2751,000ABF,0,00,
2752,000AC0,0,00,
2753,000AC1,0,00,
2754,000AC2,9,09,
2755,000AC3,52,34,4
2756,000AC4,120,78,x
2757,000AC5,148,94,
2758,000AC6,220,DC,
2759,000AC7,0,00,
2760,000AC8,0,00,
2761,000AC9,0,00,
2762,000ACA,10,0A,
2763,000ACB,52,34,4
2764,000ACC,120,78,x
2765,000ACD,148,94,
2766,000ACE,221,DD,
2767,000ACF,0,00,
2768,000AD0,0,00,
2769,000AD1,0,00,
2770,000AD2,10,0A,
2771,000AD3,52,34,4
2772,000AD4,120,78,x
2773,000AD5,148,94,
2774,000AD6,224,E0,
2775,000AD7,0,00,
2776,000AD8,0,00,
2777,000AD9,0,00,
2778,000ADA,11,0B,
2779,000ADB,52,34,4
2780,000ADC,120,78,x
2781,000ADD,148,94,
2782,000ADE,225,E1,
2783,000ADF,0,00,
2784,000AE0,0,00,
2785,000AE1,0,00,
2786,000AE2,11,0B,
2787,000AE3,52,34,4
2788,000AE4,120,78,x
2789,000AE5,148,94,
2790,000AE6,226,E2,
2791,000AE7,0,00,
2792,000AE8,0,00,
2793,000AE9,0,00,
2794,000AEA,12,0C,
2795,000AEB,52,34,4
2796,000AEC,120,78,x
2797,000AED,148,94,
2798,000AEE,227,E3,
2799,000AEF,0,00,
2800,000AF0,0,00,
2801,000AF1,0,00,
2802,000AF2,12,0C,
2803,000AF3,52,34,4
2804,000AF4,120,78,x
2805,000AF5,148,94,
2806,000AF6,228,E4,
2807,000AF7,0,00,
2808,000AF8,0,00,
2809,000AF9,0,00,
2810,000AFA,12,0C,
2811,000AFB,52,34,4
2812,000AFC,120,78,x
2813,000AFD,148,94,
2814,000AFE,229,E5,
2815,000AFF,0,00,
2816,000B00,0,00,
2817,000B01,0,00,
2818,000B02,12,0C,
2819,000B03,52,34,4
2820,000B04,120,78,x
2821,000B05,148,94,
2822,000B06,230,E6,
2823,000B07,0,00,
2824,000B08,0,00,
2825,000B09,0,00,
2826,000B0A,11,0B,
2827,000B0B,52,34,4
2828,000B0C,120,78,x
2829,000B0D,148,94,
2830,000B0E,231,E7,
2831,000B0F,0,00,
2832,000B10,0,00,
2833,000B11,0,00,
2834,000B12,11,0B,
2835,000B13,52,34,4
2836,000B14,120,78,x
2837,000B15,148,94,
2838,000B16,232,E8,
2839,000B17,0,00,
2840,000B18,0,00,
2841,000B19,0,00,
2842,000B1A,11,0B,
2843,000B1B,52,34,4
2844,000B1C,120,78,x
2845,000B1D,148,94,
2846,000B1E,233,E9,
2847,000B1F,0,00,
2848,000B20,0,00,
2849,000B21,0,00,
2850,000B22,11,0B,
2851,000B23,52,34,4
2852,000B24,120,78,x
2853,000B25,148,94,
2854,000B26,234,EA,
2855,000B27,0,00,
2856,000B28,0,00,
2857,000B29,0,00,
2858,000B2A,11,0B,
2859,000B2B,52,34,4
2860,000B2C,120,78,x
2861,000B2D,148,94,
2862,000B2E,235,EB,
2863,000B2F,0,00,
2864,000B30,0,00,
2865,000B31,0,00,
2866,000B32,11,0B,
2867,000B33,52,34,4
2868,000B34,120,78,x
2869,000B35,148,94,
2870,000B36,236,EC,
2871,000B37,0,00,
2872,000B38,0,00,
2873,000B39,0,00,
2874,000B3A,11,0B,
2875,000B3B,52,34,4
2876,000B3C,120,78,x
2877,000B3D,148,94,
2878,000B3E,237,ED,
2879,000B3F,0,00,
2880,000B40,0,00,
2881,000B41,0,00,
2882,000B42,11,0B,
2883,000B43,52,34,4
2884,000B44,120,78,x
2885,000B45,148,94,
2886,000B46,238,EE,
2887,000B47,0,00,
2888,000B48,0,00,
2889,000B49,0,00,
2890,000B4A,10,0A,
2891,000B4B,52,34,4
2892,000B4C,120,78,x
2893,000B4D,148,94,
2894,000B4E,239,EF,
2895,000B4F,0,00,
2896,000B50,0,00,
2897,000B51,0,00,
2898,000B52,10,0A,
2899,000B53,52,34,4
2900,000B54,120,78,x
2901,000B55,148,94,
2902,000B56,240,F0,
2903,000B57,0,00,
2904,000B58,0,00,
2905,000B59,0,00,
2906,000B5A,10,0A,
2907,000B5B,52,34,4
2908,000B5C,120,78,x
2909,000B5D,148,94,
2910,000B5E,241,F1,
2911,000B5F,0,00,
2912,000B60,0,00,
2913,000B61,0,00,
2914,000B62,9,09,
2915,000B63,52,34,4
2916,000B64,120,78,x
2917,000B65,148,94,
2918,000B66,242,F2,
2919,000B67,0,00,
2920,000B68,0,00,
2921,000B69,0,00,
2922,000B6A,9,09,
2923,000B6B,52,34,4
2924,000B6C,120,78,x
2925,000B6D,148,94,
2926,000B6E,243,F3,
2927,000B6F,0,00,
2928,000B70,0,00,
2929,000B71,0,00,
2930,000B72,9,09,
2931,000B73,52,34,4
2932,000B74,120,78,x
2933,000B75,148,94,
2934,000B76,244,F4,
2935,000B77,0,00,
2936,000B78,0,00,
2937,000B79,0,00,
2938,000B7A,10,0A,
2939,000B7B,52,34,4
2940,000B7C,120,78,x
2941,000B7D,148,94,
2942,000B7E,245,F5,
2943,000B7F,0,00,
2944,000B80,0,00,
2945,000B81,0,00,
2946,000B82,10,0A,
2947,000B83,52,34,4
2948,000B84,120,78,x
2949,000B85,148,94,
2950,000B86,246,F6,
2951,000B87,0,00,
2952,000B88,0,00,
2953,000B89,0,00,
2954,000B8A,11,0B,
2955,000B8B,52,34,4
2956,000B8C,120,78,x
2957,000B8D,148,94,
2958,000B8E,247,F7,
2959,000B8F,0,00,
2960,000B90,0,00,
2961,000B91,0,00,
2962,000B92,11,0B,
2963,000B93,52,34,4
2964,000B94,120,78,x
2965,000B95,148,94,
2966,000B96,248,F8,
2967,000B97,0,00,
2968,000B98,0,00,
2969,000B99,0,00,
2970,000B9A,12,0C,
2971,000B9B,198,C6,
2972,000B9C,85,55,U
2973,000B9D,170,AA,
2974,000B9E,246,F6,
2975,000B9F,15,0F,
2976,000BA0,0,00,
2977,000BA1,11,0B,
2978,000BA2,52,34,4
2979,000BA3,120,78,x
2980,000BA4,148,94,
2981,000BA5,249,F9,
2982,000BA6,0,00,
2983,000BA7,0,00,
2984,000BA8,0,00,
2985,000BA9,13,0D,
2986,000BAA,52,34,4
2987,000BAB,120,78,x
2988,000BAC,148,94,
2989,000BAD,250,FA,
2990,000BAE,0,00,
2991,000BAF,0,00,
2992,000BB0,0,00,
2993,000BB1,15,0F,
2994,000BB2,52,34,4
2995,000BB3,120,78,x
2996,000BB4,148,94,
2997,000BB5,251,FB,
2998,000BB6,0,00,
2999,000BB7,0,00,
3000,000BB8,0,00,
3001,000BB9,18,12,
3002,000BBA,52,34,4
3003,000BBB,120,78,x
3004,000BBC,148,94,
3005,000BBD,252,FC,
3006,000BBE,0,00,
3007,000BBF,0,00,
3008,000BC0,0,00,
3009,000BC1,20,14,
3010,000BC2,52,34,4
3011,000BC3,120,78,x
3012,000BC4,148,94,
3013,000BC5,253,FD,
3014,000BC6,0,00,
3015,000BC7,0,00,
3016,000BC8,0,00,
3017,000BC9,21,15,
3018,000BCA,52,34,4
3019,000BCB,120,78,x
3020,000BCC,149,95,
3021,000BCD,0,00,
3022,000BCE,0,00,
3023,000BCF,0,00,
3024,000BD0,0,00,
3025,000BD1,21,15,
3026,000BD2,52,34,4
3027,000BD3,120,78,x
3028,000BD4,149,95,
3029,000BD5,1,01,
3030,000BD6,0,00,
3031,000BD7,0,00,
3032,000BD8,0,00,
3033,000BD9,20,14,
3034,000BDA,52,34,4
3035,000BDB,120,78,x
3036,000BDC,149,95,
3037,000BDD,2,02,
3038,000BDE,0,00,
3039,000BDF,0,00,
3040,000BE0,0,00,
3041,000BE1,20,14,
3042,000BE2,52,34,4
3043,000BE3,120,78,x
3044,000BE4,149,95,
3045,000BE5,3,03,
3046,000BE6,0,00,
3047,000BE7,0,00,
3048,000BE8,0,00,
3049,000BE9,19,13,
3050,000BEA,52,34,4
3051,000BEB,120,78,x
3052,000BEC,149,95,
3053,000BED,4,04,
3054,000BEE,0,00,
3055,000BEF,0,00,
3056,000BF0,0,00,
3057,000BF1,19,13,
3058,000BF2,52,34,4
3059,000BF3,120,78,x
3060,000BF4,149,95,
3061,000BF5,5,05,
3062,000BF6,0,00,
3063,000BF7,0,00,
3064,000BF8,0,00,
3065,000BF9,17,11,
3066,000BFA,52,34,4
3067,000BFB,120,78,x
3068,000BFC,149,95,
3069,000BFD,6,06,
3070,000BFE,0,00,
3071,000BFF,0,00,
3072,000C00,0,00,
3073,000C01,16,10,
3074,000C02,52,34,4
3075,000C03,120,78,x
3076,000C04,149,95,
3077,000C05,7,07,
3078,000C06,0,00,
3079,000C07,0,00,
3080,000C08,0,00,
3081,000C09,14,0E,
3082,000C0A,52,34,4
3083,000C0B,120,78,x
3084,000C0C,149,95,
3085,000C0D,8,08,
3086,000C0E,0,00,
3087,000C0F,0,00,
3088,000C10,0,00,
3089,000C11,12,0C,
3090,000C12,52,34,4
3091,000C13,120,78,x
3092,000C14,149,95,
3093,000C15,9,09,
3094,000C16,0,00,
3095,000C17,0,00,
3096,000C18,0,00,
3097,000C19,10,0A,
3098,000C1A,52,34,4
3099,000C1B,120,78,x
3100,000C1C,149,95,
3101,000C1D,10,0A,
3102,000C1E,0,00,
3103,000C1F,0,00,
3104,000C20,0,00,
3105,000C21,10,0A,
3106,000C22,52,34,4
3107,000C23,120,78,x
3108,000C24,149,95,
3109,000C25,11,0B,
3110,000C26,0,00,
3111,000C27,0,00,
3112,000C28,0,00,
3113,000C29,10,0A,
3114,000C2A,52,34,4
3115,000C2B,120,78,x
3116,000C2C,149,95,
3117,000C2D,12,0C,
3118,000C2E,0,00,
3119,000C2F,0,00,
3120,000C30,0,00,
3121,000C31,10,0A,
3122,000C32,52,34,4
3123,000C33,120,78,x
3124,000C34,149,95,
3125,000C35,13,0D,
3126,000C36,0,00,
3127,000C37,0,00,
3128,000C38,0,00,
3129,000C39,10,0A,
3130,000C3A,52,34,4
3131,000C3B,120,78,x
3132,000C3C,149,95,
3133,000C3D,14,0E,
3134,000C3E,0,00,
3135,000C3F,0,00,
3136,000C40,0,00,
3137,000C41,10,0A,
3138,000C42,52,34,4
3139,000C43,120,78,x
3140,000C44,149,95,
3141,000C45,15,0F,
3142,000C46,0,00,
3143,000C47,0,00,
3144,000C48,0,00,
3145,000C49,9,09,
3146,000C4A,52,34,4
3147,000C4B,120,78,x
3148,000C4C,149,95,
3149,000C4D,16,10,
3150,000C4E,0,00,
3151,000C4F,0,00,
3152,000C50,0,00,
3153,000C51,9,09,
3154,000C52,52,34,4
3155,000C53,120,78,x
3156,000C54,149,95,
3157,000C55,17,11,
3158,000C56,0,00,
3159,000C57,0,00,
3160,000C58,0,00,
3161,000C59,9,09,
3162,000C5A,52,34,4
3163,000C5B,120,78,x
3164,000C5C,149,95,
3165,000C5D,18,12,
3166,000C5E,0,00,
3167,000C5F,0,00,
3168,000C60,0,00,
3169,000C61,10,0A,
3170,000C62,52,34,4
3171,000C63,120,78,x
3172,000C64,149,95,
3173,000C65,19,13,
3174,000C66,0,00,
3175,000C67,0,00,
3176,000C68,0,00,
3177,000C69,11,0B,
3178,000C6A,52,34,4
3179,000C6B,120,78,x
3180,000C6C,149,95,
3181,000C6D,20,14,
3182,000C6E,0,00,
3183,000C6F,0,00,
3184,000C70,0,00,
3185,000C71,10,0A,
3186,000C72,52,34,4
3187,000C73,120,78,x
3188,000C74,149,95,
3189,000C75,21,15,
3190,000C76,0,00,
3191,000C77,0,00,
3192,000C78,0,00,
3193,000C79,10,0A,
3194,000C7A,52,34,4
3195,000C7B,120,78,x
3196,000C7C,149,95,
3197,000C7D,22,16,
3198,000C7E,0,00,
3199,000C7F,0,00,
3200,000C80,0,00,
3201,000C81,10,0A,
3202,000C82,52,34,4
3203,000C83,120,78,x
3204,000C84,149,95,
3205,000C85,23,17,
3206,000C86,0,00,
3207,000C87,0,00,
3208,000C88,0,00,
3209,000C89,10,0A,
3210,000C8A,52,34,4
3211,000C8B,120,78,x
3212,000C8C,149,95,
3213,000C8D,24,18,
3214,000C8E,0,00,
3215,000C8F,0,00,
3216,000C90,0,00,
3217,000C91,10,0A,
3218,000C92,249,F9,
3219,000C93,85,55,U
3220,000C94,170,AA,
3221,000C95,246,F6,
3222,000C96,15,0F,
3223,000C97,0,00,
3224,000C98,12,0C,
3225,000C99,52,34,4
3226,000C9A,120,78,x
3227,000C9B,149,95,
3228,000C9C,25,19,
3229,000C9D,0,00,
3230,000C9E,0,00,
3231,000C9F,0,00,
3232,000CA0,11,0B,
3233,000CA1,52,34,4
3234,000CA2,120,78,x
3235,000CA3,149,95,
3236,000CA4,26,1A,
3237,000CA5,0,00,
3238,000CA6,0,00,
3239,000CA7,0,00,
3240,000CA8,11,0B,
3241,000CA9,52,34,4
3242,000CAA,120,78,x
3243,000CAB,149,95,
3244,000CAC,27,1B,
3245,000CAD,0,00,
3246,000CAE,0,00,
3247,000CAF,0,00,
3248,000CB0,11,0B,
3249,000CB1,52,34,4
3250,000CB2,120,78,x
3251,000CB3,149,95,
3252,000CB4,28,1C,
3253,000CB5,0,00,
3254,000CB6,0,00,
3255,000CB7,0,00,
3256,000CB8,10,0A,
3257,000CB9,52,34,4
3258,000CBA,120,78,x
3259,000CBB,149,95,
3260,000CBC,29,1D,
3261,000CBD,0,00,
3262,000CBE,0,00,
3263,000CBF,0,00,
3264,000CC0,10,0A,
3265,000CC1,52,34,4
3266,000CC2,120,78,x
3267,000CC3,149,95,
3268,000CC4,32,20, 
3269,000CC5,0,00,
3270,000CC6,0,00,
3271,000CC7,0,00,
3272,000CC8,11,0B,
3273,000CC9,52,34,4
3274,000CCA,120,78,x
3275,000CCB,149,95,
3276,000CCC,33,21,!
3277,000CCD,0,00,
3278,000CCE,0,00,
3279,000CCF,0,00,
3280,000CD0,12,0C,
3281,000CD1,52,34,4
3282,000CD2,120,78,x
3283,000CD3,149,95,
3284,000CD4,34,22,"
3285,000CD5,0,00,
3286,000CD6,0,00,
3287,000CD7,0,00,
3288,000CD8,13,0D,
3289,000CD9,52,34,4
3290,000CDA,120,78,x
3291,000CDB,149,95,
3292,000CDC,35,23,#
3293,000CDD,0,00,
3294,000CDE,0,00,
3295,000CDF,0,00,
3296,000CE0,15,0F,
3297,000CE1,52,34,4
3298,000CE2,120,78,x
3299,000CE3,149,95,
3300,000CE4,36,24,$
3301,000CE5,0,00,
3302,000CE6,0,00,
3303,000CE7,0,00,
3304,000CE8,16,10,
3305,000CE9,52,34,4
3306,000CEA,120,78,x
3307,000CEB,149,95,
3308,000CEC,37,25,%
3309,000CED,0,00,
3310,000CEE,0,00,
3311,000CEF,0,00,
3312,000CF0,16,10,
3313,000CF1,52,34,4
3314,000CF2,120,78,x
3315,000CF3,149,95,
3316,000CF4,38,26,&
3317,000CF5,0,00,
3318,000CF6,0,00,
3319,000CF7,0,00,
3320,000CF8,15,0F,
3321,000CF9,52,34,4
3322,000CFA,120,78,x
3323,000CFB,149,95,
3324,000CFC,39,27,'
3325,000CFD,0,00,
3326,000CFE,0,00,
3327,000CFF,0,00,
3328,000D00,15,0F,
3329,000D01,52,34,4
3330,000D02,120,78,x
3331,000D03,149,95,
3332,000D04,40,28,(
3333,000D05,0,00,
3334,000D06,0,00,
3335,000D07,0,00,
3336,000D08,15,0F,
3337,000D09,52,34,4
3338,000D0A,120,78,x
3339,000D0B,149,95,
3340,000D0C,41,29,)
3341,000D0D,0,00,
3342,000D0E,0,00,
3343,000D0F,0,00,
3344,000D10,15,0F,
3345,000D11,52,34,4
3346,000D12,120,78,x
3347,000D13,149,95,
3348,000D14,42,2A,*
3349,000D15,0,00,
3350,000D16,0,00,
3351,000D17,0,00,
3352,000D18,15,0F,
3353,000D19,52,34,4
3354,000D1A,120,78,x
3355,000D1B,149,95,
3356,000D1C,43,2B,+
3357,000D1D,0,00,
3358,000D1E,0,00,
3359,000D1F,0,00,
3360,000D20,15,0F,
3361,000D21,52,34,4
3362,000D22,120,78,x
3363,000D23,149,95,
3364,000D24,44,2C,,
3365,000D25,0,00,
3366,000D26,0,00,
3367,000D27,0,00,
3368,000D28,15,0F,
3369,000D29,52,34,4
3370,000D2A,120,78,x
3371,000D2B,149,95,
3372,000D2C,45,2D,-
3373,000D2D,0,00,
3374,000D2E,0,00,
3375,000D2F,0,00,
3376,000D30,14,0E,
3377,000D31,52,34,4
3378,000D32,120,78,x
3379,000D33,149,95,
3380,000D34,46,2E,.
3381,000D35,0,00,
3382,000D36,0,00,
3383,000D37,0,00,
3384,000D38,14,0E,
3385,000D39,52,34,4
3386,000D3A,120,78,x
3387,000D3B,149,95,
3388,000D3C,47,2F,/
3389,000D3D,0,00,
3390,000D3E,0,00,
3391,000D3F,0,00,
3392,000D40,15,0F,
3393,000D41,52,34,4
3394,000D42,120,78,x
3395,000D43,149,95,
3396,000D44,48,30,0
3397,000D45,0,00,
3398,000D46,0,00,
3399,000D47,0,00,
3400,000D48,15,0F,
3401,000D49,52,34,4
3402,000D4A,120,78,x
3403,000D4B,149,95,
3404,000D4C,49,31,1
3405,000D4D,0,00,
3406,000D4E,0,00,
3407,000D4F,0,00,
3408,000D50,16,10,
3409,000D51,52,34,4
3410,000D52,120,78,x
3411,000D53,149,95,
3412,000D54,50,32,2
3413,000D55,0,00,
3414,000D56,0,00,
3415,000D57,0,00,
3416,000D58,17,11,
3417,000D59,52,34,4
3418,000D5A,120,78,x
3419,000D5B,149,95,
3420,000D5C,51,33,3
3421,000D5D,0,00,
3422,000D5E,0,00,
3423,000D5F,0,00,
3424,000D60,19,13,
3425,000D61,52,34,4
3426,000D62,120,78,x
3427,000D63,149,95,
3428,000D64,52,34,4
3429,000D65,0,00,
3430,000D66,0,00,
3431,000D67,0,00,
3432,000D68,19,13,
3433,000D69,52,34,4
3434,000D6A,120,78,x
3435,000D6B,149,95,
3436,000D6C,53,35,5
3437,000D6D,0,00,
3438,000D6E,0,00,
3439,000D6F,0,00,
3440,000D70,19,13,
3441,000D71,52,34,4
3442,000D72,120,78,x
3443,000D73,149,95,
3444,000D74,54,36,6
3445,000D75,0,00,
3446,000D76,0,00,
3447,000D77,0,00,
3448,000D78,17,11,
3449,000D79,52,34,4
3450,000D7A,120,78,x
3451,000D7B,149,95,
3452,000D7C,55,37,7
3453,000D7D,0,00,
3454,000D7E,0,00,
3455,000D7F,0,00,
3456,000D80,16,10,
3457,000D81,52,34,4
3458,000D82,120,78,x
3459,000D83,149,95,
3460,000D84,56,38,8
3461,000D85,0,00,
3462,000D86,0,00,
3463,000D87,0,00,
3464,000D88,14,0E,
3465,000D89,224,E0,
3466,000D8A,85,55,U
3467,000D8B,170,AA,
3468,000D8C,246,F6,
3469,000D8D,15,0F,
3470,000D8E,0,00,
3471,000D8F,13,0D,
3472,000D90,52,34,4
3473,000D91,120,78,x
3474,000D92,149,95,
3475,000D93,57,39,9
3476,000D94,0,00,
3477,000D95,0,00,
3478,000D96,0,00,
3479,000D97,13,0D,
3480,000D98,52,34,4
3481,000D99,120,78,x
3482,000D9A,149,95,
3483,000D9B,58,3A,:
3484,000D9C,0,00,
3485,000D9D,0,00,
3486,000D9E,0,00,
3487,000D9F,13,0D,
3488,000DA0,52,34,4
3489,000DA1,120,78,x
3490,000DA2,149,95,
3491,000DA3,59,3B,;
3492,000DA4,0,00,
3493,000DA5,0,00,
3494,000DA6,0,00,
3495,000DA7,12,0C,
3496,000DA8,52,34,4
3497,000DA9,120,78,x
3498,000DAA,149,95,
3499,000DAB,60,3C,<
3500,000DAC,0,00,
3501,000DAD,0,00,
3502,000DAE,0,00,
3503,000DAF,11,0B,
3504,000DB0,52,34,4
3505,000DB1,120,78,x
3506,000DB2,149,95,
3507,000DB3,61,3D,=
3508,000DB4,0,00,
3509,000DB5,0,00,
3510,000DB6,0,00,
3511,000DB7,10,0A,
3512,000DB8,52,34,4
3513,000DB9,120,78,x
3514,000DBA,149,95,
3515,000DBB,64,40,@
3516,000DBC,0,00,
3517,000DBD,0,00,
3518,000DBE,0,00,
3519,000DBF,9,09,
3520,000DC0,52,34,4
3521,000DC1,120,78,x
3522,000DC2,149,95,
3523,000DC3,65,41,A
3524,000DC4,0,00,
3525,000DC5,0,00,
3526,000DC6,0,00,
3527,000DC7,10,0A,
3528,000DC8,52,34,4
3529,000DC9,120,78,x
3530,000DCA,149,95,
3531,000DCB,66,42,B
3532,000DCC,0,00,
3533,000DCD,0,00,
3534,000DCE,0,00,
3535,000DCF,11,0B,
3536,000DD0,52,34,4
3537,000DD1,120,78,x
3538,000DD2,149,95,
3539,000DD3,67,43,C
3540,000DD4,0,00,
3541,000DD5,0,00,
3542,000DD6,0,00,
3543,000DD7,13,0D,
3544,000DD8,52,34,4
3545,000DD9,120,78,x
3546,000DDA,149,95,
3547,000DDB,68,44,D
3548,000DDC,0,00,
3549,000DDD,0,00,
3550,000DDE,0,00,
3551,000DDF,15,0F,
3552,000DE0,52,34,4
3553,000DE1,120,78,x
3554,000DE2,149,95,
3555,000DE3,69,45,E
3556,000DE4,0,00,
3557,000DE5,0,00,
3558,000DE6,0,00,
3559,000DE7,16,10,
3560,000DE8,52,34,4
3561,000DE9,120,78,x
3562,000DEA,149,95,
3563,000DEB,70,46,F
3564,000DEC,0,00,
3565,000DED,0,00,
3566,000DEE,0,00,
3567,000DEF,17,11,
3568,000DF0,52,34,4
3569,000DF1,120,78,x
3570,000DF2,149,95,
3571,000DF3,71,47,G
3572,000DF4,0,00,
3573,000DF5,0,00,
3574,000DF6,0,00,
3575,000DF7,17,11,
3576,000DF8,52,34,4
3577,000DF9,120,78,x
3578,000DFA,149,95,
3579,000DFB,72,48,H
3580,000DFC,0,00,
3581,000DFD,0,00,
3582,000DFE,0,00,
3583,000DFF,18,12,
3584,000E00,52,34,4
3585,000E01,120,78,x
3586,000E02,149,95,
3587,000E03,73,49,I
3588,000E04,0,00,
3589,000E05,0,00,
3590,000E06,0,00,
3591,000E07,18,12,
3592,000E08,52,34,4
3593,000E09,120,78,x
3594,000E0A,149,95,
3595,000E0B,74,4A,J
3596,000E0C,0,00,
3597,000E0D,0,00,
3598,000E0E,0,00,
3599,000E0F,18,12,
3600,000E10,52,34,4
3601,000E11,120,78,x
3602,000E12,149,95,
3603,000E13,75,4B,K
3604,000E14,0,00,
3605,000E15,0,00,
3606,000E16,0,00,
3607,000E17,18,12,
3608,000E18,52,34,4
3609,000E19,120,78,x
3610,000E1A,149,95,
3611,000E1B,76,4C,L
3612,000E1C,0,00,
3613,000E1D,0,00,
3614,000E1E,0,00,
3615,000E1F,18,12,
3616,000E20,52,34,4
3617,000E21,120,78,x
3618,000E22,149,95,
3619,000E23,77,4D,M
3620,000E24,0,00,
3621,000E25,0,00,
3622,000E26,0,00,
3623,000E27,17,11,
3624,000E28,52,34,4
3625,000E29,120,78,x
3626,000E2A,149,95,
3627,000E2B,78,4E,N
3628,000E2C,0,00,
3629,000E2D,0,00,
3630,000E2E,0,00,
3631,000E2F,16,10,
3632,000E30,52,34,4
3633,000E31,120,78,x
3634,000E32,149,95,
3635,000E33,79,4F,O
3636,000E34,0,00,
3637,000E35,0,00,
3638,000E36,0,00,
3639,000E37,14,0E,
3640,000E38,52,34,4
3641,000E39,120,78,x
3642,000E3A,149,95,
3643,000E3B,80,50,P
3644,000E3C,0,00,
3645,000E3D,0,00,
3646,000E3E,0,00,
3647,000E3F,13,0D,
3648,000E40,52,34,4
3649,000E41,120,78,x
3650,000E42,149,95,
3651,000E43,81,51,Q
3652,000E44,0,00,
3653,000E45,0,00,
3654,000E46,0,00,
3655,000E47,12,0C,
3656,000E48,52,34,4
3657,000E49,120,78,x
3658,000E4A,149,95,
3659,000E4B,82,52,R
3660,000E4C,0,00,
3661,000E4D,0,00,
3662,000E4E,0,00,
3663,000E4F,11,0B,
3664,000E50,52,34,4
3665,000E51,120,78,x
3666,000E52,149,95,
3667,000E53,83,53,S
3668,000E54,0,00,
3669,000E55,0,00,
3670,000E56,0,00,
3671,000E57,11,0B,
3672,000E58,52,34,4
3673,000E59,120,78,x
3674,000E5A,149,95,
3675,000E5B,84,54,T
3676,000E5C,0,00,
3677,000E5D,0,00,
3678,000E5E,0,00,
3679,000E5F,11,0B,
3680,000E60,52,34,4
3681,000E61,120,78,x
3682,000E62,149,95,
3683,000E63,85,55,U
3684,000E64,0,00,
3685,000E65,0,00,
3686,000E66,0,00,
3687,000E67,11,0B,
3688,000E68,52,34,4
3689,000E69,120,78,x
3690,000E6A,149,95,
3691,000E6B,86,56,V
3692,000E6C,0,00,
3693,000E6D,0,00,
3694,000E6E,0,00,
3695,000E6F,12,0C,
3696,000E70,52,34,4
3697,000E71,120,78,x
3698,000E72,149,95,
3699,000E73,87,57,W
3700,000E74,0,00,
3701,000E75,0,00,
3702,000E76,0,00,
3703,000E77,12,0C,
3704,000E78,52,34,4
3705,000E79,120,78,x
3706,000E7A,149,95,
3707,000E7B,88,58,X
3708,000E7C,0,00,
3709,000E7D,0,00,
3710,000E7E,0,00,
3711,000E7F,12,0C,
3712,000E80,134,86,
3713,000E81,85,55,U
3714,000E82,170,AA,
3715,000E83,246,F6,
3716,000E84,15,0F,
3717,000E85,0,00,
3718,000E86,14,0E,
3719,000E87,52,34,4
3720,000E88,120,78,x
3721,000E89,149,95,
3722,000E8A,89,59,Y
3723,000E8B,0,00,
3724,000E8C,0,00,
3725,000E8D,0,00,
3726,000E8E,14,0E,
3727,000E8F,52,34,4
3728,000E90,120,78,x
3729,000E91,149,95,
3730,000E92,90,5A,Z
3731,000E93,0,00,
3732,000E94,0,00,
3733,000E95,0,00,
3734,000E96,16,10,
3735,000E97,52,34,4
3736,000E98,120,78,x
3737,000E99,149,95,
3738,000E9A,91,5B,[
3739,000E9B,0,00,
3740,000E9C,0,00,
3741,000E9D,0,00,
3742,000E9E,19,13,
3743,000E9F,52,34,4
3744,000EA0,120,78,x
3745,000EA1,149,95,
3746,000EA2,92,5C,\
3747,000EA3,0,00,
3748,000EA4,0,00,
3749,000EA5,0,00,
3750,000EA6,20,14,
3751,000EA7,52,34,4
3752,000EA8,120,78,x
3753,000EA9,149,95,
3754,000EAA,93,5D,]
3755,000EAB,0,00,
3756,000EAC,0,00,
3757,000EAD,0,00,
3758,000EAE,22,16,
3759,000EAF,52,34,4
3760,000EB0,120,78,x
3761,000EB1,149,95,
3762,000EB2,96,60,`
3763,000EB3,0,00,
3764,000EB4,0,00,
3765,000EB5,0,00,
3766,000EB6,23,17,
3767,000EB7,52,34,4
3768,000EB8,120,78,x
3769,000EB9,149,95,
3770,000EBA,97,61,a
3771,000EBB,0,00,
3772,000EBC,0,00,
3773,000EBD,0,00,
3774,000EBE,23,17,
3775,000EBF,52,34,4
3776,000EC0,120,78,x
3777,000EC1,149,95,
3778,000EC2,98,62,b
3779,000EC3,0,00,
3780,000EC4,0,00,
3781,000EC5,0,00,
3782,000EC6,23,17,
3783,000EC7,52,34,4
3784,000EC8,120,78,x
3785,000EC9,149,95,
3786,000ECA,99,63,c
3787,000ECB,0,00,
3788,000ECC,0,00,
3789,000ECD,0,00,
3790,000ECE,24,18,
3791,000ECF,52,34,4
3792,000ED0,120,78,x
3793,000ED1,149,95,
3794,000ED2,100,64,d
3795,000ED3,0,00,
3796,000ED4,0,00,
3797,000ED5,0,00,
3798,000ED6,24,18,
3799,000ED7,52,34,4
3800,000ED8,120,78,x
3801,000ED9,149,95,
3802,000EDA,101,65,e
3803,000EDB,0,00,
3804,000EDC,0,00,
3805,000EDD,0,00,
3806,000EDE,23,17,
3807,000EDF,52,34,4
3808,000EE0,120,78,x
3809,000EE1,149,95,
3810,000EE2,102,66,f
3811,000EE3,0,00,
3812,000EE4,0,00,
3813,000EE5,0,00,
3814,000EE6,20,14,
3815,000EE7,52,34,4
3816,000EE8,120,78,x
3817,000EE9,149,95,
3818,000EEA,103,67,g
3819,000EEB,0,00,
3820,000EEC,0,00,
3821,000EED,0,00,
3822,000EEE,18,12,
3823,000EEF,52,34,4
3824,000EF0,120,78,x
3825,000EF1,149,95,
3826,000EF2,104,68,h
3827,000EF3,0,00,
3828,000EF4,0,00,
3829,000EF5,0,00,
3830,000EF6,16,10,
3831,000EF7,52,34,4
3832,000EF8,120,78,x
3833,000EF9,149,95,
3834,000EFA,105,69,i
3835,000EFB,0,00,
3836,000EFC,0,00,
3837,000EFD,0,00,
3838,000EFE,15,0F,
3839,000EFF,52,34,4
3840,000F00,120,78,x
3841,000F01,149,95,
3842,000F02,106,6A,j
3843,000F03,0,00,
3844,000F04,0,00,
3845,000F05,0,00,
3846,000F06,14,0E,
3847,000F07,52,34,4
3848,000F08,120,78,x
3849,000F09,149,95,
3850,000F0A,107,6B,k
3851,000F0B,0,00,
3852,000F0C,0,00,
3853,000F0D,0,00,
3854,000F0E,13,0D,
3855,000F0F,52,34,4
3856,000F10,120,78,x
3857,000F11,149,95,
3858,000F12,108,6C,l
3859,000F13,0,00,
3860,000F14,0,00,
3861,000F15,0,00,
3862,000F16,12,0C,
3863,000F17,52,34,4
3864,000F18,120,78,x
3865,000F19,149,95,
3866,000F1A,109,6D,m
3867,000F1B,0,00,
3868,000F1C,0,00,
3869,000F1D,0,00,
3870,000F1E,11,0B,
3871,000F1F,52,34,4
3872,000F20,120,78,x
3873,000F21,149,95,
3874,000F22,110,6E,n
3875,000F23,0,00,
3876,000F24,0,00,
3877,000F25,0,00,
3878,000F26,11,0B,
3879,000F27,52,34,4
3880,000F28,120,78,x
3881,000F29,149,95,
3882,000F2A,111,6F,o
3883,000F2B,0,00,
3884,000F2C,0,00,
3885,000F2D,0,00,
3886,000F2E,11,0B,
3887,000F2F,52,34,4
3888,000F30,120,78,x
3889,000F31,149,95,
3890,000F32,112,70,p
3891,000F33,0,00,
3892,000F34,0,00,
3893,000F35,0,00,
3894,000F36,11,0B,
3895,000F37,52,34,4
3896,000F38,120,78,x
3897,000F39,149,95,
3898,000F3A,113,71,q
3899,000F3B,0,00,
3900,000F3C,0,00,
3901,000F3D,0,00,
3902,000F3E,11,0B,
3903,000F3F,52,34,4
3904,000F40,120,78,x
3905,000F41,149,95,
3906,000F42,114,72,r
3907,000F43,0,00,
3908,000F44,0,00,
3909,000F45,0,00,
3910,000F46,11,0B,
3911,000F47,52,34,4
3912,000F48,120,78,x
3913,000F49,149,95,
3914,000F4A,115,73,s
3915,000F4B,0,00,
3916,000F4C,0,00,
3917,000F4D,0,00,
3918,000F4E,9,09,
3919,000F4F,52,34,4
3920,000F50,120,78,x
3921,000F51,149,95,
3922,000F52,116,74,t
3923,000F53,0,00,
3924,000F54,0,00,
3925,000F55,0,00,
3926,000F56,8,08,
3927,000F57,52,34,4
3928,000F58,120,78,x
3929,000F59,149,95,
3930,000F5A,117,75,u
3931,000F5B,0,00,
3932,000F5C,0,00,
3933,000F5D,0,00,
3934,000F5E,7,07,
3935,000F5F,52,34,4
3936,000F60,120,78,x
3937,000F61,149,95,
3938,000F62,118,76,v
3939,000F63,0,00,
3940,000F64,0,00,
3941,000F65,0,00,
3942,000F66,5,05,
3943,000F67,52,34,4
3944,000F68,120,78,x
3945,000F69,149,95,
3946,000F6A,119,77,w
3947,000F6B,0,00,
3948,000F6C,0,00,
3949,000F6D,0,00,
3950,000F6E,5,05,
3951,000F6F,52,34,4
3952,000F70,120,78,x
3953,000F71,149,95,
3954,000F72,120,78,x
3955,000F73,0,00,
3956,000F74,0,00,
3957,000F75,0,00,
3958,000F76,4,04,
3959,000F77,105,69,i
3960,000F78,85,55,U
3961,000F79,170,AA,
3962,000F7A,246,F6,
3963,000F7B,15,0F,
3964,000F7C,0,00,
3965,000F7D,15,0F,
3966,000F7E,52,34,4
3967,000F7F,120,78,x
3968,000F80,149,95,
3969,000F81,121,79,y
3970,000F82,0,00,
3971,000F83,0,00,
3972,000F84,0,00,
3973,000F85,4,04,
3974,000F86,52,34,4
3975,000F87,120,78,x
3976,000F88,149,95,
3977,000F89,122,7A,z
3978,000F8A,0,00,
3979,000F8B,0,00,
3980,000F8C,0,00,
3981,000F8D,4,04,
3982,000F8E,52,34,4
3983,000F8F,120,78,x
3984,000F90,149,95,
3985,000F91,123,7B,{
3986,000F92,0,00,
3987,000F93,0,00,
3988,000F94,0,00,
3989,000F95,5,05,
3990,000F96,52,34,4
3991,000F97,120,78,x
3992,000F98,149,95,
3993,000F99,124,7C,|
3994,000F9A,0,00,
3995,000F9B,0,00,
3996,000F9C,0,00,
3997,000F9D,5,05,
3998,000F9E,52,34,4
3999,000F9F,120,78,x
4000,000FA0,149,95,
4001,000FA1,125,7D,}
4002,000FA2,0,00,
4003,000FA3,0,00,
4004,000FA4,0,00,
4005,000FA5,7,07,
4006,000FA6,52,34,4
4007,000FA7,120,78,x
4008,000FA8,149,95,
4009,000FA9,128,80,
4010,000FAA,0,00,
4011,000FAB,0,00,
4012,000FAC,0,00,
4013,000FAD,9,09,
4014,000FAE,52,34,4
4015,000FAF,120,78,x
4016,000FB0,149,95,
4017,000FB1,129,81,
4018,000FB2,0,00,
4019,000FB3,0,00,
4020,000FB4,0,00,
4021,000FB5,9,09,
4022,000FB6,52,34,4
4023,000FB7,120,78,x
4024,000FB8,149,95,
4025,000FB9,130,82,
4026,000FBA,0,00,
4027,000FBB,0,00,
4028,000FBC,0,00,
4029,000FBD,11,0B,
4030,000FBE,52,34,4
4031,000FBF,120,78,x
4032,000FC0,149,95,
4033,000FC1,131,83,
4034,000FC2,0,00,
4035,000FC3,0,00,
4036,000FC4,0,00,
4037,000FC5,12,0C,
4038,000FC6,52,34,4
4039,000FC7,120,78,x
4040,000FC8,149,95,
4041,000FC9,132,84,
4042,000FCA,0,00,
4043,000FCB,0,00,
4044,000FCC,0,00,
4045,000FCD,13,0D,
4046,000FCE,52,34,4
4047,000FCF,120,78,x
4048,000FD0,149,95,
4049,000FD1,133,85,
4050,000FD2,0,00,
4051,000FD3,0,00,
4052,000FD4,0,00,
4053,000FD5,13,0D,
4054,000FD6,52,34,4
4055,000FD7,120,78,x
4056,000FD8,149,95,
4057,000FD9,134,86,
4058,000FDA,0,00,
4059,000FDB,0,00,
4060,000FDC,0,00,
4061,000FDD,13,0D,
4062,000FDE,52,34,4
4063,000FDF,120,78,x
4064,000FE0,149,95,
4065,000FE1,135,87,
4066,000FE2,0,00,
4067,000FE3,0,00,
4068,000FE4,0,00,
4069,000FE5,13,0D,
4070,000FE6,52,34,4
4071,000FE7,120,78,x
4072,000FE8,149,95,
4073,000FE9,136,88,
4074,000FEA,0,00,
4075,000FEB,0,00,
4076,000FEC,0,00,
4077,000FED,13,0D,
4078,000FEE,52,34,4
4079,000FEF,120,78,x
4080,000FF0,149,95,
4081,000FF1,137,89,
4082,000FF2,0,00,
4083,000FF3,0,00,
4084,000FF4,0,00,
4085,000FF5,13,0D,
4086,000FF6,52,34,4
4087,000FF7,120,78,x
4088,000FF8,149,95,
4089,000FF9,138,8A,
4090,000FFA,0,00,
4091,000FFB,0,00,
4092,000FFC,0,00,
4093,000FFD,13,0D,
4094,000FFE,52,34,4
4095,000FFF,120,78,x
4096,001000,149,95,
4097,001001,139,8B,
4098,001002,0,00,
4099,001003,0,00,
4100,001004,0,00,
4101,001005,14,0E,
4102,001006,52,34,4
4103,001007,120,78,x
4104,001008,149,95,
4105,001009,140,8C,
4106,00100A,0,00,
4107,00100B,0,00,
4108,00100C,0,00,
4109,00100D,14,0E,
4110,00100E,52,34,4
4111,00100F,120,78,x
4112,001010,149,95,
4113,001011,141,8D,
4114,001012,0,00,
4115,001013,0,00,
4116,001014,0,00,
4117,001015,14,0E,
4118,001016,52,34,4
4119,001017,120,78,x
4120,001018,149,95,
4121,001019,142,8E,
4122,00101A,0,00,
4123,00101B,0,00,
4124,00101C,0,00,
4125,00101D,14,0E,
4126,00101E,52,34,4
4127,00101F,120,78,x
4128,001020,149,95,
4129,001021,143,8F,
4130,001022,0,00,
4131,001023,0,00,
4132,001024,0,00,
4133,001025,15,0F,
4134,001026,52,34,4
4135,001027,120,78,x
4136,001028,149,95,
4137,001029,144,90,
4138,00102A,0,00,
4139,00102B,0,00,
4140,00102C,0,00,
4141,00102D,15,0F,
4142,00102E,52,34,4
4143,00102F,120,78,x
4144,001030,149,95,
4145,001031,145,91,
4146,001032,0,00,
4147,001033,0,00,
4148,001034,0,00,
4149,001035,14,0E,
4150,001036,52,34,4
4151,001037,120,78,x
4152,001038,149,95,
4153,001039,146,92,
4154,00103A,0,00,
4155,00103B,0,00,
4156,00103C,0,00,
4157,00103D,14,0E,
4158,00103E,52,34,4
4159,00103F,120,78,x
4160,001040,149,95,
4161,001041,147,93,
4162,001042,0,00,
4163,001043,0,00,
4164,001044,0,00,
4165,001045,13,0D,
4166,001046,52,34,4
4167,001047,120,78,x
4168,001048,149,95,
4169,001049,148,94,
4170,00104A,0,00,
4171,00104B,0,00,
4172,00104C,0,00,
4173,00104D,11,0B,
4174,00104E,52,34,4
4175,00104F,120,78,x
4176,001050,149,95,
4177,001051,149,95,
4178,001052,0,00,
4179,001053,0,00,
4180,001054,0,00,
4181,001055,10,0A,
4182,001056,52,34,4
4183,001057,120,78,x
4184,001058,149,95,
4185,001059,150,96,
4186,00105A,0,00,
4187,00105B,0,00,
4188,00105C,0,00,
4189,00105D,8,08,
4190,00105E,52,34,4
4191,00105F,120,78,x
4192,001060,149,95,
4193,001061,151,97,
4194,001062,0,00,
4195,001063,0,00,
4196,001064,0,00,
4197,001065,6,06,
4198,001066,52,34,4
4199,001067,120,78,x
4200,001068,149,95,
4201,001069,152,98,
4202,00106A,0,00,
4203,00106B,0,00,
4204,00106C,0,00,
4205,00106D,5,05,
4206,00106E,179,B3,
4207,00106F,85,55,U
4208,001070,170,AA,
4209,001071,246,F6,
4210,001072,15,0F,
4211,001073,0,00,
4212,001074,16,10,
4213,001075,52,34,4
4214,001076,120,78,x
4215,001077,149,95,
4216,001078,153,99,
4217,001079,0,00,
4218,00107A,0,00,
4219,00107B,0,00,
4220,00107C,4,04,
4221,00107D,52,34,4
4222,00107E,120,78,x
4223,00107F,149,95,
4224,001080,154,9A,
4225,001081,0,00,
4226,001082,0,00,
4227,001083,0,00,
4228,001084,4,04,
4229,001085,52,34,4
4230,001086,120,78,x
4231,001087,149,95,
4232,001088,155,9B,
4233,001089,0,00,
4234,00108A,0,00,
4235,00108B,0,00,
4236,00108C,5,05,
4237,00108D,52,34,4
4238,00108E,120,78,x
4239,00108F,149,95,
4240,001090,156,9C,
4241,001091,0,00,
4242,001092,0,00,
4243,001093,0,00,
4244,001094,6,06,
4245,001095,52,34,4
4246,001096,120,78,x
4247,001097,149,95,
4248,001098,157,9D,
4249,001099,0,00,
4250,00109A,0,00,
4251,00109B,0,00,
4252,00109C,7,07,
4253,00109D,52,34,4
4254,00109E,120,78,x
4255,00109F,149,95,
4256,0010A0,160,A0,
4257,0010A1,0,00,
4258,0010A2,0,00,
4259,0010A3,0,00,
4260,0010A4,8,08,
4261,0010A5,52,34,4
4262,0010A6,120,78,x
4263,0010A7,149,95,
4264,0010A8,161,A1,
4265,0010A9,0,00,
4266,0010AA,0,00,
4267,0010AB,0,00,
4268,0010AC,10,0A,
4269,0010AD,52,34,4
4270,0010AE,120,78,x
4271,0010AF,149,95,
4272,0010B0,162,A2,
4273,0010B1,0,00,
4274,0010B2,0,00,
4275,0010B3,0,00,
4276,0010B4,10,0A,
4277,0010B5,52,34,4
4278,0010B6,120,78,x
4279,0010B7,149,95,
4280,0010B8,163,A3,
4281,0010B9,0,00,
4282,0010BA,0,00,
4283,0010BB,0,00,
4284,0010BC,11,0B,
4285,0010BD,52,34,4
4286,0010BE,120,78,x
4287,0010BF,149,95,
4288,0010C0,164,A4,
4289,0010C1,0,00,
4290,0010C2,0,00,
4291,0010C3,0,00,
4292,0010C4,11,0B,
4293,0010C5,52,34,4
4294,0010C6,120,78,x
4295,0010C7,149,95,
4296,0010C8,165,A5,
4297,0010C9,0,00,
4298,0010CA,0,00,
4299,0010CB,0,00,
4300,0010CC,12,0C,
4301,0010CD,52,34,4
4302,0010CE,120,78,x
4303,0010CF,149,95,
4304,0010D0,166,A6,
4305,0010D1,0,00,
4306,0010D2,0,00,
4307,0010D3,0,00,
4308,0010D4,11,0B,
4309,0010D5,52,34,4
4310,0010D6,120,78,x
4311,0010D7,149,95,
4312,0010D8,167,A7,
4313,0010D9,0,00,
4314,0010DA,0,00,
4315,0010DB,0,00,
4316,0010DC,11,0B,
4317,0010DD,52,34,4
4318,0010DE,120,78,x
4319,0010DF,149,95,
4320,0010E0,168,A8,
4321,0010E1,0,00,
4322,0010E2,0,00,
4323,0010E3,0,00,
4324,0010E4,11,0B,
4325,0010E5,52,34,4
4326,0010E6,120,78,x
4327,0010E7,149,95,
4328,0010E8,169,A9,
4329,0010E9,0,00,
4330,0010EA,0,00,
4331,0010EB,0,00,
4332,0010EC,11,0B,
4333,0010ED,52,34,4
4334,0010EE,120,78,x
4335,0010EF,149,95,
4336,0010F0,170,AA,
4337,0010F1,0,00,
4338,0010F2,0,00,
4339,0010F3,0,00,
4340,0010F4,11,0B,
4341,0010F5,52,34,4
4342,0010F6,120,78,x
4343,0010F7,149,95,
4344,0010F8,171,AB,
4345,0010F9,0,00,
4346,0010FA,0,00,
4347,0010FB,0,00,
4348,0010FC,13,0D,
4349,0010FD,52,34,4
4350,0010FE,120,78,x
4351,0010FF,149,95,
4352,001100,172,AC,
4353,001101,0,00,
4354,001102,0,00,
4355,001103,0,00,
4356,001104,14,0E,
4357,001105,52,34,4
4358,001106,120,78,x
4359,001107,149,95,
4360,001108,173,AD,
4361,001109,0,00,
4362,00110A,0,00,
4363,00110B,0,00,
4364,00110C,17,11,
4365,00110D,52,34,4
4366,00110E,120,78,x
4367,00110F,149,95,
4368,001110,174,AE,
4369,001111,0,00,
4370,001112,0,00,
4371,001113,0,00,
4372,001114,19,13,
4373,001115,52,34,4
4374,001116,120,78,x
4375,001117,149,95,
4376,001118,175,AF,
4377,001119,0,00,
4378,00111A,0,00,
4379,00111B,0,00,
4380,00111C,21,15,
4381,00111D,52,34,4
4382,00111E,120,78,x
4383,00111F,149,95,
4384,001120,176,B0,
4385,001121,0,00,
4386,001122,0,00,
4387,001123,0,00,
4388,001124,22,16,
4389,001125,52,34,4
4390,001126,120,78,x
4391,001127,149,95,
4392,001128,177,B1,
4393,001129,0,00,
4394,00112A,0,00,
4395,00112B,0,00,
4396,00112C,23,17,
4397,00112D,52,34,4
4398,00112E,120,78,x
4399,00112F,149,95,
4400,001130,178,B2,
4401,001131,0,00,
4402,001132,0,00,
4403,001133,0,00,
4404,001134,22,16,
4405,001135,52,34,4
4406,001136,120,78,x
4407,001137,149,95,
4408,001138,179,B3,
4409,001139,0,00,
4410,00113A,0,00,
4411,00113B,0,00,
4412,00113C,22,16,
4413,00113D,52,34,4
4414,00113E,120,78,x
4415,00113F,149,95,
4416,001140,180,B4,
4417,001141,0,00,
4418,001142,0,00,
4419,001143,0,00,
4420,001144,22,16,
4421,001145,52,34,4
4422,001146,120,78,x
4423,001147,149,95,
4424,001148,181,B5,
4425,001149,0,00,
4426,00114A,0,00,
4427,00114B,0,00,
4428,00114C,22,16,
4429,00114D,52,34,4
4430,00114E,120,78,x
4431,00114F,149,95,
4432,001150,182,B6,
4433,001151,0,00,
4434,001152,0,00,
4435,001153,0,00,
4436,001154,22,16,
4437,001155,52,34,4
4438,001156,120,78,x
4439,001157,149,95,
4440,001158,183,B7,
4441,001159,0,00,
4442,00115A,0,00,
4443,00115B,0,00,
4444,00115C,22,16,
4445,00115D,52,34,4
4446,00115E,120,78,x
4447,00115F,149,95,
4448,001160,184,B8,
4449,001161,0,00,
4450,001162,0,00,
4451,001163,0,00,
4452,001164,22,16,
4453,001165,218,DA,
4454,001166,85,55,U
4455,001167,170,AA,
4456,001168,246,F6,
4457,001169,15,0F,
4458,00116A,0,00,
4459,00116B,17,11,
4460,00116C,52,34,4
4461,00116D,120,78,x
4462,00116E,149,95,
4463,00116F,185,B9,
4464,001170,0,00,
4465,001171,0,00,
4466,001172,0,00,
4467,001173,20,14,
4468,001174,52,34,4
4469,001175,120,78,x
4470,001176,149,95,
4471,001177,186,BA,
4472,001178,0,00,
4473,001179,0,00,
4474,00117A,0,00,
4475,00117B,20,14,
4476,00117C,52,34,4
4477,00117D,120,78,x
4478,00117E,149,95,
4479,00117F,187,BB,
4480,001180,0,00,
4481,001181,0,00,
4482,001182,0,00,
4483,001183,20,14,
4484,001184,52,34,4
4485,001185,120,78,x
4486,001186,149,95,
4487,001187,188,BC,
4488,001188,0,00,
4489,001189,0,00,
4490,00118A,0,00,
4491,00118B,21,15,
4492,00118C,52,34,4
4493,00118D,120,78,x
4494,00118E,149,95,
4495,00118F,189,BD,
4496,001190,0,00,
4497,001191,0,00,
4498,001192,0,00,
4499,001193,20,14,
4500,001194,52,34,4
4501,001195,120,78,x
4502,001196,149,95,
4503,001197,192,C0,
4504,001198,0,00,
4505,001199,0,00,
4506,00119A,0,00,
4507,00119B,18,12,
4508,00119C,52,34,4
4509,00119D,120,78,x
4510,00119E,149,95,
4511,00119F,193,C1,
4512,0011A0,0,00,
4513,0011A1,0,00,
4514,0011A2,0,00,
4515,0011A3,18,12,
4516,0011A4,52,34,4
4517,0011A5,120,78,x
4518,0011A6,149,95,
4519,0011A7,194,C2,
4520,0011A8,0,00,
4521,0011A9,0,00,
4522,0011AA,0,00,
4523,0011AB,16,10,
4524,0011AC,52,34,4
4525,0011AD,120,78,x
4526,0011AE,149,95,
4527,0011AF,195,C3,
4528,0011B0,0,00,
4529,0011B1,0,00,
4530,0011B2,0,00,
4531,0011B3,15,0F,
4532,0011B4,52,34,4
4533,0011B5,120,78,x
4534,0011B6,149,95,
4535,0011B7,196,C4,
4536,0011B8,0,00,
4537,0011B9,0,00,
4538,0011BA,0,00,
4539,0011BB,14,0E,
4540,0011BC,52,34,4
4541,0011BD,120,78,x
4542,0011BE,149,95,
4543,0011BF,197,C5,
4544,0011C0,0,00,
4545,0011C1,0,00,
4546,0011C2,0,00,
4547,0011C3,15,0F,
4548,0011C4,52,34,4
4549,0011C5,120,78,x
4550,0011C6,149,95,
4551,0011C7,198,C6,
4552,0011C8,0,00,
4553,0011C9,0,00,
4554,0011CA,0,00,
4555,0011CB,15,0F,
4556,0011CC,52,34,4
4557,0011CD,120,78,x
4558,0011CE,149,95,
4559,0011CF,199,C7,
4560,0011D0,0,00,
4561,0011D1,0,00,
4562,0011D2,0,00,
4563,0011D3,14,0E,
4564,0011D4,52,34,4
4565,0011D5,120,78,x
4566,0011D6,149,95,
4567,0011D7,200,C8,
4568,0011D8,0,00,
4569,0011D9,0,00,
4570,0011DA,0,00,
4571,0011DB,14,0E,
4572,0011DC,52,34,4
4573,0011DD,120,78,x
4574,0011DE,149,95,
4575,0011DF,201,C9,
4576,0011E0,0,00,
4577,0011E1,0,00,
4578,0011E2,0,00,
4579,0011E3,14,0E,
4580,0011E4,52,34,4
4581,0011E5,120,78,x
4582,0011E6,149,95,
4583,0011E7,202,CA,
4584,0011E8,0,00,
4585,0011E9,0,00,
4586,0011EA,0,00,
4587,0011EB,14,0E,
4588,0011EC,52,34,4
4589,0011ED,120,78,x
4590,0011EE,149,95,
4591,0011EF,203,CB,
4592,0011F0,0,00,
4593,0011F1,0,00,
4594,0011F2,0,00,
4595,0011F3,14,0E,
4596,0011F4,52,34,4
4597,0011F5,120,78,x
4598,0011F6,149,95,
4599,0011F7,204,CC,
4600,0011F8,0,00,
4601,0011F9,0,00,
4602,0011FA,0,00,
4603,0011FB,14,0E,
4604,0011FC,52,34,4
4605,0011FD,120,78,x
4606,0011FE,149,95,
4607,0011FF,205,CD,
4608,001200,0,00,
4609,001201,0,00,
4610,001202,0,00,
4611,001203,14,0E,
4612,001204,52,34,4
4613,001205,120,78,x
4614,001206,149,95,
4615,001207,206,CE,
4616,001208,0,00,
4617,001209,0,00,
4618,00120A,0,00,
4619,00120B,14,0E,
4620,00120C,52,34,4
4621,00120D,120,78,x
4622,00120E,149,95,
4623,00120F,207,CF,
4624,001210,0,00,
4625,001211,0,00,
4626,001212,0,00,
4627,001213,14,0E,
4628,001214,52,34,4
4629,001215,120,78,x
4630,001216,149,95,
4631,001217,208,D0,
4632,001218,0,00,
4633,001219,0,00,
4634,00121A,0,00,
4635,00121B,14,0E,
4636,00121C,52,34,4
4637,00121D,120,78,x
4638,00121E,149,95,
4639,00121F,209,D1,
4640,001220,0,00,
4641,001221,0,00,
4642,001222,0,00,
4643,001223,14,0E,
4644,001224,52,34,4
4645,001225,120,78,x
4646,001226,149,95,
4647,001227,210,D2,
4648,001228,0,00,
4649,001229,0,00,
4650,00122A,0,00,
4651,00122B,15,0F,
4652,00122C,52,34,4
4653,00122D,120,78,x
4654,00122E,149,95,
4655,00122F,211,D3,
4656,001230,0,00,
4657,001231,0,00,
4658,001232,0,00,
4659,001233,15,0F,
4660,001234,52,34,4
4661,001235,120,78,x
4662,001236,149,95,
4663,001237,212,D4,
4664,001238,0,00,
4665,001239,0,00,
4666,00123A,0,00,
4667,00123B,15,0F,
4668,00123C,52,34,4
4669,00123D,120,78,x
4670,00123E,149,95,
4671,00123F,213,D5,
4672,001240,0,00,
4673,001241,0,00,
4674,001242,0,00,
4675,001243,17,11,
4676,001244,52,34,4
4677,001245,120,78,x
4678,001246,149,95,
4679,001247,214,D6,
4680,001248,0,00,
4681,001249,0,00,
4682,00124A,0,00,
4683,00124B,19,13,
4684,00124C,52,34,4
4685,00124D,120,78,x
4686,00124E,149,95,
4687,00124F,215,D7,
4688,001250,0,00,
4689,001251,0,00,
4690,001252,0,00,
4691,001253,20,14,
4692,001254,52,34,4
4693,001255,120,78,x
4694,001256,149,95,
4695,001257,216,D8,
4696,001258,0,00,
4697,001259,0,00,
4698,00125A,0,00,
4699,00125B,20,14,
4700,00125C,216,D8,
4701,00125D,85,55,U
4702,00125E,170,AA,
4703,00125F,246,F6,
4704,001260,15,0F,
4705,001261,0,00,
4706,001262,18,12,
4707,001263,52,34,4
4708,001264,120,78,x
4709,001265,149,95,
4710,001266,217,D9,
4711,001267,0,00,
4712,001268,0,00,
4713,001269,0,00,
4714,00126A,21,15,
4715,00126B,52,34,4
4716,00126C,120,78,x
4717,00126D,149,95,
4718,00126E,218,DA,
4719,00126F,0,00,
4720,001270,0,00,
4721,001271,0,00,
4722,001272,22,16,
4723,001273,52,34,4
4724,001274,120,78,x
4725,001275,149,95,
4726,001276,219,DB,
4727,001277,0,00,
4728,001278,0,00,
4729,001279,0,00,
4730,00127A,22,16,
4731,00127B,52,34,4
4732,00127C,120,78,x
4733,00127D,149,95,
4734,00127E,220,DC,
4735,00127F,0,00,
4736,001280,0,00,
4737,001281,0,00,
4738,001282,22,16,
4739,001283,52,34,4
4740,001284,120,78,x
4741,001285,149,95,
4742,001286,221,DD,
4743,001287,0,00,
4744,001288,0,00,
4745,001289,0,00,
4746,00128A,22,16,
4747,00128B,52,34,4
4748,00128C,120,78,x
4749,00128D,149,95,
4750,00128E,224,E0,
4751,00128F,0,00,
4752,001290,0,00,
4753,001291,0,00,
4754,001292,22,16,
4755,001293,52,34,4
4756,001294,120,78,x
4757,001295,149,95,
4758,001296,225,E1,
4759,001297,0,00,
4760,001298,0,00,
4761,001299,0,00,
4762,00129A,19,13,
4763,00129B,52,34,4
4764,00129C,120,78,x
4765,00129D,149,95,
4766,00129E,226,E2,
4767,00129F,0,00,
4768,0012A0,0,00,
4769,0012A1,0,00,
4770,0012A2,16,10,
4771,0012A3,52,34,4
4772,0012A4,120,78,x
4773,0012A5,149,95,
4774,0012A6,227,E3,
4775,0012A7,0,00,
4776,0012A8,0,00,
4777,0012A9,0,00,
4778,0012AA,13,0D,
4779,0012AB,52,34,4
4780,0012AC,120,78,x
4781,0012AD,149,95,
4782,0012AE,228,E4,
4783,0012AF,0,00,
4784,0012B0,0,00,
4785,0012B1,0,00,
4786,0012B2,11,0B,
4787,0012B3,52,34,4
4788,0012B4,120,78,x
4789,0012B5,149,95,
4790,0012B6,229,E5,
4791,0012B7,0,00,
4792,0012B8,0,00,
4793,0012B9,0,00,
4794,0012BA,9,09,
4795,0012BB,52,34,4
4796,0012BC,120,78,x
4797,0012BD,149,95,
4798,0012BE,230,E6,
4799,0012BF,0,00,
4800,0012C0,0,00,
4801,0012C1,0,00,
4802,0012C2,8,08,
4803,0012C3,52,34,4
4804,0012C4,120,78,x
4805,0012C5,149,95,
4806,0012C6,231,E7,
4807,0012C7,0,00,
4808,0012C8,0,00,
4809,0012C9,0,00,
4810,0012CA,7,07,
4811,0012CB,52,34,4
4812,0012CC,120,78,x
4813,0012CD,149,95,
4814,0012CE,232,E8,
4815,0012CF,0,00,
4816,0012D0,0,00,
4817,0012D1,0,00,
4818,0012D2,5,05,
4819,0012D3,52,34,4
4820,0012D4,120,78,x
4821,0012D5,149,95,
4822,0012D6,233,E9,
4823,0012D7,0,00,
4824,0012D8,0,00,
4825,0012D9,0,00,
4826,0012DA,5,05,
4827,0012DB,52,34,4
4828,0012DC,120,78,x
4829,0012DD,149,95,
4830,0012DE,234,EA,
4831,0012DF,0,00,
4832,0012E0,0,00,
4833,0012E1,0,00,
4834,0012E2,5,05,
4835,0012E3,52,34,4
4836,0012E4,120,78,x
4837,0012E5,149,95,
4838,0012E6,235,EB,
4839,0012E7,0,00,
4840,0012E8,0,00,
4841,0012E9,0,00,
4842,0012EA,6,06,
4843,0012EB,52,34,4
4844,0012EC,120,78,x
4845,0012ED,149,95,
4846,0012EE,236,EC,
4847,0012EF,0,00,
4848,0012F0,0,00,
4849,0012F1,0,00,
4850,0012F2,7,07,
4851,0012F3,52,34,4
4852,0012F4,120,78,x
4853,0012F5,149,95,
4854,0012F6,237,ED,
4855,0012F7,0,00,
4856,0012F8,0,00,
4857,0012F9,0,00,
4858,0012FA,9,09,
4859,0012FB,52,34,4
4860,0012FC,120,78,x
4861,0012FD,149,95,
4862,0012FE,238,EE,
4863,0012FF,0,00,
4864,001300,0,00,
4865,001301,0,00,
4866,001302,11,0B,
4867,001303,52,34,4
4868,001304,120,78,x
4869,001305,149,95,
4870,001306,239,EF,
4871,001307,0,00,
4872,001308,0,00,
4873,001309,0,00,
4874,00130A,13,0D,
4875,00130B,52,34,4
4876,00130C,120,78,x
4877,00130D,149,95,
4878,00130E,240,F0,
4879,00130F,0,00,
4880,001310,0,00,
4881,001311,0,00,
4882,001312,15,0F,
4883,001313,52,34,4
4884,001314,120,78,x
4885,001315,149,95,
4886,001316,241,F1,
4887,001317,0,00,
4888,001318,0,00,
4889,001319,0,00,
4890,00131A,17,11,
4891,00131B,52,34,4
4892,00131C,120,78,x
4893,00131D,149,95,
4894,00131E,242,F2,
4895,00131F,0,00,
4896,001320,0,00,
4897,001321,0,00,
4898,001322,18,12,
4899,001323,52,34,4
4900,001324,120,78,x
4901,001325,149,95,
4902,001326,243,F3,
4903,001327,0,00,
4904,001328,0,00,
4905,001329,0,00,
4906,00132A,20,14,
4907,00132B,52,34,4
4908,00132C,120,78,x
4909,00132D,149,95,
4910,00132E,244,F4,
4911,00132F,0,00,
4912,001330,0,00,
4913,001331,0,00,
4914,001332,20,14,
4915,001333,52,34,4
4916,001334,120,78,x
4917,001335,149,95,
4918,001336,245,F5,
4919,001337,0,00,
4920,001338,0,00,
4921,001339,0,00,
4922,00133A,20,14,
4923,00133B,52,34,4
4924,00133C,120,78,x
4925,00133D,149,95,
4926,00133E,246,F6,
4927,00133F,0,00,
4928,001340,0,00,
4929,001341,0,00,
4930,001342,19,13,
4931,001343,52,34,4
4932,001344,120,78,x
4933,001345,149,95,
4934,001346,247,F7,
4935,001347,0,00,
4936,001348,0,00,
4937,001349,0,00,
4938,00134A,18,12,
4939,00134B,52,34,4
4940,00134C,120,78,x
4941,00134D,149,95,
4942,00134E,248,F8,
4943,00134F,0,00,
4944,001350,0,00,
4945,001351,0,00,
4946,001352,18,12,
4947,001353,106,6A,j
4948,001354,85,55,U
4949,001355,170,AA,
4950,001356,246,F6,
4951,001357,15,0F,
4952,001358,0,00,
4953,001359,19,13,
4954,00135A,52,34,4
4955,00135B,120,78,x
4956,00135C,149,95,
4957,00135D,249,F9,
4958,00135E,0,00,
4959,00135F,0,00,
4960,001360,0,00,
4961,001361,16,10,
4962,001362,52,34,4
4963,001363,120,78,x
4964,001364,149,95,
4965,001365,250,FA,
4966,001366,0,00,
4967,001367,0,00,
4968,001368,0,00,
4969,001369,15,0F,
4970,00136A,52,34,4
4971,00136B,120,78,x
4972,00136C,149,95,
4973,00136D,251,FB,
4974,00136E,0,00,
4975,00136F,0,00,
4976,001370,0,00,
4977,001371,15,0F,
4978,001372,52,34,4
4979,001373,120,78,x
4980,001374,149,95,
4981,001375,252,FC,
4982,001376,0,00,
4983,001377,0,00,
4984,001378,0,00,
4985,001379,14,0E,
4986,00137A,52,34,4
4987,00137B,120,78,x
4988,00137C,149,95,
4989,00137D,253,FD,
4990,00137E,0,00,
4991,00137F,0,00,
4992,001380,0,00,
4993,001381,15,0F,
4994,001382,52,34,4
4995,001383,120,78,x
4996,001384,150,96,
4997,001385,0,00,
4998,001386,0,00,
4999,001387,0,00,
5000,001388,0,00,
5001,001389,15,0F,
5002,00138A,52,34,4
5003,00138B,120,78,x
5004,00138C,150,96,
5005,00138D,1,01,
5006,00138E,0,00,
5007,00138F,0,00,
5008,001390,0,00,
5009,001391,16,10,
5010,001392,52,34,4
5011,001393,120,78,x
5012,001394,150,96,
5013,001395,2,02,
5014,001396,0,00,
5015,001397,0,00,
5016,001398,0,00,
5017,001399,17,11,
5018,00139A,52,34,4
5019,00139B,120,78,x
5020,00139C,150,96,
5021,00139D,3,03,
5022,00139E,0,00,
5023,00139F,0,00,
5024,0013A0,0,00,
5025,0013A1,17,11,
5026,0013A2,52,34,4
5027,0013A3,120,78,x
5028,0013A4,150,96,
5029,0013A5,4,04,
5030,0013A6,0,00,
5031,0013A7,0,00,
5032,0013A8,0,00,
5033,0013A9,17,11,
5034,0013AA,52,34,4
5035,0013AB,120,78,x
5036,0013AC,150,96,
5037,0013AD,5,05,
5038,0013AE,0,00,
5039,0013AF,0,00,
5040,0013B0,0,00,
5041,0013B1,17,11,
5042,0013B2,52,34,4
5043,0013B3,120,78,x
5044,0013B4,150,96,
5045,0013B5,6,06,
5046,0013B6,0,00,
5047,0013B7,0,00,
5048,0013B8,0,00,
5049,0013B9,17,11,
5050,0013BA,52,34,4
5051,0013BB,120,78,x
5052,0013BC,150,96,
5053,0013BD,7,07,
5054,0013BE,0,00,
5055,0013BF,0,00,
5056,0013C0,0,00,
5057,0013C1,18,12,
5058,0013C2,52,34,4
5059,0013C3,120,78,x
5060,0013C4,150,96,
5061,0013C5,8,08,
5062,0013C6,0,00,
5063,0013C7,0,00,
5064,0013C8,0,00,
5065,0013C9,18,12,
5066,0013CA,52,34,4
5067,0013CB,120,78,x
5068,0013CC,150,96,
5069,0013CD,9,09,
5070,0013CE,0,00,
5071,0013CF,0,00,
5072,0013D0,0,00,
5073,0013D1,18,12,
5074,0013D2,52,34,4
5075,0013D3,120,78,x
5076,0013D4,150,96,
5077,0013D5,10,0A,
5078,0013D6,0,00,
5079,0013D7,0,00,
5080,0013D8,0,00,
5081,0013D9,18,12,
5082,0013DA,52,34,4
5083,0013DB,120,78,x
5084,0013DC,150,96,
5085,0013DD,11,0B,
5086,0013DE,0,00,
5087,0013DF,0,00,
5088,0013E0,0,00,
5089,0013E1,17,11,
5090,0013E2,52,34,4
5091,0013E3,120,78,x
5092,0013E4,150,96,
5093,0013E5,12,0C,
5094,0013E6,0,00,
5095,0013E7,0,00,
5096,0013E8,0,00,
5097,0013E9,16,10,
5098,0013EA,52,34,4
5099,0013EB,120,78,x
5100,0013EC,150,96,
5101,0013ED,13,0D,
5102,0013EE,0,00,
5103,0013EF,0,00,
5104,0013F0,0,00,
5105,0013F1,16,10,
5106,0013F2,52,34,4
5107,0013F3,120,78,x
5108,0013F4,150,96,
5109,0013F5,14,0E,
5110,0013F6,0,00,
5111,0013F7,0,00,
5112,0013F8,0,00,
5113,0013F9,15,0F,
5114,0013FA,52,34,4
5115,0013FB,120,78,x
5116,0013FC,150,96,
5117,0013FD,15,0F,
5118,0013FE,0,00,
5119,0013FF,0,00,
5120,001400,0,00,
5121,001401,14,0E,
5122,001402,52,34,4
5123,001403,120,78,x
5124,001404,150,96,
5125,001405,16,10,
5126,001406,0,00,
5127,001407,0,00,
5128,001408,0,00,
5129,001409,14,0E,
5130,00140A,52,34,4
5131,00140B,120,78,x
5132,00140C,150,96,
5133,00140D,17,11,
5134,00140E,0,00,
5135,00140F,0,00,
5136,001410,0,00,
5137,001411,12,0C,
5138,001412,52,34,4
5139,001413,120,78,x
5140,001414,150,96,
5141,001415,18,12,
5142,001416,0,00,
5143,001417,0,00,
5144,001418,0,00,
5145,001419,11,0B,
5146,00141A,52,34,4
5147,00141B,120,78,x
5148,00141C,150,96,
5149,00141D,19,13,
5150,00141E,0,00,
5151,00141F,0,00,
5152,001420,0,00,
5153,001421,10,0A,
5154,001422,52,34,4
5155,001423,120,78,x
5156,001424,150,96,
5157,001425,20,14,
5158,001426,0,00,
5159,001427,0,00,
5160,001428,0,00,
5161,001429,10,0A,
5162,00142A,52,34,4
5163,00142B,120,78,x
5164,00142C,150,96,
5165,00142D,21,15,
5166,00142E,0,00,
5167,00142F,0,00,
5168,001430,0,00,
5169,001431,10,0A,
5170,001432,52,34,4
5171,001433,120,78,x
5172,001434,150,96,
5173,001435,22,16,
5174,001436,0,00,
5175,001437,0,00,
5176,001438,0,00,
5177,001439,11,0B,
5178,00143A,52,34,4
5179,00143B,120,78,x
5180,00143C,150,96,
5181,00143D,23,17,
5182,00143E,0,00,
5183,00143F,0,00,
5184,001440,0,00,
5185,001441,12,0C,
5186,001442,52,34,4
5187,001443,120,78,x
5188,001444,150,96,
5189,001445,24,18,
5190,001446,0,00,
5191,001447,0,00,
5192,001448,0,00,
5193,001449,13,0D,
5194,00144A,72,48,H
5195,00144B,85,55,U
5196,00144C,170,AA,
5197,00144D,246,F6,
5198,00144E,15,0F,
5199,00144F,0,00,
5200,001450,20,14,
5201,001451,52,34,4
5202,001452,120,78,x
5203,001453,150,96,
5204,001454,25,19,
5205,001455,0,00,
5206,001456,0,00,
5207,001457,0,00,
5208,001458,14,0E,
5209,001459,52,34,4
5210,00145A,120,78,x
5211,00145B,150,96,
5212,00145C,26,1A,
5213,00145D,0,00,
5214,00145E,0,00,
5215,00145F,0,00,
5216,001460,15,0F,
5217,001461,52,34,4
5218,001462,120,78,x
5219,001463,150,96,
5220,001464,27,1B,
5221,001465,0,00,
5222,001466,0,00,
5223,001467,0,00,
5224,001468,15,0F,
5225,001469,52,34,4
5226,00146A,120,78,x
5227,00146B,150,96,
5228,00146C,28,1C,
5229,00146D,0,00,
5230,00146E,0,00,
5231,00146F,0,00,
5232,001470,15,0F,
5233,001471,52,34,4
5234,001472,120,78,x
5235,001473,150,96,
5236,001474,29,1D,
5237,001475,0,00,
5238,001476,0,00,
5239,001477,0,00,
5240,001478,14,0E,
5241,001479,52,34,4
5242,00147A,120,78,x
5243,00147B,150,96,
5244,00147C,32,20, 
5245,00147D,0,00,
5246,00147E,0,00,
5247,00147F,0,00,
5248,001480,14,0E,
5249,001481,52,34,4
5250,001482,120,78,x
5251,001483,150,96,
5252,001484,33,21,!
5253,001485,0,00,
5254,001486,0,00,
5255,001487,0,00,
5256,001488,12,0C,
5257,001489,52,34,4
5258,00148A,120,78,x
5259,00148B,150,96,
5260,00148C,34,22,"
5261,00148D,0,00,
5262,00148E,0,00,
5263,00148F,0,00,
5264,001490,12,0C,
5265,001491,52,34,4
5266,001492,120,78,x
5267,001493,150,96,
5268,001494,35,23,#
5269,001495,0,00,
5270,001496,0,00,
5271,001497,0,00,
5272,001498,12,0C,
5273,001499,52,34,4
5274,00149A,120,78,x
5275,00149B,150,96,
5276,00149C,36,24,$
5277,00149D,0,00,
5278,00149E,0,00,
5279,00149F,0,00,
5280,0014A0,12,0C,
5281,0014A1,52,34,4
5282,0014A2,120,78,x
5283,0014A3,150,96,
5284,0014A4,37,25,%
5285,0014A5,0,00,
5286,0014A6,0,00,
5287,0014A7,0,00,
5288,0014A8,12,0C,
5289,0014A9,52,34,4
5290,0014AA,120,78,x
5291,0014AB,150,96,
5292,0014AC,38,26,&
5293,0014AD,0,00,
5294,0014AE,0,00,
5295,0014AF,0,00,
5296,0014B0,13,0D,
5297,0014B1,52,34,4
5298,0014B2,120,78,x
5299,0014B3,150,96,
5300,0014B4,39,27,'
5301,0014B5,0,00,
5302,0014B6,0,00,
5303,0014B7,0,00,
5304,0014B8,12,0C,
5305,0014B9,52,34,4
5306,0014BA,120,78,x
5307,0014BB,150,96,
5308,0014BC,40,28,(
5309,0014BD,0,00,
5310,0014BE,0,00,
5311,0014BF,0,00,
5312,0014C0,12,0C,
5313,0014C1,52,34,4
5314,0014C2,120,78,x
5315,0014C3,150,96,
5316,0014C4,41,29,)
5317,0014C5,0,00,
5318,0014C6,0,00,
5319,0014C7,0,00,
5320,0014C8,12,0C,
5321,0014C9,52,34,4
5322,0014CA,120,78,x
5323,0014CB,150,96,
5324,0014CC,42,2A,*
5325,0014CD,0,00,
5326,0014CE,0,00,
5327,0014CF,0,00,
5328,0014D0,11,0B,
5329,0014D1,52,34,4
5330,0014D2,120,78,x
5331,0014D3,150,96,
5332,0014D4,43,2B,+
5333,0014D5,0,00,
5334,0014D6,0,00,
5335,0014D7,0,00,
5336,0014D8,10,0A,
5337,0014D9,52,34,4
5338,0014DA,120,78,x
5339,0014DB,150,96,
5340,0014DC,44,2C,,
5341,0014DD,0,00,
5342,0014DE,0,00,
5343,0014DF,0,00,
5344,0014E0,9,09,
5345,0014E1,52,34,4
5346,0014E2,120,78,x
5347,0014E3,150,96,
5348,0014E4,45,2D,-
5349,0014E5,0,00,
5350,0014E6,0,00,
5351,0014E7,0,00,
5352,0014E8,7,07,
5353,0014E9,52,34,4
5354,0014EA,120,78,x
5355,0014EB,150,96,
5356,0014EC,46,2E,.
5357,0014ED,0,00,
5358,0014EE,0,00,
5359,0014EF,0,00,
5360,0014F0,6,06,
5361,0014F1,52,34,4
5362,0014F2,120,78,x
5363,0014F3,150,96,
5364,0014F4,47,2F,/
5365,0014F5,0,00,
5366,0014F6,0,00,
5367,0014F7,0,00,
5368,0014F8,6,06,
5369,0014F9,52,34,4
5370,0014FA,120,78,x
5371,0014FB,150,96,
5372,0014FC,48,30,0
5373,0014FD,0,00,
5374,0014FE,0,00,
5375,0014FF,0,00,
5376,001500,5,05,
5377,001501,52,34,4
5378,001502,120,78,x
5379,001503,150,96,
5380,001504,49,31,1
5381,001505,0,00,
5382,001506,0,00,
5383,001507,0,00,
5384,001508,6,06,
5385,001509,52,34,4
5386,00150A,120,78,x
5387,00150B,150,96,
5388,00150C,50,32,2
5389,00150D,0,00,
5390,00150E,0,00,
5391,00150F,0,00,
5392,001510,6,06,
5393,001511,52,34,4
5394,001512,120,78,x
5395,001513,150,96,
5396,001514,51,33,3
5397,001515,0,00,
5398,001516,0,00,
5399,001517,0,00,
5400,001518,9,09,
5401,001519,52,34,4
5402,00151A,120,78,x
5403,00151B,150,96,
5404,00151C,52,34,4
5405,00151D,0,00,
5406,00151E,0,00,
5407,00151F,0,00,
5408,001520,10,0A,
5409,001521,52,34,4
5410,001522,120,78,x
5411,001523,150,96,
5412,001524,53,35,5
5413,001525,0,00,
5414,001526,0,00,
5415,001527,0,00,
5416,001528,12,0C,
5417,001529,52,34,4
5418,00152A,120,78,x
5419,00152B,150,96,
5420,00152C,54,36,6
5421,00152D,0,00,
5422,00152E,0,00,
5423,00152F,0,00,
5424,001530,13,0D,
5425,001531,52,34,4
5426,001532,120,78,x
5427,001533,150,96,
5428,001534,55,37,7
5429,001535,0,00,
5430,001536,0,00,
5431,001537,0,00,
5432,001538,14,0E,
5433,001539,52,34,4
5434,00153A,120,78,x
5435,00153B,150,96,
5436,00153C,56,38,8
5437,00153D,0,00,
5438,00153E,0,00,
5439,00153F,0,00,
5440,001540,14,0E,
5441,001541,160,A0,
5442,001542,85,55,U
5443,001543,170,AA,
5444,001544,246,F6,
5445,001545,15,0F,
5446,001546,0,00,
5447,001547,21,15,
5448,001548,52,34,4
5449,001549,120,78,x
5450,00154A,150,96,
5451,00154B,57,39,9
5452,00154C,0,00,
5453,00154D,0,00,
5454,00154E,0,00,
5455,00154F,15,0F,
5456,001550,52,34,4
5457,001551,120,78,x
5458,001552,150,96,
5459,001553,58,3A,:
5460,001554,0,00,
5461,001555,0,00,
5462,001556,0,00,
5463,001557,15,0F,
5464,001558,52,34,4
5465,001559,120,78,x
5466,00155A,150,96,
5467,00155B,59,3B,;
5468,00155C,0,00,
5469,00155D,0,00,
5470,00155E,0,00,
5471,00155F,15,0F,
5472,001560,52,34,4
5473,001561,120,78,x
5474,001562,150,96,
5475,001563,60,3C,<
5476,001564,0,00,
5477,001565,0,00,
5478,001566,0,00,
5479,001567,15,0F,
5480,001568,52,34,4
5481,001569,120,78,x
5482,00156A,150,96,
5483,00156B,61,3D,=
5484,00156C,0,00,
5485,00156D,0,00,
5486,00156E,0,00,
5487,00156F,14,0E,
5488,001570,52,34,4
5489,001571,120,78,x
5490,001572,150,96,
5491,001573,64,40,@
5492,001574,0,00,
5493,001575,0,00,
5494,001576,0,00,
5495,001577,13,0D,
5496,001578,52,34,4
5497,001579,120,78,x
5498,00157A,150,96,
5499,00157B,65,41,A
5500,00157C,0,00,
5501,00157D,0,00,
5502,00157E,0,00,
5503,00157F,13,0D,
5504,001580,52,34,4
5505,001581,120,78,x
5506,001582,150,96,
5507,001583,66,42,B
5508,001584,0,00,
5509,001585,0,00,
5510,001586,0,00,
5511,001587,12,0C,
5512,001588,52,34,4
5513,001589,120,78,x
5514,00158A,150,96,
5515,00158B,67,43,C
5516,00158C,0,00,
5517,00158D,0,00,
5518,00158E,0,00,
5519,00158F,11,0B,
5520,001590,52,34,4
5521,001591,120,78,x
5522,001592,150,96,
5523,001593,68,44,D
5524,001594,0,00,
5525,001595,0,00,
5526,001596,0,00,
5527,001597,10,0A,
5528,001598,52,34,4
5529,001599,120,78,x
5530,00159A,150,96,
5531,00159B,69,45,E
5532,00159C,0,00,
5533,00159D,0,00,
5534,00159E,0,00,
5535,00159F,8,08,
5536,0015A0,52,34,4
5537,0015A1,120,78,x
5538,0015A2,150,96,
5539,0015A3,70,46,F
5540,0015A4,0,00,
5541,0015A5,0,00,
5542,0015A6,0,00,
5543,0015A7,8,08,
5544,0015A8,52,34,4
5545,0015A9,120,78,x
5546,0015AA,150,96,
5547,0015AB,71,47,G
5548,0015AC,0,00,
5549,0015AD,0,00,
5550,0015AE,0,00,
5551,0015AF,7,07,
5552,0015B0,52,34,4
5553,0015B1,120,78,x
5554,0015B2,150,96,
5555,0015B3,72,48,H
5556,0015B4,0,00,
5557,0015B5,0,00,
5558,0015B6,0,00,
5559,0015B7,7,07,
5560,0015B8,52,34,4
5561,0015B9,120,78,x
5562,0015BA,150,96,
5563,0015BB,73,49,I
5564,0015BC,0,00,
5565,0015BD,0,00,
5566,0015BE,0,00,
5567,0015BF,7,07,
5568,0015C0,52,34,4
5569,0015C1,120,78,x
5570,0015C2,150,96,
5571,0015C3,74,4A,J
5572,0015C4,0,00,
5573,0015C5,0,00,
5574,0015C6,0,00,
5575,0015C7,8,08,
5576,0015C8,52,34,4
5577,0015C9,120,78,x
5578,0015CA,150,96,
5579,0015CB,75,4B,K
5580,0015CC,0,00,
5581,0015CD,0,00,
5582,0015CE,0,00,
5583,0015CF,8,08,
5584,0015D0,52,34,4
5585,0015D1,120,78,x
5586,0015D2,150,96,
5587,0015D3,76,4C,L
5588,0015D4,0,00,
5589,0015D5,0,00,
5590,0015D6,0,00,
5591,0015D7,9,09,
5592,0015D8,52,34,4
5593,0015D9,120,78,x
5594,0015DA,150,96,
5595,0015DB,77,4D,M
5596,0015DC,0,00,
5597,0015DD,0,00,
5598,0015DE,0,00,
5599,0015DF,11,0B,
5600,0015E0,52,34,4
5601,0015E1,120,78,x
5602,0015E2,150,96,
5603,0015E3,78,4E,N
5604,0015E4,0,00,
5605,0015E5,0,00,
5606,0015E6,0,00,
5607,0015E7,12,0C,
5608,0015E8,52,34,4
5609,0015E9,120,78,x
5610,0015EA,150,96,
5611,0015EB,79,4F,O
5612,0015EC,0,00,
5613,0015ED,0,00,
5614,0015EE,0,00,
5615,0015EF,13,0D,
5616,0015F0,52,34,4
5617,0015F1,120,78,x
5618,0015F2,150,96,
5619,0015F3,80,50,P
5620,0015F4,0,00,
5621,0015F5,0,00,
5622,0015F6,0,00,
5623,0015F7,13,0D,
5624,0015F8,52,34,4
5625,0015F9,120,78,x
5626,0015FA,150,96,
5627,0015FB,81,51,Q
5628,0015FC,0,00,
5629,0015FD,0,00,
5630,0015FE,0,00,
5631,0015FF,13,0D,
5632,001600,52,34,4
5633,001601,120,78,x
5634,001602,150,96,
5635,001603,82,52,R
5636,001604,0,00,
5637,001605,0,00,
5638,001606,0,00,
5639,001607,13,0D,
5640,001608,52,34,4
5641,001609,120,78,x
5642,00160A,150,96,
5643,00160B,83,53,S
5644,00160C,0,00,
5645,00160D,0,00,
5646,00160E,0,00,
5647,00160F,13,0D,
5648,001610,52,34,4
5649,001611,120,78,x
5650,001612,150,96,
5651,001613,84,54,T
5652,001614,0,00,
5653,001615,0,00,
5654,001616,0,00,
5655,001617,13,0D,
5656,001618,52,34,4
5657,001619,120,78,x
5658,00161A,150,96,
5659,00161B,85,55,U
5660,00161C,0,00,
5661,00161D,0,00,
5662,00161E,0,00,
5663,00161F,13,0D,
5664,001620,52,34,4
5665,001621,120,78,x
5666,001622,150,96,
5667,001623,86,56,V
5668,001624,0,00,
5669,001625,0,00,
5670,001626,0,00,
5671,001627,14,0E,
5672,001628,52,34,4
5673,001629,120,78,x
5674,00162A,150,96,
5675,00162B,87,57,W
5676,00162C,0,00,
5677,00162D,0,00,
5678,00162E,0,00,
5679,00162F,14,0E,
5680,001630,52,34,4
5681,001631,120,78,x
5682,001632,150,96,
5683,001633,88,58,X
5684,001634,0,00,
5685,001635,0,00,
5686,001636,0,00,
5687,001637,15,0F,
5688,001638,115,73,s
5689,001639,85,55,U
5690,00163A,170,AA,
5691,00163B,246,F6,
5692,00163C,15,0F,
5693,00163D,0,00,
5694,00163E,22,16,
5695,00163F,52,34,4
5696,001640,120,78,x
5697,001641,150,96,
5698,001642,89,59,Y
5699,001643,0,00,
5700,001644,0,00,
5701,001645,0,00,
5702,001646,14,0E,
5703,001647,52,34,4
5704,001648,120,78,x
5705,001649,150,96,
5706,00164A,90,5A,Z
5707,00164B,0,00,
5708,00164C,0,00,
5709,00164D,0,00,
5710,00164E,13,0D,
5711,00164F,52,34,4
5712,001650,120,78,x
5713,001651,150,96,
5714,001652,91,5B,[
5715,001653,0,00,
5716,001654,0,00,
5717,001655,0,00,
5718,001656,12,0C,
5719,001657,52,34,4
5720,001658,120,78,x
5721,001659,150,96,
5722,00165A,92,5C,\
5723,00165B,0,00,
5724,00165C,0,00,
5725,00165D,0,00,
5726,00165E,12,0C,
5727,00165F,52,34,4
5728,001660,120,78,x
5729,001661,150,96,
5730,001662,93,5D,]
5731,001663,0,00,
5732,001664,0,00,
5733,001665,0,00,
5734,001666,10,0A,
5735,001667,52,34,4
5736,001668,120,78,x
5737,001669,150,96,
5738,00166A,96,60,`
5739,00166B,0,00,
5740,00166C,0,00,
5741,00166D,0,00,
5742,00166E,9,09,
5743,00166F,52,34,4
5744,001670,120,78,x
5745,001671,150,96,
5746,001672,97,61,a
5747,001673,0,00,
5748,001674,0,00,
5749,001675,0,00,
5750,001676,7,07,
5751,001677,52,34,4
5752,001678,120,78,x
5753,001679,150,96,
5754,00167A,98,62,b
5755,00167B,0,00,
5756,00167C,0,00,
5757,00167D,0,00,
5758,00167E,6,06,
5759,00167F,52,34,4
5760,001680,120,78,x
5761,001681,150,96,
5762,001682,99,63,c
5763,001683,0,00,
5764,001684,0,00,
5765,001685,0,00,
5766,001686,6,06,
5767,001687,52,34,4
5768,001688,120,78,x
5769,001689,150,96,
5770,00168A,100,64,d
5771,00168B,0,00,
5772,00168C,0,00,
5773,00168D,0,00,
5774,00168E,6,06,
5775,00168F,52,34,4
5776,001690,120,78,x
5777,001691,150,96,
5778,001692,101,65,e
5779,001693,128,80,
5780,001694,0,00,
5781,001695,0,00,
5782,001696,7,07,
5783,001697,52,34,4
5784,001698,120,78,x
5785,001699,150,96,
5786,00169A,102,66,f
5787,00169B,0,00,
5788,00169C,0,00,
5789,00169D,0,00,
5790,00169E,8,08,
5791,00169F,52,34,4
5792,0016A0,120,78,x
5793,0016A1,150,96,
5794,0016A2,103,67,g
5795,0016A3,0,00,
5796,0016A4,0,00,
5797,0016A5,0,00,
5798,0016A6,10,0A,
5799,0016A7,52,34,4
5800,0016A8,120,78,x
5801,0016A9,150,96,
5802,0016AA,104,68,h
5803,0016AB,128,80,
5804,0016AC,0,00,
5805,0016AD,0,00,
5806,0016AE,11,0B,
5807,0016AF,52,34,4
5808,0016B0,120,78,x
5809,0016B1,150,96,
5810,0016B2,105,69,i
5811,0016B3,0,00,
5812,0016B4,0,00,
5813,0016B5,0,00,
5814,0016B6,11,0B,
5815,0016B7,52,34,4
5816,0016B8,120,78,x
5817,0016B9,150,96,
5818,0016BA,106,6A,j
5819,0016BB,0,00,
5820,0016BC,0,00,
5821,0016BD,0,00,
5822,0016BE,12,0C,
5823,0016BF,52,34,4
5824,0016C0,120,78,x
5825,0016C1,150,96,
5826,0016C2,107,6B,k
5827,0016C3,128,80,
5828,0016C4,0,00,
5829,0016C5,0,00,
5830,0016C6,14,0E,
5831,0016C7,52,34,4
5832,0016C8,120,78,x
5833,0016C9,150,96,
5834,0016CA,108,6C,l
5835,0016CB,0,00,
5836,0016CC,0,00,
5837,0016CD,0,00,
5838,0016CE,14,0E,
5839,0016CF,52,34,4
5840,0016D0,120,78,x
5841,0016D1,150,96,
5842,0016D2,109,6D,m
5843,0016D3,0,00,
5844,0016D4,0,00,
5845,0016D5,0,00,
5846,0016D6,15,0F,
5847,0016D7,52,34,4
5848,0016D8,120,78,x
5849,0016D9,150,96,
5850,0016DA,110,6E,n
5851,0016DB,128,80,
5852,0016DC,0,00,
5853,0016DD,0,00,
5854,0016DE,15,0F,
5855,0016DF,52,34,4
5856,0016E0,120,78,x
5857,0016E1,150,96,
5858,0016E2,111,6F,o
5859,0016E3,0,00,
5860,0016E4,0,00,
5861,0016E5,0,00,
5862,0016E6,15,0F,
5863,0016E7,52,34,4
5864,0016E8,120,78,x
5865,0016E9,150,96,
5866,0016EA,112,70,p
5867,0016EB,0,00,
5868,0016EC,0,00,
5869,0016ED,0,00,
5870,0016EE,15,0F,
5871,0016EF,52,34,4
5872,0016F0,120,78,x
5873,0016F1,150,96,
5874,0016F2,113,71,q
5875,0016F3,128,80,
5876,0016F4,0,00,
5877,0016F5,0,00,
5878,0016F6,15,0F,
5879,0016F7,52,34,4
5880,0016F8,120,78,x
5881,0016F9,150,96,
5882,0016FA,114,72,r
5883,0016FB,0,00,
5884,0016FC,0,00,
5885,0016FD,0,00,
5886,0016FE,15,0F,
5887,0016FF,52,34,4
5888,001700,120,78,x
5889,001701,150,96,
5890,001702,115,73,s
5891,001703,0,00,
5892,001704,0,00,
5893,001705,0,00,
5894,001706,15,0F,
5895,001707,52,34,4
5896,001708,120,78,x
5897,001709,150,96,
5898,00170A,116,74,t
5899,00170B,128,80,
5900,00170C,0,00,
5901,00170D,0,00,
5902,00170E,14,0E,
5903,00170F,52,34,4
5904,001710,120,78,x
5905,001711,150,96,
5906,001712,117,75,u
5907,001713,0,00,
5908,001714,0,00,
5909,001715,0,00,
5910,001716,12,0C,
5911,001717,52,34,4
5912,001718,120,78,x
5913,001719,150,96,
5914,00171A,118,76,v
5915,00171B,0,00,
5916,00171C,0,00,
5917,00171D,0,00,
5918,00171E,11,0B,
5919,00171F,52,34,4
5920,001720,120,78,x
5921,001721,150,96,
5922,001722,119,77,w
5923,001723,128,80,
5924,001724,0,00,
5925,001725,0,00,
5926,001726,10,0A,
5927,001727,52,34,4
5928,001728,120,78,x
5929,001729,150,96,
5930,00172A,120,78,x
5931,00172B,0,00,
5932,00172C,0,00,
5933,00172D,0,00,
5934,00172E,8,08,
5935,00172F,170,AA,
5936,001730,85,55,U
5937,001731,170,AA,
5938,001732,246,F6,
5939,001733,15,0F,
5940,001734,0,00,
5941,001735,23,17,
5942,001736,52,34,4
5943,001737,120,78,x
5944,001738,150,96,
5945,001739,121,79,y
5946,00173A,0,00,
5947,00173B,0,00,
5948,00173C,0,00,
5949,00173D,8,08,
5950,00173E,52,34,4
5951,00173F,120,78,x
5952,001740,150,96,
5953,001741,122,7A,z
5954,001742,128,80,
5955,001743,0,00,
5956,001744,0,00,
5957,001745,6,06,
5958,001746,52,34,4
5959,001747,120,78,x
5960,001748,150,96,
5961,001749,123,7B,{
5962,00174A,0,00,
5963,00174B,0,00,
5964,00174C,0,00,
5965,00174D,5,05,
5966,00174E,52,34,4
5967,00174F,120,78,x
5968,001750,150,96,
5969,001751,124,7C,|
5970,001752,0,00,
5971,001753,0,00,
5972,001754,0,00,
5973,001755,4,04,
5974,001756,52,34,4
5975,001757,120,78,x
5976,001758,150,96,
5977,001759,125,7D,}
5978,00175A,128,80,
5979,00175B,0,00,
5980,00175C,0,00,
5981,00175D,3,03,
5982,00175E,52,34,4
5983,00175F,120,78,x
5984,001760,150,96,
5985,001761,128,80,
5986,001762,0,00,
5987,001763,0,00,
5988,001764,0,00,
5989,001765,3,03,
5990,001766,52,34,4
5991,001767,120,78,x
5992,001768,150,96,
5993,001769,129,81,
5994,00176A,0,00,
5995,00176B,0,00,
5996,00176C,0,00,
5997,00176D,4,04,
5998,00176E,52,34,4
5999,00176F,120,78,x
6000,001770,150,96,
6001,001771,130,82,
6002,001772,128,80,
6003,001773,0,00,
6004,001774,0,00,
6005,001775,5,05,
6006,001776,52,34,4
6007,001777,120,78,x
6008,001778,150,96,
6009,001779,131,83,
6010,00177A,0,00,
6011,00177B,0,00,
6012,00177C,0,00,
6013,00177D,7,07,
6014,00177E,52,34,4
6015,00177F,120,78,x
6016,001780,150,96,
6017,001781,132,84,
6018,001782,0,00,
6019,001783,0,00,
6020,001784,0,00,
6021,001785,9,09,
6022,001786,52,34,4
6023,001787,120,78,x
6024,001788,150,96,
6025,001789,133,85,
6026,00178A,128,80,
6027,00178B,0,00,
6028,00178C,0,00,
6029,00178D,10,0A,
6030,00178E,52,34,4
6031,00178F,120,78,x
6032,001790,150,96,
6033,001791,134,86,
6034,001792,0,00,
6035,001793,0,00,
6036,001794,0,00,
6037,001795,11,0B,
6038,001796,52,34,4
6039,001797,120,78,x
6040,001798,150,96,
6041,001799,135,87,
6042,00179A,0,00,
6043,00179B,0,00,
6044,00179C,0,00,
6045,00179D,12,0C,
6046,00179E,52,34,4
6047,00179F,120,78,x
6048,0017A0,150,96,
6049,0017A1,136,88,
6050,0017A2,128,80,
6051,0017A3,0,00,
6052,0017A4,0,00,
6053,0017A5,14,0E,
6054,0017A6,52,34,4
6055,0017A7,120,78,x
6056,0017A8,150,96,
6057,0017A9,137,89,
6058,0017AA,0,00,
6059,0017AB,0,00,
6060,0017AC,0,00,
6061,0017AD,15,0F,
6062,0017AE,52,34,4
6063,0017AF,120,78,x
6064,0017B0,150,96,
6065,0017B1,138,8A,
6066,0017B2,0,00,
6067,0017B3,0,00,
6068,0017B4,0,00,
6069,0017B5,16,10,
6070,0017B6,52,34,4
6071,0017B7,120,78,x
6072,0017B8,150,96,
6073,0017B9,139,8B,
6074,0017BA,128,80,
6075,0017BB,0,00,
6076,0017BC,0,00,
6077,0017BD,16,10,
6078,0017BE,52,34,4
6079,0017BF,120,78,x
6080,0017C0,150,96,
6081,0017C1,140,8C,
6082,0017C2,0,00,
6083,0017C3,0,00,
6084,0017C4,0,00,
6085,0017C5,16,10,
6086,0017C6,52,34,4
6087,0017C7,120,78,x
6088,0017C8,150,96,
6089,0017C9,141,8D,
6090,0017CA,0,00,
6091,0017CB,0,00,
6092,0017CC,0,00,
6093,0017CD,15,0F,
6094,0017CE,52,34,4
6095,0017CF,120,78,x
6096,0017D0,150,96,
6097,0017D1,142,8E,
6098,0017D2,128,80,
6099,0017D3,0,00,
6100,0017D4,0,00,
6101,0017D5,13,0D,
6102,0017D6,52,34,4
6103,0017D7,120,78,x
6104,0017D8,150,96,
6105,0017D9,143,8F,
6106,0017DA,0,00,
6107,0017DB,0,00,
6108,0017DC,0,00,
6109,0017DD,12,0C,
6110,0017DE,52,34,4
6111,0017DF,120,78,x
6112,0017E0,150,96,
6113,0017E1,144,90,
6114,0017E2,0,00,
6115,0017E3,0,00,
6116,0017E4,0,00,
6117,0017E5,11,0B,
6118,0017E6,52,34,4
6119,0017E7,120,78,x
6120,0017E8,150,96,
6121,0017E9,145,91,
6122,0017EA,128,80,
6123,0017EB,0,00,
6124,0017EC,0,00,
6125,0017ED,8,08,
6126,0017EE,52,34,4
6127,0017EF,120,78,x
6128,0017F0,150,96,
6129,0017F1,146,92,
6130,0017F2,0,00,
6131,0017F3,0,00,
6132,0017F4,0,00,
6133,0017F5,8,08,
6134,0017F6,52,34,4
6135,0017F7,120,78,x
6136,0017F8,150,96,
6137,0017F9,147,93,
6138,0017FA,0,00,
6139,0017FB,0,00,
6140,0017FC,0,00,
6141,0017FD,7,07,
6142,0017FE,52,34,4
6143,0017FF,120,78,x
6144,001800,150,96,
6145,001801,148,94,
6146,001802,128,80,
6147,001803,0,00,
6148,001804,0,00,
6149,001805,6,06,
6150,001806,52,34,4
6151,001807,120,78,x
6152,001808,150,96,
6153,001809,149,95,
6154,00180A,0,00,
6155,00180B,0,00,
6156,00180C,0,00,
6157,00180D,6,06,
6158,00180E,52,34,4
6159,00180F,120,78,x
6160,001810,150,96,
6161,001811,150,96,
6162,001812,0,00,
6163,001813,0,00,
6164,001814,0,00,
6165,001815,6,06,
6166,001816,52,34,4
6167,001817,120,78,x
6168,001818,150,96,
6169,001819,151,97,
6170,00181A,128,80,
6171,00181B,0,00,
6172,00181C,0,00,
6173,00181D,7,07,
6174,00181E,52,34,4
6175,00181F,120,78,x
6176,001820,150,96,
6177,001821,152,98,
6178,001822,0,00,
6179,001823,0,00,
6180,001824,0,00,
6181,001825,7,07,
6182,001826,163,A3,
6183,001827,85,55,U
